id,do_no,field,old_value,new_value,reason,adjusted_by,adjusted_at,source
972,25373,net_kg,2570,3670,Weight adjustment +1100 kg (chit model: net = gross + adj - tare),zion,2026-09-16 06:41:53.239635+00,operator
12,43109,net_kg,3630,3600,3600,admin,2026-07-31 01:21:02.314872+00,operator
973,25375,net_kg,1210,1710,Weight adjustment +500 kg (chit model: net = gross + adj - tare),zion,2026-09-17 08:11:10.280992+00,operator
68,APP-T209,net_kg,8920,9920,Weight adjustment +1000 kg (chit model: net = gross + adj - tare),admin,2026-08-17 08:22:19.174746+00,operator
974,25099,net_kg,2110,2710,Weight adjustment +600 kg (chit model: net = gross + adj - tare),zion,2026-09-17 08:12:22.276512+00,operator
14,26065,net_kg,7710,7700,Weight correction (operator console),admin,2026-07-31 04:39:04.888932+00,operator
15,26065,net_kg,7710,7710,Weight correction (operator console),admin,2026-07-31 04:40:11.173156+00,operator
16,26095,net_kg,2040,2140,Weight adjustment +100 kg (chit model: net = gross + adj - tare),admin,2026-08-06 08:23:55.837113+00,operator
17,26095,net_kg,2040,2040,Weight adjustment -100 kg (chit model: net = gross + adj - tare),admin,2026-08-06 08:24:15.853138+00,operator
18,26095,net_kg,2040,2140,Weight adjustment +100 kg (chit model: net = gross + adj - tare),admin,2026-08-06 09:52:31.911278+00,operator
19,26095,net_kg,2040,2040,Weight adjustment -100 kg (chit model: net = gross + adj - tare),admin,2026-08-06 09:53:16.468341+00,operator
20,26095,net_kg,2040,2140,Weight adjustment +100 kg (chit model: net = gross + adj - tare),admin,2026-08-06 09:57:55.893805+00,operator
21,26095,net_kg,2040,2040,Weight adjustment -100 kg (chit model: net = gross + adj - tare),admin,2026-08-06 09:58:02.610972+00,operator
22,APP-T125,net_kg,3030,4530,Weight adjustment +1500 kg (chit model: net = gross + adj - tare),admin,2026-08-15 05:44:45.999251+00,operator
23,25255,net_kg,2380,3680,Weight adjustment +1300 kg (chit model: net = gross + adj - tare),admin,2026-08-15 06:11:01.514737+00,operator
24,25261,net_kg,2330,3630,Weight adjustment +1300 kg (chit model: net = gross + adj - tare),admin,2026-08-15 06:13:06.536827+00,operator
25,25257,net_kg,2330,3630,Weight adjustment +1300 kg (chit model: net = gross + adj - tare),admin,2026-08-15 06:15:50.660437+00,operator
26,25260,net_kg,750,1750,Weight adjustment +1000 kg (chit model: net = gross + adj - tare),admin,2026-08-15 06:16:42.317+00,operator
27,24662,net_kg,3480,6680,Weight adjustment +3200 kg (chit model: net = gross + adj - tare),admin,2026-08-15 06:19:50.543401+00,operator
28,24664,net_kg,1820,2820,Weight adjustment +1000 kg (chit model: net = gross + adj - tare),admin,2026-08-15 06:21:25.306913+00,operator
29,APP-T132,net_kg,3530,4830,Weight adjustment +1300 kg (chit model: net = gross + adj - tare),admin,2026-08-15 06:24:09.33988+00,operator
30,24654,net_kg,840,840,Weight adjustment 0 kg (chit model: net = gross + adj - tare),admin,2026-08-15 07:06:14.235233+00,operator
31,24654,net_kg,840,841,Weight adjustment +1 kg (chit model: net = gross + adj - tare),admin,2026-08-15 07:06:19.652722+00,operator
32,24654,net_kg,840,841,Weight adjustment 0 kg (chit model: net = gross + adj - tare),admin,2026-08-15 07:06:23.492583+00,operator
33,24654,net_kg,840,840,Weight adjustment -1 kg (chit model: net = gross + adj - tare),admin,2026-08-15 07:06:36.053054+00,operator
34,24654,net_kg,840,839,Weight adjustment -1 kg (chit model: net = gross + adj - tare),admin,2026-08-15 07:06:44.637796+00,operator
35,24654,net_kg,840,840,Weight adjustment +1 kg (chit model: net = gross + adj - tare),admin,2026-08-15 07:06:50.658075+00,operator
36,24653,net_kg,2520,3820,Weight adjustment +1300 kg (chit model: net = gross + adj - tare),admin,2026-08-15 07:10:13.542795+00,operator
37,24652,net_kg,2840,4140,Weight adjustment +1300 kg (chit model: net = gross + adj - tare),admin,2026-08-15 07:10:56.355351+00,operator
38,26096,net_kg,1630,2630,Weight adjustment +1000 kg (chit model: net = gross + adj - tare),admin,2026-08-15 07:12:06.557047+00,operator
39,APP-T90,net_kg,3360,4660,Weight adjustment +1300 kg (chit model: net = gross + adj - tare),admin,2026-08-15 07:17:20.943725+00,operator
40,26078,net_kg,5830,8930,Weight adjustment +3100 kg (chit model: net = gross + adj - tare),admin,2026-08-15 07:18:43.18952+00,operator
41,26079,net_kg,810,1810,Weight adjustment +1000 kg (chit model: net = gross + adj - tare),admin,2026-08-15 07:20:10.103276+00,operator
42,26083,net_kg,1330,2330,Weight adjustment +1000 kg (chit model: net = gross + adj - tare),admin,2026-08-15 07:20:39.588487+00,operator
43,26070,net_kg,6080,7280,Weight adjustment +1200 kg (chit model: net = gross + adj - tare),admin,2026-08-15 07:24:04.265969+00,operator
44,26072,net_kg,3180,4480,Weight adjustment +1300 kg (chit model: net = gross + adj - tare),admin,2026-08-15 07:25:33.378221+00,operator
45,APP-T187,net_kg,1480,2480,Weight adjustment +1000 kg (chit model: net = gross + adj - tare),admin,2026-08-17 07:12:15.662393+00,operator
46,26454,net_kg,1690,2690,Weight adjustment +1000 kg (chit model: net = gross + adj - tare),admin,2026-08-17 07:13:06.515028+00,operator
47,25264,net_kg,1790,3090,Weight adjustment +1300 kg (chit model: net = gross + adj - tare),admin,2026-08-17 07:14:31.883116+00,operator
48,25263,net_kg,1070,2270,Weight adjustment +1200 kg (chit model: net = gross + adj - tare),admin,2026-08-17 07:14:58.437553+00,operator
49,24671,net_kg,4450,5750,Weight adjustment +1300 kg (chit model: net = gross + adj - tare),admin,2026-08-17 07:15:42.887764+00,operator
50,24668,net_kg,2260,3560,Weight adjustment +1300 kg (chit model: net = gross + adj - tare),admin,2026-08-17 07:17:25.805655+00,operator
51,24666,net_kg,1600,2600,Weight adjustment +1000 kg (chit model: net = gross + adj - tare),admin,2026-08-17 07:18:33.113679+00,operator
53,APP-T165,net_kg,1970,3070,Weight adjustment +1100 kg (chit model: net = gross + adj - tare),admin,2026-08-17 07:50:51.86796+00,operator
54,APP-T166,net_kg,2440,3640,Weight adjustment +1200 kg (chit model: net = gross + adj - tare),admin,2026-08-17 07:51:17.060443+00,operator
55,APP-T214,net_kg,2450,3450,Weight adjustment +1000 kg (chit model: net = gross + adj - tare),admin,2026-08-17 08:00:42.437841+00,operator
56,APP-T190,net_kg,1970,2970,Weight adjustment +1000 kg (chit model: net = gross + adj - tare),admin,2026-08-17 08:02:27.57175+00,operator
57,APP-T220,net_kg,2580,3680,Weight adjustment +1100 kg (chit model: net = gross + adj - tare),admin,2026-08-17 08:05:22.005783+00,operator
58,26461,net_kg,9700,11700,Weight adjustment +2000 kg (chit model: net = gross + adj - tare),admin,2026-08-17 08:06:01.769906+00,operator
59,APP-T207,net_kg,1530,2530,Weight adjustment +1000 kg (chit model: net = gross + adj - tare),admin,2026-08-17 08:07:02.806098+00,operator
60,25275,net_kg,2520,3520,Weight adjustment +1000 kg (chit model: net = gross + adj - tare),admin,2026-08-17 08:08:13.35285+00,operator
61,25273,net_kg,2090,3090,Weight adjustment +1000 kg (chit model: net = gross + adj - tare),admin,2026-08-17 08:09:53.053914+00,operator
62,APP-T221,net_kg,1720,2720,Weight adjustment +1000 kg (chit model: net = gross + adj - tare),admin,2026-08-17 08:10:43.609582+00,operator
63,APP-T191,net_kg,2650,3850,Weight adjustment +1200 kg (chit model: net = gross + adj - tare),admin,2026-08-17 08:13:44.451738+00,operator
64,APP-T192,net_kg,2120,3320,Weight adjustment +1200 kg (chit model: net = gross + adj - tare),admin,2026-08-17 08:14:39.107789+00,operator
65,APP-T218,net_kg,2210,3410,Weight adjustment +1200 kg (chit model: net = gross + adj - tare),admin,2026-08-17 08:16:42.600667+00,operator
66,APP-T207,net_kg,1530,1530,Weight adjustment -1000 kg (chit model: net = gross + adj - tare),admin,2026-08-17 08:19:50.756645+00,operator
67,APP-T190,net_kg,1970,2970,Weight adjustment 0 kg (chit model: net = gross + adj - tare),admin,2026-08-17 08:20:10.063286+00,operator
69,25279,net_kg,1320,2320,Weight adjustment +1000 kg (chit model: net = gross + adj - tare),admin,2026-08-18 08:14:07.957587+00,operator
70,24681,net_kg,1550,1850,Weight adjustment +300 kg (chit model: net = gross + adj - tare),admin,2026-08-18 08:17:00.884654+00,operator
71,24678,net_kg,3730,5030,Weight adjustment +1300 kg (chit model: net = gross + adj - tare),admin,2026-08-18 08:17:20.728692+00,operator
72,24679,net_kg,3400,4600,Weight adjustment +1200 kg (chit model: net = gross + adj - tare),admin,2026-08-18 08:17:33.422372+00,operator
73,24675,net_kg,7370,8870,Weight adjustment +1500 kg (chit model: net = gross + adj - tare),admin,2026-08-18 08:17:48.646785+00,operator
74,APP-T239,net_kg,2390,3590,Weight adjustment +1200 kg (chit model: net = gross + adj - tare),admin,2026-08-18 08:24:56.498899+00,operator
75,APP-T240,net_kg,2930,4230,Weight adjustment +1300 kg (chit model: net = gross + adj - tare),admin,2026-08-18 08:25:38.011454+00,operator
76,24684,net_kg,2730,3830,Weight adjustment +1100 kg (chit model: net = gross + adj - tare),admin,2026-08-18 08:31:23.181273+00,operator
77,24685,net_kg,3750,6750,Weight adjustment +3000 kg (chit model: net = gross + adj - tare),admin,2026-08-18 08:32:24.031241+00,operator
78,24687,net_kg,780,1780,Weight adjustment +1000 kg (chit model: net = gross + adj - tare),admin,2026-08-18 08:33:43.964298+00,operator
79,APP-T249,net_kg,1910,3010,Weight adjustment +1100 kg (chit model: net = gross + adj - tare),admin,2026-08-18 08:38:23.559565+00,operator
80,APP-T248,net_kg,2870,4070,Weight adjustment +1200 kg (chit model: net = gross + adj - tare),admin,2026-08-18 08:39:07.479184+00,operator
81,APP-T247,net_kg,3310,4610,Weight adjustment +1300 kg (chit model: net = gross + adj - tare),admin,2026-08-18 08:39:35.918+00,operator
82,APP-T255,net_kg,2670,3870,Weight adjustment +1200 kg (chit model: net = gross + adj - tare),admin,2026-08-18 08:42:00.837143+00,operator
83,APP-T256,net_kg,1810,2910,Weight adjustment +1100 kg (chit model: net = gross + adj - tare),admin,2026-08-18 08:42:58.110696+00,operator
84,APP-T254,net_kg,3050,4350,Weight adjustment +1300 kg (chit model: net = gross + adj - tare),admin,2026-08-18 08:43:23.428736+00,operator
85,APP-T257,net_kg,3430,4730,Weight adjustment +1300 kg (chit model: net = gross + adj - tare),admin,2026-08-18 08:43:52.337566+00,operator
86,24712,net_kg,1670,1570,Weight adjustment -100 kg (chit model: net = gross + adj - tare),admin,2026-08-20 04:52:21.315011+00,operator
87,24712,net_kg,1670,1670,Weight adjustment +100 kg (chit model: net = gross + adj - tare),admin,2026-08-20 04:53:10.015906+00,operator
88,24690,net_kg,3680,6680,Weight adjustment +3000 kg (chit model: net = gross + adj - tare),admin,2026-08-21 02:16:11.436841+00,operator
89,26466,net_kg,1920,3220,Weight adjustment +1300 kg (chit model: net = gross + adj - tare),admin,2026-08-21 02:17:37.651026+00,operator
90,24695,net_kg,1730,3730,Weight adjustment +2000 kg (chit model: net = gross + adj - tare),admin,2026-08-21 04:06:50.07625+00,operator
91,24696,net_kg,1830,3030,Weight adjustment +1200 kg (chit model: net = gross + adj - tare),admin,2026-08-21 04:07:21.333921+00,operator
92,24697,net_kg,7700,9700,Weight adjustment +2000 kg (chit model: net = gross + adj - tare),admin,2026-08-21 04:09:27.89343+00,operator
94,APP-T292,net_kg,3580,7580,Weight adjustment +4000 kg (chit model: net = gross + adj - tare),admin,2026-08-21 04:12:21.138574+00,operator
95,26469,net_kg,2670,3770,Weight adjustment +1100 kg (chit model: net = gross + adj - tare),admin,2026-08-21 05:05:56.076819+00,operator
96,26471,net_kg,2370,3570,Weight adjustment +1200 kg (chit model: net = gross + adj - tare),admin,2026-08-21 05:06:54.387077+00,operator
97,26470,net_kg,1830,2930,Weight adjustment +1100 kg (chit model: net = gross + adj - tare),admin,2026-08-21 05:08:07.452574+00,operator
98,26470,net_kg,1830,2930,Weight adjustment +1100 kg (chit model: net = gross + adj - tare),admin,2026-08-21 05:08:19.941191+00,operator
99,26472,net_kg,2160,3460,Weight adjustment +1300 kg (chit model: net = gross + adj - tare),admin,2026-08-21 05:09:26.73691+00,operator
100,26468,net_kg,1680,2680,Weight adjustment +1000 kg (chit model: net = gross + adj - tare),admin,2026-08-21 05:10:28.603128+00,operator
101,26476,net_kg,3580,5080,Weight adjustment +1500 kg (chit model: net = gross + adj - tare),admin,2026-08-24 06:25:38.307717+00,operator
102,26480,net_kg,1870,3170,Weight adjustment +1300 kg (chit model: net = gross + adj - tare),admin,2026-08-24 06:27:49.779947+00,operator
103,24702,net_kg,2750,3850,Weight adjustment +1100 kg (chit model: net = gross + adj - tare),admin,2026-08-24 06:30:06.655214+00,operator
104,24702,net_kg,2750,3850,Weight adjustment +1100 kg (chit model: net = gross + adj - tare),admin,2026-08-24 06:30:18.908894+00,operator
105,24705,net_kg,3430,4730,Weight adjustment +1300 kg (chit model: net = gross + adj - tare),admin,2026-08-24 06:31:12.888834+00,operator
106,APP-T307,net_kg,2180,3480,Weight adjustment +1300 kg (chit model: net = gross + adj - tare),admin,2026-08-24 06:32:26.549621+00,operator
107,24707,net_kg,2030,2230,Weight adjustment +200 kg (chit model: net = gross + adj - tare),admin,2026-08-24 06:32:56.911092+00,operator
108,24707,net_kg,2030,4230,Weight adjustment +2000 kg (chit model: net = gross + adj - tare),admin,2026-08-24 06:33:03.558795+00,operator
109,24707,net_kg,2030,4030,Weight adjustment -200 kg (chit model: net = gross + adj - tare),admin,2026-08-24 06:33:08.9707+00,operator
110,24711,net_kg,1180,1980,Weight adjustment +800 kg (chit model: net = gross + adj - tare),admin,2026-08-24 06:42:06.393456+00,operator
111,24712,net_kg,1670,2470,Weight adjustment +800 kg (chit model: net = gross + adj - tare),admin,2026-08-24 06:45:58.873928+00,operator
112,24712,net_kg,1670,2470,Weight adjustment +800 kg (chit model: net = gross + adj - tare),admin,2026-08-24 06:46:01.586942+00,operator
113,24712,net_kg,1670,2470,Weight adjustment +800 kg (chit model: net = gross + adj - tare),admin,2026-08-24 06:46:02.634794+00,operator
114,24724,net_kg,3550,4750,Weight adjustment +1200 kg (chit model: net = gross + adj - tare),admin,2026-08-26 06:05:54.030777+00,operator
117,26491,net_kg,3840,5140,Weight adjustment +1300 kg (chit model: net = gross + adj - tare),admin,2026-08-26 06:11:27.004514+00,operator
118,26487,net_kg,1470,1970,Weight adjustment +500 kg (chit model: net = gross + adj - tare),admin,2026-08-26 06:15:09.194721+00,operator
120,26495,net_kg,2390,3690,Weight adjustment +1300 kg (chit model: net = gross + adj - tare),admin,2026-08-26 06:39:20.045526+00,operator
121,26496,net_kg,2090,3390,Weight adjustment +1300 kg (chit model: net = gross + adj - tare),admin,2026-08-26 06:40:22.3625+00,operator
122,26498,net_kg,2450,3650,Weight adjustment +1200 kg (chit model: net = gross + adj - tare),admin,2026-08-26 06:40:59.798992+00,operator
123,26497,net_kg,3280,4080,Weight adjustment +800 kg (chit model: net = gross + adj - tare),admin,2026-08-26 06:42:48.504436+00,operator
124,26492,net_kg,1890,2890,Weight adjustment +1000 kg (chit model: net = gross + adj - tare),admin,2026-08-26 06:43:45.658895+00,operator
116,24718,net_kg,3720,6820,Weight adjustment +3100 kg (chit model: net = gross + adj - tare),admin,2026-08-26 06:08:02.575796+00,operator
119,STE-DS-43310,net_kg,5520,7020,Weight adjustment +1500 kg (chit model: net = gross + adj - tare),admin,2026-08-26 06:20:11.6471+00,operator
93,24701,net_kg,3330,4630,Weight adjustment +1300 kg (chit model: net = gross + adj - tare),admin,2026-08-21 04:11:37.400942+00,operator
126,25301,net_kg,1790,2590,Weight adjustment +800 kg (chit model: net = gross + adj - tare),admin,2026-08-27 07:40:25.909554+00,operator
127,25302,net_kg,2460,3760,Weight adjustment +1300 kg (chit model: net = gross + adj - tare),admin,2026-08-27 07:42:08.252882+00,operator
128,25303,net_kg,2040,3340,Weight adjustment +1300 kg (chit model: net = gross + adj - tare),admin,2026-08-27 07:42:47.661521+00,operator
129,24740,net_kg,1830,3030,Weight adjustment +1200 kg (chit model: net = gross + adj - tare),admin,2026-08-27 07:44:59.798579+00,operator
130,24741,net_kg,1350,2150,Weight adjustment +800 kg (chit model: net = gross + adj - tare),admin,2026-08-27 07:45:40.771508+00,operator
132,24735,net_kg,1320,2320,Weight adjustment +1000 kg (chit model: net = gross + adj - tare),admin,2026-08-27 07:47:11.167154+00,operator
133,24736,net_kg,3680,4980,Weight adjustment +1300 kg (chit model: net = gross + adj - tare),admin,2026-08-27 07:47:28.831458+00,operator
134,25316,net_kg,2240,3540,Weight adjustment +1300 kg (chit model: net = gross + adj - tare),admin,2026-08-27 07:53:42.20555+00,operator
135,25312,net_kg,1690,2690,Weight adjustment +1000 kg (chit model: net = gross + adj - tare),admin,2026-08-27 07:55:05.8438+00,operator
136,25313,net_kg,2730,4030,Weight adjustment +1300 kg (chit model: net = gross + adj - tare),admin,2026-08-27 07:55:40.332048+00,operator
137,25323,net_kg,3570,5570,Weight adjustment +2000 kg (chit model: net = gross + adj - tare),admin,2026-08-31 04:57:17.922085+00,operator
140,25628,net_kg,3110,6110,Weight adjustment +3000 kg (chit model: net = gross + adj - tare),admin,2026-08-31 07:03:41.000666+00,operator
141,APP-T406,net_kg,4920,6420,Weight adjustment +1500 kg (chit model: net = gross + adj - tare),admin,2026-08-31 07:04:36.838853+00,operator
142,APP-T407,net_kg,4340,5740,Weight adjustment +1400 kg (chit model: net = gross + adj - tare),admin,2026-08-31 07:04:49.687778+00,operator
143,APP-T409,net_kg,2480,3680,Weight adjustment +1200 kg (chit model: net = gross + adj - tare),admin,2026-08-31 07:05:01.765365+00,operator
145,25333,net_kg,2890,4190,Weight adjustment +1300 kg (chit model: net = gross + adj - tare),admin,2026-08-31 08:22:46.604313+00,operator
149,24909,net_kg,3770,6870,Weight adjustment +3100 kg (chit model: net = gross + adj - tare),admin,2026-08-31 08:29:06.822583+00,operator
152,APP-T423,net_kg,4680,6080,Weight adjustment +1400 kg (chit model: net = gross + adj - tare),admin,2026-08-31 08:31:06.501076+00,operator
153,APP-T424,net_kg,4340,5740,Weight adjustment +1400 kg (chit model: net = gross + adj - tare),admin,2026-08-31 08:31:23.030878+00,operator
154,24915,net_kg,1430,2430,Weight adjustment +1000 kg (chit model: net = gross + adj - tare),admin,2026-08-31 08:31:50.391752+00,operator
155,24913,net_kg,2800,4000,Weight adjustment +1200 kg (chit model: net = gross + adj - tare),admin,2026-08-31 08:32:32.261175+00,operator
156,25337,net_kg,2420,5420,Weight adjustment +3000 kg (chit model: net = gross + adj - tare),admin,2026-08-31 08:53:41.963928+00,operator
157,24919,net_kg,1480,1980,Weight adjustment +500 kg (chit model: net = gross + adj - tare),admin,2026-08-31 08:55:15.031106+00,operator
159,24374,net_kg,3570,4870,Weight adjustment +1300 kg (chit model: net = gross + adj - tare),admin,2026-08-31 08:57:48.703644+00,operator
139,24906,net_kg,3580,6680,Weight adjustment +3100 kg (chit model: net = gross + adj - tare),admin,2026-08-31 06:53:52.084058+00,operator
138,24902,net_kg,1350,2150,Weight adjustment +800 kg (chit model: net = gross + adj - tare),admin,2026-08-31 05:28:35.199959+00,operator
144,24907,net_kg,1350,2350,Weight adjustment +1000 kg (chit model: net = gross + adj - tare),admin,2026-08-31 07:08:43.436699+00,operator
146,24914,net_kg,2440,3740,Weight adjustment +1300 kg (chit model: net = gross + adj - tare),admin,2026-08-31 08:25:55.983664+00,operator
147,24917,net_kg,2110,3410,Weight adjustment +1300 kg (chit model: net = gross + adj - tare),admin,2026-08-31 08:27:10.867775+00,operator
158,24922,net_kg,4620,6220,Weight adjustment +1600 kg (chit model: net = gross + adj - tare),admin,2026-08-31 08:56:51.058976+00,operator
161,24926,net_kg,1480,2580,Weight adjustment +1100 kg (chit model: net = gross + adj - tare),admin,2026-08-31 08:58:39.019965+00,operator
160,24925,net_kg,3880,5180,Weight adjustment +1300 kg (chit model: net = gross + adj - tare),admin,2026-08-31 08:58:19.026205+00,operator
150,24911,net_kg,1750,2750,Weight adjustment +1000 kg (chit model: net = gross + adj - tare),admin,2026-08-31 08:30:12.400538+00,operator
115,24725,net_kg,4250,7450,Weight adjustment +3200 kg (chit model: net = gross + adj - tare),admin,2026-08-26 06:06:40.388704+00,operator
131,24734,net_kg,3580,4780,Weight adjustment +1200 kg (chit model: net = gross + adj - tare),admin,2026-08-27 07:46:29.836947+00,operator
125,STE-DS-43317,net_kg,3610,4910,Weight adjustment +1300 kg (chit model: net = gross + adj - tare),admin,2026-08-26 06:45:03.252037+00,operator
148,24916,net_kg,2250,3350,Weight adjustment +1100 kg (chit model: net = gross + adj - tare),admin,2026-08-31 08:28:25.65188+00,operator
151,24910,net_kg,2600,3600,Weight adjustment +1000 kg (chit model: net = gross + adj - tare),admin,2026-08-31 08:30:34.709313+00,operator
52,26099,net_kg,1840,3140,Weight adjustment +1300 kg (chit model: net = gross + adj - tare),admin,2026-08-17 07:40:54.590859+00,operator
162,24933,net_kg,11260,12760,Weight adjustment +1500 kg (chit model: net = gross + adj - tare),admin,2026-09-02 01:05:13.988629+00,operator
163,25342,net_kg,2560,3560,Weight adjustment +1000 kg (chit model: net = gross + adj - tare),admin,2026-09-02 01:06:20.961753+00,operator
164,25343,net_kg,2170,2770,Weight adjustment +600 kg (chit model: net = gross + adj - tare),admin,2026-09-02 01:06:37.21079+00,operator
165,24328,net_kg,2720,3820,Weight adjustment +1100 kg (chit model: net = gross + adj - tare),admin,2026-09-02 01:07:24.234954+00,operator
166,24920,net_kg,2680,3680,Weight adjustment +1000 kg (chit model: net = gross + adj - tare),admin,2026-09-02 01:08:00.962408+00,operator
167,24931,net_kg,2480,3580,Weight adjustment +1100 kg (chit model: net = gross + adj - tare),admin,2026-09-02 01:09:15.231899+00,operator
168,74934,net_kg,2270,4270,Weight adjustment +2000 kg (chit model: net = gross + adj - tare),admin,2026-09-02 01:10:14.447141+00,operator
169,24930,net_kg,3730,5730,Weight adjustment +2000 kg (chit model: net = gross + adj - tare),admin,2026-09-02 01:10:43.435714+00,operator
832,7006141109,net_kg,14.9,23444.9,Weight adjustment +23430 kg (chit model: net = gross + adj - tare),admin,2026-09-08 02:14:24.907729+00,operator
833,7006141109,net_kg,14.9,14.9,Weight adjustment -23430 kg (chit model: net = gross + adj - tare),admin,2026-09-08 02:14:34.82422+00,operator
834,7006141109,net_kg,7390,7390,Weight adjustment +7375.1 kg (chit model: net = gross + adj - tare),admin,2026-09-08 02:15:18.857679+00,operator
835,25010,net_kg,2090,3390,Weight adjustment +1300 kg (chit model: net = gross + adj - tare),zion,2026-09-09 01:48:11.408626+00,operator
836,25015,net_kg,4350,7350,Weight adjustment +3000 kg (chit model: net = gross + adj - tare),zion,2026-09-09 02:10:54.449911+00,operator
837,25016,net_kg,1990,3490,Weight adjustment +1500 kg (chit model: net = gross + adj - tare),zion,2026-09-09 02:11:41.173823+00,operator
838,24942,net_kg,4180,7380,Weight adjustment +3200 kg (chit model: net = gross + adj - tare),zion,2026-09-09 02:15:42.68157+00,operator
839,25644,net_kg,2260,3560,Weight adjustment +1300 kg (chit model: net = gross + adj - tare),zion,2026-09-09 02:17:37.092623+00,operator
840,25645,net_kg,1860,2560,Weight adjustment +700 kg (chit model: net = gross + adj - tare),zion,2026-09-09 02:18:54.171961+00,operator
841,25646,net_kg,2870,4170,Weight adjustment +1300 kg (chit model: net = gross + adj - tare),zion,2026-09-09 02:19:44.656942+00,operator
842,25647,net_kg,1640,2640,Weight adjustment +1000 kg (chit model: net = gross + adj - tare),zion,2026-09-09 02:20:59.309406+00,operator
843,24946,net_kg,2150,3150,Weight adjustment +1000 kg (chit model: net = gross + adj - tare),zion,2026-09-09 02:22:48.892669+00,operator
844,24947,net_kg,3350,4350,Weight adjustment +1000 kg (chit model: net = gross + adj - tare),zion,2026-09-09 02:24:24.771854+00,operator
845,43375,net_kg,2950,4250,Weight adjustment +1300 kg (chit model: net = gross + adj - tare),zion,2026-09-09 02:26:35.830123+00,operator
846,43376,net_kg,4260,5660,Weight adjustment +1400 kg (chit model: net = gross + adj - tare),zion,2026-09-09 02:33:14.772719+00,operator
847,43377,net_kg,2750,3950,Weight adjustment +1200 kg (chit model: net = gross + adj - tare),zion,2026-09-09 02:36:44.707988+00,operator
848,43378,net_kg,3780,5080,Weight adjustment +1300 kg (chit model: net = gross + adj - tare),zion,2026-09-09 02:37:58.038631+00,operator
849,25011,net_kg,3510,4810,Weight adjustment +1300 kg (chit model: net = gross + adj - tare),zion,2026-09-09 02:45:05.696432+00,operator
850,25012,net_kg,2550,3750,Weight adjustment +1200 kg (chit model: net = gross + adj - tare),zion,2026-09-09 02:45:57.129264+00,operator
851,25013,net_kg,3840,5140,Weight adjustment +1300 kg (chit model: net = gross + adj - tare),zion,2026-09-09 02:46:47.607768+00,operator
852,25649,net_kg,3040,4040,Weight adjustment +1000 kg (chit model: net = gross + adj - tare),zion,2026-09-09 02:53:58.944427+00,operator
853,25648,net_kg,1890,2990,Weight adjustment +1100 kg (chit model: net = gross + adj - tare),zion,2026-09-09 02:57:30.605796+00,operator
854,25650,net_kg,2570,3870,Weight adjustment +1300 kg (chit model: net = gross + adj - tare),zion,2026-09-09 02:59:11.770978+00,operator
855,24951,net_kg,2780,4080,Weight adjustment +1300 kg (chit model: net = gross + adj - tare),zion,2026-09-09 03:02:58.056401+00,operator
856,25022,net_kg,1890,3890,Weight adjustment +2000 kg (chit model: net = gross + adj - tare),zion,2026-09-09 03:14:04.588238+00,operator
857,25023,net_kg,3180,5180,Weight adjustment +2000 kg (chit model: net = gross + adj - tare),zion,2026-09-09 03:15:29.996091+00,operator
858,25018,net_kg,2360,3660,Weight adjustment +1300 kg (chit model: net = gross + adj - tare),zion,2026-09-09 03:16:36.152616+00,operator
859,25481,net_kg,3720,5020,Weight adjustment +1300 kg (chit model: net = gross + adj - tare),zion,2026-09-09 03:22:57.602918+00,operator
860,25480,net_kg,3330,4530,Weight adjustment +1200 kg (chit model: net = gross + adj - tare),zion,2026-09-09 03:25:25.306381+00,operator
861,43385,net_kg,2670,3870,Weight adjustment +1200 kg (chit model: net = gross + adj - tare),zion,2026-09-09 03:34:48.502398+00,operator
862,25021,net_kg,2090,3290,Weight adjustment +1200 kg (chit model: net = gross + adj - tare),zion,2026-09-09 03:37:36.729954+00,operator
863,25024,net_kg,4420,5820,Weight adjustment +1400 kg (chit model: net = gross + adj - tare),zion,2026-09-09 03:38:29.300654+00,operator
864,24859,net_kg,1630,2630,Weight adjustment +1000 kg (chit model: net = gross + adj - tare),zion,2026-09-09 03:44:13.849049+00,operator
865,24857,net_kg,1850,2850,Weight adjustment +1000 kg (chit model: net = gross + adj - tare),zion,2026-09-09 03:46:29.965289+00,operator
866,24858,net_kg,3580,5080,Weight adjustment +1500 kg (chit model: net = gross + adj - tare),zion,2026-09-09 03:48:45.372593+00,operator
867,24864,net_kg,2300,3600,Weight adjustment +1300 kg (chit model: net = gross + adj - tare),zion,2026-09-09 03:51:37.629563+00,operator
868,24865,net_kg,2270,3570,Weight adjustment +1300 kg (chit model: net = gross + adj - tare),zion,2026-09-09 03:53:55.715852+00,operator
869,24863,net_kg,3250,4550,Weight adjustment +1300 kg (chit model: net = gross + adj - tare),zion,2026-09-09 03:57:01.939161+00,operator
870,24952,net_kg,2700,3800,Weight adjustment +1100 kg (chit model: net = gross + adj - tare),zion,2026-09-09 04:01:18.351167+00,operator
871,24954,net_kg,2520,3520,Weight adjustment +1000 kg (chit model: net = gross + adj - tare),zion,2026-09-09 04:05:59.047486+00,operator
873,24956,net_kg,1280,3280,Weight adjustment +2000 kg (chit model: net = gross + adj - tare),zion,2026-09-09 04:10:55.699632+00,operator
872,249550,net_kg,2260,3260,Weight adjustment +1000 kg (chit model: net = gross + adj - tare),zion,2026-09-09 04:09:08.518766+00,operator
874,249550,net_kg,2260,2260,Weight adjustment -1000 kg (chit model: net = gross + adj - tare),zion,2026-09-09 04:18:52.378053+00,operator
875,24955,net_kg,2260,3260,Weight adjustment +1000 kg (chit model: net = gross + adj - tare),zion,2026-09-09 04:21:41.351678+00,operator
876,25027,net_kg,7010,9010,Weight adjustment +2000 kg (chit model: net = gross + adj - tare),zion,2026-09-09 04:23:44.040413+00,operator
877,25028,net_kg,3540,6640,Weight adjustment +3100 kg (chit model: net = gross + adj - tare),zion,2026-09-09 04:25:40.168645+00,operator
878,25031,net_kg,3220,4520,Weight adjustment +1300 kg (chit model: net = gross + adj - tare),zion,2026-09-09 04:27:06.244612+00,operator
879,25032,net_kg,2490,3790,Weight adjustment +1300 kg (chit model: net = gross + adj - tare),zion,2026-09-09 04:28:39.10881+00,operator
880,25033,net_kg,1640,2940,Weight adjustment +1300 kg (chit model: net = gross + adj - tare),zion,2026-09-09 04:29:26.090729+00,operator
881,25029,net_kg,3480,4780,Weight adjustment +1300 kg (chit model: net = gross + adj - tare),zion,2026-09-09 04:34:32.945171+00,operator
882,25030,net_kg,2210,3410,Weight adjustment +1200 kg (chit model: net = gross + adj - tare),zion,2026-09-09 04:35:09.343852+00,operator
883,24869,net_kg,2280,3580,Weight adjustment +1300 kg (chit model: net = gross + adj - tare),zion,2026-09-09 04:39:14.168389+00,operator
884,24870,net_kg,2490,3790,Weight adjustment +1300 kg (chit model: net = gross + adj - tare),zion,2026-09-09 04:41:20.792427+00,operator
885,24871,net_kg,1430,2430,Weight adjustment +1000 kg (chit model: net = gross + adj - tare),zion,2026-09-09 04:45:53.476056+00,operator
886,24872,net_kg,2330,3630,Weight adjustment +1300 kg (chit model: net = gross + adj - tare),zion,2026-09-09 04:48:47.200003+00,operator
887,24961,net_kg,4120,5220,Weight adjustment +1100 kg (chit model: net = gross + adj - tare),zion,2026-09-09 04:49:46.507197+00,operator
888,25485,net_kg,1830,2830,Weight adjustment +1000 kg (chit model: net = gross + adj - tare),zion,2026-09-09 04:54:23.414336+00,operator
889,25484,net_kg,2810,3810,Weight adjustment +1000 kg (chit model: net = gross + adj - tare),zion,2026-09-09 04:56:05.189363+00,operator
890,25035,net_kg,1190,1990,Weight adjustment +800 kg (chit model: net = gross + adj - tare),zion,2026-09-09 05:00:43.425925+00,operator
891,25038,net_kg,690,990,Weight adjustment +300 kg (chit model: net = gross + adj - tare),zion,2026-09-09 05:01:20.292902+00,operator
892,25036,net_kg,4260,5660,Weight adjustment +1400 kg (chit model: net = gross + adj - tare),zion,2026-09-09 05:11:14.988867+00,operator
893,25037,net_kg,1650,2750,Weight adjustment +1100 kg (chit model: net = gross + adj - tare),zion,2026-09-09 05:12:01.714644+00,operator
894,43395,net_kg,2140,3340,Weight adjustment +1200 kg (chit model: net = gross + adj - tare),zion,2026-09-09 05:15:09.318018+00,operator
895,43396,net_kg,2220,3420,Weight adjustment +1200 kg (chit model: net = gross + adj - tare),zion,2026-09-09 05:16:58.491444+00,operator
896,25043,net_kg,2840,4840,Weight adjustment +2000 kg (chit model: net = gross + adj - tare),zion,2026-09-09 05:19:02.626945+00,operator
897,24966,net_kg,2380,3580,Weight adjustment +1200 kg (chit model: net = gross + adj - tare),zion,2026-09-09 05:33:49.503218+00,operator
898,25051,net_kg,3520,5020,Weight adjustment +1500 kg (chit model: net = gross + adj - tare),zion,2026-09-09 05:39:54.746598+00,operator
899,25486,net_kg,4660,5660,Weight adjustment +1000 kg (chit model: net = gross + adj - tare),zion,2026-09-09 05:53:34.840792+00,operator
900,25488,net_kg,3490,4490,Weight adjustment +1000 kg (chit model: net = gross + adj - tare),zion,2026-09-09 05:55:48.055419+00,operator
901,43398,net_kg,3580,4880,Weight adjustment +1300 kg (chit model: net = gross + adj - tare),zion,2026-09-09 06:02:00.653881+00,operator
902,43400,net_kg,3060,4360,Weight adjustment +1300 kg (chit model: net = gross + adj - tare),zion,2026-09-09 06:03:28.694488+00,operator
903,43401,net_kg,2380,3580,Weight adjustment +1200 kg (chit model: net = gross + adj - tare),zion,2026-09-09 06:05:37.434896+00,operator
904,43402,net_kg,3230,4530,Weight adjustment +1300 kg (chit model: net = gross + adj - tare),zion,2026-09-09 06:07:45.172429+00,operator
905,43406,net_kg,3350,4650,Weight adjustment +1300 kg (chit model: net = gross + adj - tare),zion,2026-09-09 06:09:38.872567+00,operator
906,43408,net_kg,2480,3680,Weight adjustment +1200 kg (chit model: net = gross + adj - tare),zion,2026-09-09 06:12:48.470292+00,operator
907,25489,net_kg,4130,7130,Weight adjustment +3000 kg (chit model: net = gross + adj - tare),zion,2026-09-09 06:43:57.185409+00,operator
908,43410,net_kg,3380,4680,Weight adjustment +1300 kg (chit model: net = gross + adj - tare),zion,2026-09-09 06:47:47.594062+00,operator
909,43411,net_kg,3030,4330,Weight adjustment +1300 kg (chit model: net = gross + adj - tare),zion,2026-09-09 06:50:02.487172+00,operator
910,43412,net_kg,3550,4850,Weight adjustment +1300 kg (chit model: net = gross + adj - tare),zion,2026-09-09 06:51:20.621808+00,operator
911,43413,net_kg,2520,3720,Weight adjustment +1200 kg (chit model: net = gross + adj - tare),zion,2026-09-09 06:52:30.307206+00,operator
912,25491,net_kg,2660,3660,Weight adjustment +1000 kg (chit model: net = gross + adj - tare),zion,2026-09-11 05:38:05.582125+00,operator
913,25496,net_kg,3780,5180,Weight adjustment +1400 kg (chit model: net = gross + adj - tare),zion,2026-09-11 05:44:54.857972+00,operator
914,24883,net_kg,2580,3880,Weight adjustment +1300 kg (chit model: net = gross + adj - tare),zion,2026-09-11 06:01:02.954837+00,operator
915,24885,net_kg,3820,5120,Weight adjustment +1300 kg (chit model: net = gross + adj - tare),zion,2026-09-11 06:03:04.872985+00,operator
916,24881,net_kg,3250,4550,Weight adjustment +1300 kg (chit model: net = gross + adj - tare),zion,2026-09-11 06:11:04.393365+00,operator
917,24884,net_kg,2250,3550,Weight adjustment +1300 kg (chit model: net = gross + adj - tare),zion,2026-09-11 06:13:01.644187+00,operator
918,24880,net_kg,3640,4840,Weight adjustment +1200 kg (chit model: net = gross + adj - tare),zion,2026-09-11 06:14:53.869633+00,operator
919,25060,net_kg,1910,3910,Weight adjustment +2000 kg (chit model: net = gross + adj - tare),zion,2026-09-11 06:18:34.152598+00,operator
920,25063,net_kg,2410,3710,Weight adjustment +1300 kg (chit model: net = gross + adj - tare),zion,2026-09-11 06:20:03.041023+00,operator
921,25064,net_kg,1820,3120,Weight adjustment +1300 kg (chit model: net = gross + adj - tare),zion,2026-09-11 06:21:47.028047+00,operator
922,25066,net_kg,2310,3610,Weight adjustment +1300 kg (chit model: net = gross + adj - tare),zion,2026-09-11 06:23:44.414759+00,operator
923,25067,net_kg,3220,4520,Weight adjustment +1300 kg (chit model: net = gross + adj - tare),zion,2026-09-11 06:25:09.54618+00,operator
924,24891,net_kg,2780,4280,Weight adjustment +1500 kg (chit model: net = gross + adj - tare),zion,2026-09-11 07:31:40.189542+00,operator
925,24895,net_kg,2850,3650,Weight adjustment +800 kg (chit model: net = gross + adj - tare),zion,2026-09-11 07:34:11.814661+00,operator
926,24892,net_kg,2320,3320,Weight adjustment +1000 kg (chit model: net = gross + adj - tare),zion,2026-09-11 07:36:32.101576+00,operator
927,25355,net_kg,2780,3780,Weight adjustment +1000 kg (chit model: net = gross + adj - tare),zion,2026-09-11 07:39:49.155934+00,operator
928,24898,net_kg,3840,5040,Weight adjustment +1200 kg (chit model: net = gross + adj - tare),zion,2026-09-11 07:41:30.624445+00,operator
929,24899,net_kg,2350,3650,Weight adjustment +1300 kg (chit model: net = gross + adj - tare),zion,2026-09-11 07:43:50.520526+00,operator
930,24900,net_kg,2420,3720,Weight adjustment +1300 kg (chit model: net = gross + adj - tare),zion,2026-09-11 07:48:06.981794+00,operator
931,25068,net_kg,4180,6180,Weight adjustment +2000 kg (chit model: net = gross + adj - tare),zion,2026-09-11 07:51:48.170755+00,operator
932,25069,net_kg,2690,5690,Weight adjustment +3000 kg (chit model: net = gross + adj - tare),zion,2026-09-11 07:53:57.997244+00,operator
933,25070,net_kg,1920,2920,Weight adjustment +1000 kg (chit model: net = gross + adj - tare),zion,2026-09-11 07:57:02.913116+00,operator
934,25500,net_kg,3510,4710,Weight adjustment +1200 kg (chit model: net = gross + adj - tare),zion,2026-09-11 08:00:04.875847+00,operator
935,25072,net_kg,1720,2820,Weight adjustment +1100 kg (chit model: net = gross + adj - tare),zion,2026-09-11 08:22:12.650535+00,operator
936,25073,net_kg,2510,4510,Weight adjustment +2000 kg (chit model: net = gross + adj - tare),zion,2026-09-11 08:48:03.306776+00,operator
937,25074,net_kg,2390,3890,Weight adjustment +1500 kg (chit model: net = gross + adj - tare),zion,2026-09-11 08:49:31.616542+00,operator
938,25075,net_kg,2420,3520,Weight adjustment +1100 kg (chit model: net = gross + adj - tare),zion,2026-09-11 08:51:55.625548+00,operator
939,25078,net_kg,2060,3160,Weight adjustment +1100 kg (chit model: net = gross + adj - tare),zion,2026-09-11 08:56:56.540643+00,operator
940,25079,net_kg,2560,4060,Weight adjustment +1500 kg (chit model: net = gross + adj - tare),zion,2026-09-11 08:58:43.775258+00,operator
941,24982,net_kg,5410,5910,Weight adjustment +500 kg (chit model: net = gross + adj - tare),zion,2026-09-12 01:28:08.384132+00,operator
942,24981,net_kg,2390,3690,Weight adjustment +1300 kg (chit model: net = gross + adj - tare),zion,2026-09-12 01:33:46.831993+00,operator
943,25359,net_kg,2310,3610,Weight adjustment +1300 kg (chit model: net = gross + adj - tare),zion,2026-09-12 01:37:47.265214+00,operator
944,25357,net_kg,2380,3380,Weight adjustment +1000 kg (chit model: net = gross + adj - tare),zion,2026-09-12 01:40:37.204566+00,operator
945,25356,net_kg,3630,5630,Weight adjustment +2000 kg (chit model: net = gross + adj - tare),zion,2026-09-12 01:42:09.406158+00,operator
946,25358,net_kg,3190,4490,Weight adjustment +1300 kg (chit model: net = gross + adj - tare),zion,2026-09-12 01:44:39.708646+00,operator
947,25153,net_kg,3680,6780,Weight adjustment +3100 kg (chit model: net = gross + adj - tare),zion,2026-09-12 01:53:19.303959+00,operator
948,25155,net_kg,1720,2520,Weight adjustment +800 kg (chit model: net = gross + adj - tare),zion,2026-09-12 01:58:58.949731+00,operator
949,25156,net_kg,3350,4650,Weight adjustment +1300 kg (chit model: net = gross + adj - tare),zion,2026-09-12 02:02:11.837353+00,operator
953,25083,net_kg,2320,3120,Weight adjustment +800 kg (chit model: net = gross + adj - tare),zion,2026-09-16 01:42:46.734574+00,operator
954,25080,net_kg,2820,4320,Weight adjustment +1500 kg (chit model: net = gross + adj - tare),zion,2026-09-16 04:26:17.231488+00,operator
955,25165,net_kg,3660,5160,Weight adjustment +1500 kg (chit model: net = gross + adj - tare),zion,2026-09-16 04:34:26.703825+00,operator
956,25161,net_kg,1420,2420,Weight adjustment +1000 kg (chit model: net = gross + adj - tare),zion,2026-09-16 04:38:28.941657+00,operator
957,25365,net_kg,2400,3700,Weight adjustment +1300 kg (chit model: net = gross + adj - tare),zion,2026-09-16 04:41:22.217904+00,operator
958,25366,net_kg,2830,4130,Weight adjustment +1300 kg (chit model: net = gross + adj - tare),zion,2026-09-16 04:43:31.728155+00,operator
959,25364,net_kg,2350,3650,Weight adjustment +1300 kg (chit model: net = gross + adj - tare),zion,2026-09-16 04:45:39.362382+00,operator
960,25360,net_kg,2180,3180,Weight adjustment +1000 kg (chit model: net = gross + adj - tare),zion,2026-09-16 04:46:49.411848+00,operator
961,25361,net_kg,1430,2530,Weight adjustment +1100 kg (chit model: net = gross + adj - tare),zion,2026-09-16 04:49:12.34594+00,operator
962,25084,net_kg,2890,4090,Weight adjustment +1200 kg (chit model: net = gross + adj - tare),zion,2026-09-16 05:35:44.400209+00,operator
963,25085,net_kg,2120,3120,Weight adjustment +1000 kg (chit model: net = gross + adj - tare),zion,2026-09-16 05:39:45.199331+00,operator
964,25091,net_kg,2310,3310,Weight adjustment +1000 kg (chit model: net = gross + adj - tare),zion,2026-09-16 05:45:31.182537+00,operator
965,25367,net_kg,2470,5670,Weight adjustment +3200 kg (chit model: net = gross + adj - tare),zion,2026-09-16 05:50:43.713391+00,operator
966,25371,net_kg,1400,2600,Weight adjustment +1200 kg (chit model: net = gross + adj - tare),zion,2026-09-16 05:58:56.027613+00,operator
967,25370,net_kg,1350,2550,Weight adjustment +1200 kg (chit model: net = gross + adj - tare),zion,2026-09-16 06:00:35.800869+00,operator
968,25166,net_kg,1210,2110,Weight adjustment +900 kg (chit model: net = gross + adj - tare),zion,2026-09-16 06:08:40.592236+00,operator
969,25170,net_kg,2110,3410,Weight adjustment +1300 kg (chit model: net = gross + adj - tare),zion,2026-09-16 06:12:40.556619+00,operator
970,25171,net_kg,2360,3660,Weight adjustment +1300 kg (chit model: net = gross + adj - tare),zion,2026-09-16 06:14:11.120452+00,operator
971,25166,net_kg,1210,1610,Weight adjustment -500 kg (chit model: net = gross + adj - tare),zion,2026-09-16 06:19:27.316185+00,operator
1,23636,do_date,,2026-06-09,Re-OCR of scan p3: date clearly reads 09/06/26 (was blank in backfill),claude re-ocr 24Jul2026,2026-07-24 15:45:07.605862+00,backfill
13,43109,net_kg,3630,3630,Revert test adjustment (console Adjust verification) - back to original weighed value,legacy-key,2026-07-31 01:34:17.543742+00,backfill
170,22629,net_kg,1840.0,2840.0,"Weight adjustment from the OTC schedule Adjustment (T) column, 1.0 t. Actual Tonnage on that sheet is already pure waste (Gross - Tare); this is the weight adjustment as recorded in the console. Loaded 2 Sep 2026 on Michelle instruction.",claude-otc-adjustment,2026-09-02 08:10:44.066188+00,backfill
171,22580,net_kg,1370.0,2170.0,"Weight adjustment from the OTC schedule Adjustment (T) column, 0.8 t. Actual Tonnage on that sheet is already pure waste (Gross - Tare); this is the weight adjustment as recorded in the console. Loaded 2 Sep 2026 on Michelle instruction.",claude-otc-adjustment,2026-09-02 08:10:44.066188+00,backfill
172,22576,net_kg,1210.0,2010.0,"Weight adjustment from the OTC schedule Adjustment (T) column, 0.8 t. Actual Tonnage on that sheet is already pure waste (Gross - Tare); this is the weight adjustment as recorded in the console. Loaded 2 Sep 2026 on Michelle instruction.",claude-otc-adjustment,2026-09-02 08:10:44.066188+00,backfill
173,22578,net_kg,780.0,1780.0,"Weight adjustment from the OTC schedule Adjustment (T) column, 1.0 t. Actual Tonnage on that sheet is already pure waste (Gross - Tare); this is the weight adjustment as recorded in the console. Loaded 2 Sep 2026 on Michelle instruction.",claude-otc-adjustment,2026-09-02 08:10:44.066188+00,backfill
174,22631,net_kg,2170.0,3170.0,"Weight adjustment from the OTC schedule Adjustment (T) column, 1.0 t. Actual Tonnage on that sheet is already pure waste (Gross - Tare); this is the weight adjustment as recorded in the console. Loaded 2 Sep 2026 on Michelle instruction.",claude-otc-adjustment,2026-09-02 08:10:44.066188+00,backfill
175,22627,net_kg,3910.0,6410.0,"Weight adjustment from the OTC schedule Adjustment (T) column, 2.5 t. Actual Tonnage on that sheet is already pure waste (Gross - Tare); this is the weight adjustment as recorded in the console. Loaded 2 Sep 2026 on Michelle instruction.",claude-otc-adjustment,2026-09-02 08:10:44.066188+00,backfill
176,22632,net_kg,1500.0,2500.0,"Weight adjustment from the OTC schedule Adjustment (T) column, 1.0 t. Actual Tonnage on that sheet is already pure waste (Gross - Tare); this is the weight adjustment as recorded in the console. Loaded 2 Sep 2026 on Michelle instruction.",claude-otc-adjustment,2026-09-02 08:10:44.066188+00,backfill
177,22575,net_kg,2170.0,2970.0,"Weight adjustment from the OTC schedule Adjustment (T) column, 0.8 t. Actual Tonnage on that sheet is already pure waste (Gross - Tare); this is the weight adjustment as recorded in the console. Loaded 2 Sep 2026 on Michelle instruction.",claude-otc-adjustment,2026-09-02 08:10:44.066188+00,backfill
178,22468,net_kg,1200.0,2200.0,"Weight adjustment from the OTC schedule Adjustment (T) column, 1.0 t. Actual Tonnage on that sheet is already pure waste (Gross - Tare); this is the weight adjustment as recorded in the console. Loaded 2 Sep 2026 on Michelle instruction.",claude-otc-adjustment,2026-09-02 08:10:44.066188+00,backfill
179,22467,net_kg,4100.0,5100.0,"Weight adjustment from the OTC schedule Adjustment (T) column, 1.0 t. Actual Tonnage on that sheet is already pure waste (Gross - Tare); this is the weight adjustment as recorded in the console. Loaded 2 Sep 2026 on Michelle instruction.",claude-otc-adjustment,2026-09-02 08:10:44.066188+00,backfill
180,22157,net_kg,5710.0,6810.0,"Weight adjustment from the OTC schedule Adjustment (T) column, 1.1 t. Actual Tonnage on that sheet is already pure waste (Gross - Tare); this is the weight adjustment as recorded in the console. Loaded 2 Sep 2026 on Michelle instruction.",claude-otc-adjustment,2026-09-02 08:10:44.066188+00,backfill
181,22474,net_kg,2160.0,3160.0,"Weight adjustment from the OTC schedule Adjustment (T) column, 1.0 t. Actual Tonnage on that sheet is already pure waste (Gross - Tare); this is the weight adjustment as recorded in the console. Loaded 2 Sep 2026 on Michelle instruction.",claude-otc-adjustment,2026-09-02 08:10:44.066188+00,backfill
182,22579,net_kg,6140.0,6640.0,"Weight adjustment from the OTC schedule Adjustment (T) column, 0.5 t. Actual Tonnage on that sheet is already pure waste (Gross - Tare); this is the weight adjustment as recorded in the console. Loaded 2 Sep 2026 on Michelle instruction.",claude-otc-adjustment,2026-09-02 08:10:44.066188+00,backfill
183,22479,net_kg,1770.0,2470.0,"Weight adjustment from the OTC schedule Adjustment (T) column, 0.7 t. Actual Tonnage on that sheet is already pure waste (Gross - Tare); this is the weight adjustment as recorded in the console. Loaded 2 Sep 2026 on Michelle instruction.",claude-otc-adjustment,2026-09-02 08:10:44.066188+00,backfill
184,22587,net_kg,1540.0,2240.0,"Weight adjustment from the OTC schedule Adjustment (T) column, 0.7 t. Actual Tonnage on that sheet is already pure waste (Gross - Tare); this is the weight adjustment as recorded in the console. Loaded 2 Sep 2026 on Michelle instruction.",claude-otc-adjustment,2026-09-02 08:10:44.066188+00,backfill
185,22171,net_kg,2920.0,4920.0,"Weight adjustment from the OTC schedule Adjustment (T) column, 2.0 t. Actual Tonnage on that sheet is already pure waste (Gross - Tare); this is the weight adjustment as recorded in the console. Loaded 2 Sep 2026 on Michelle instruction.",claude-otc-adjustment,2026-09-02 08:10:44.066188+00,backfill
186,22491,net_kg,1780.0,2280.0,"Weight adjustment from the OTC schedule Adjustment (T) column, 0.5 t. Actual Tonnage on that sheet is already pure waste (Gross - Tare); this is the weight adjustment as recorded in the console. Loaded 2 Sep 2026 on Michelle instruction.",claude-otc-adjustment,2026-09-02 08:10:44.066188+00,backfill
187,22592,net_kg,1660.0,2660.0,"Weight adjustment from the OTC schedule Adjustment (T) column, 1.0 t. Actual Tonnage on that sheet is already pure waste (Gross - Tare); this is the weight adjustment as recorded in the console. Loaded 2 Sep 2026 on Michelle instruction.",claude-otc-adjustment,2026-09-02 08:10:44.066188+00,backfill
188,22497,net_kg,3300.0,4300.0,"Weight adjustment from the OTC schedule Adjustment (T) column, 1.0 t. Actual Tonnage on that sheet is already pure waste (Gross - Tare); this is the weight adjustment as recorded in the console. Loaded 2 Sep 2026 on Michelle instruction.",claude-otc-adjustment,2026-09-02 08:10:44.066188+00,backfill
189,22594,net_kg,2630.0,3630.0,"Weight adjustment from the OTC schedule Adjustment (T) column, 1.0 t. Actual Tonnage on that sheet is already pure waste (Gross - Tare); this is the weight adjustment as recorded in the console. Loaded 2 Sep 2026 on Michelle instruction.",claude-otc-adjustment,2026-09-02 08:10:44.066188+00,backfill
190,22500,net_kg,5510.0,8010.0,"Weight adjustment from the OTC schedule Adjustment (T) column, 2.5 t. Actual Tonnage on that sheet is already pure waste (Gross - Tare); this is the weight adjustment as recorded in the console. Loaded 2 Sep 2026 on Michelle instruction.",claude-otc-adjustment,2026-09-02 08:10:44.066188+00,backfill
191,22754,net_kg,2080.0,2880.0,"Weight adjustment from the OTC schedule Adjustment (T) column, 0.8 t. Actual Tonnage on that sheet is already pure waste (Gross - Tare); this is the weight adjustment as recorded in the console. Loaded 2 Sep 2026 on Michelle instruction.",claude-otc-adjustment,2026-09-02 08:10:44.066188+00,backfill
192,22658,net_kg,2100.0,3100.0,"Weight adjustment from the OTC schedule Adjustment (T) column, 1.0 t. Actual Tonnage on that sheet is already pure waste (Gross - Tare); this is the weight adjustment as recorded in the console. Loaded 2 Sep 2026 on Michelle instruction.",claude-otc-adjustment,2026-09-02 08:10:44.066188+00,backfill
193,22752,net_kg,750.0,1150.0,"Weight adjustment from the OTC schedule Adjustment (T) column, 0.4 t. Actual Tonnage on that sheet is already pure waste (Gross - Tare); this is the weight adjustment as recorded in the console. Loaded 2 Sep 2026 on Michelle instruction.",claude-otc-adjustment,2026-09-02 08:10:44.066188+00,backfill
194,22706,net_kg,2490.0,3490.0,"Weight adjustment from the OTC schedule Adjustment (T) column, 1.0 t. Actual Tonnage on that sheet is already pure waste (Gross - Tare); this is the weight adjustment as recorded in the console. Loaded 2 Sep 2026 on Michelle instruction.",claude-otc-adjustment,2026-09-02 08:10:44.066188+00,backfill
195,22710,net_kg,1840.0,2640.0,"Weight adjustment from the OTC schedule Adjustment (T) column, 0.8 t. Actual Tonnage on that sheet is already pure waste (Gross - Tare); this is the weight adjustment as recorded in the console. Loaded 2 Sep 2026 on Michelle instruction.",claude-otc-adjustment,2026-09-02 08:10:44.066188+00,backfill
196,22161,net_kg,2430.0,3430.0,"Weight adjustment from the OTC schedule Adjustment (T) column, 1.0 t. Actual Tonnage on that sheet is already pure waste (Gross - Tare); this is the weight adjustment as recorded in the console. Loaded 2 Sep 2026 on Michelle instruction.",claude-otc-adjustment,2026-09-02 08:10:44.066188+00,backfill
197,22583,net_kg,1960.0,2760.0,"Weight adjustment from the OTC schedule Adjustment (T) column, 0.8 t. Actual Tonnage on that sheet is already pure waste (Gross - Tare); this is the weight adjustment as recorded in the console. Loaded 2 Sep 2026 on Michelle instruction.",claude-otc-adjustment,2026-09-02 08:10:44.066188+00,backfill
198,22640,net_kg,1820.0,2620.0,"Weight adjustment from the OTC schedule Adjustment (T) column, 0.8 t. Actual Tonnage on that sheet is already pure waste (Gross - Tare); this is the weight adjustment as recorded in the console. Loaded 2 Sep 2026 on Michelle instruction.",claude-otc-adjustment,2026-09-02 08:10:44.066188+00,backfill
199,22488,net_kg,1510.0,2310.0,"Weight adjustment from the OTC schedule Adjustment (T) column, 0.8 t. Actual Tonnage on that sheet is already pure waste (Gross - Tare); this is the weight adjustment as recorded in the console. Loaded 2 Sep 2026 on Michelle instruction.",claude-otc-adjustment,2026-09-02 08:10:44.066188+00,backfill
200,22593,net_kg,2200.0,3200.0,"Weight adjustment from the OTC schedule Adjustment (T) column, 1.0 t. Actual Tonnage on that sheet is already pure waste (Gross - Tare); this is the weight adjustment as recorded in the console. Loaded 2 Sep 2026 on Michelle instruction.",claude-otc-adjustment,2026-09-02 08:10:44.066188+00,backfill
201,22647,net_kg,1700.0,2500.0,"Weight adjustment from the OTC schedule Adjustment (T) column, 0.8 t. Actual Tonnage on that sheet is already pure waste (Gross - Tare); this is the weight adjustment as recorded in the console. Loaded 2 Sep 2026 on Michelle instruction.",claude-otc-adjustment,2026-09-02 08:10:44.066188+00,backfill
202,22648,net_kg,2480.0,3480.0,"Weight adjustment from the OTC schedule Adjustment (T) column, 1.0 t. Actual Tonnage on that sheet is already pure waste (Gross - Tare); this is the weight adjustment as recorded in the console. Loaded 2 Sep 2026 on Michelle instruction.",claude-otc-adjustment,2026-09-02 08:10:44.066188+00,backfill
203,22496,net_kg,1880.0,2880.0,"Weight adjustment from the OTC schedule Adjustment (T) column, 1.0 t. Actual Tonnage on that sheet is already pure waste (Gross - Tare); this is the weight adjustment as recorded in the console. Loaded 2 Sep 2026 on Michelle instruction.",claude-otc-adjustment,2026-09-02 08:10:44.066188+00,backfill
204,22651,net_kg,1100.0,2100.0,"Weight adjustment from the OTC schedule Adjustment (T) column, 1.0 t. Actual Tonnage on that sheet is already pure waste (Gross - Tare); this is the weight adjustment as recorded in the console. Loaded 2 Sep 2026 on Michelle instruction.",claude-otc-adjustment,2026-09-02 08:10:44.066188+00,backfill
205,22598,net_kg,2200.0,2900.0,"Weight adjustment from the OTC schedule Adjustment (T) column, 0.7 t. Actual Tonnage on that sheet is already pure waste (Gross - Tare); this is the weight adjustment as recorded in the console. Loaded 2 Sep 2026 on Michelle instruction.",claude-otc-adjustment,2026-09-02 08:10:44.066188+00,backfill
206,22180,net_kg,2560.0,3560.0,"Weight adjustment from the OTC schedule Adjustment (T) column, 1.0 t. Actual Tonnage on that sheet is already pure waste (Gross - Tare); this is the weight adjustment as recorded in the console. Loaded 2 Sep 2026 on Michelle instruction.",claude-otc-adjustment,2026-09-02 08:10:44.066188+00,backfill
207,22498,net_kg,1600.0,2300.0,"Weight adjustment from the OTC schedule Adjustment (T) column, 0.7 t. Actual Tonnage on that sheet is already pure waste (Gross - Tare); this is the weight adjustment as recorded in the console. Loaded 2 Sep 2026 on Michelle instruction.",claude-otc-adjustment,2026-09-02 08:10:44.066188+00,backfill
208,22657,net_kg,2000.0,3000.0,"Weight adjustment from the OTC schedule Adjustment (T) column, 1.0 t. Actual Tonnage on that sheet is already pure waste (Gross - Tare); this is the weight adjustment as recorded in the console. Loaded 2 Sep 2026 on Michelle instruction.",claude-otc-adjustment,2026-09-02 08:10:44.066188+00,backfill
209,22183,net_kg,2650.0,3650.0,"Weight adjustment from the OTC schedule Adjustment (T) column, 1.0 t. Actual Tonnage on that sheet is already pure waste (Gross - Tare); this is the weight adjustment as recorded in the console. Loaded 2 Sep 2026 on Michelle instruction.",claude-otc-adjustment,2026-09-02 08:10:44.066188+00,backfill
210,22661,net_kg,2500.0,3500.0,"Weight adjustment from the OTC schedule Adjustment (T) column, 1.0 t. Actual Tonnage on that sheet is already pure waste (Gross - Tare); this is the weight adjustment as recorded in the console. Loaded 2 Sep 2026 on Michelle instruction.",claude-otc-adjustment,2026-09-02 08:10:44.066188+00,backfill
211,22757,net_kg,3470.0,4470.0,"Weight adjustment from the OTC schedule Adjustment (T) column, 1.0 t. Actual Tonnage on that sheet is already pure waste (Gross - Tare); this is the weight adjustment as recorded in the console. Loaded 2 Sep 2026 on Michelle instruction.",claude-otc-adjustment,2026-09-02 08:10:44.066188+00,backfill
212,22636,net_kg,2150.0,2950.0,"Weight adjustment from the OTC schedule Adjustment (T) column, 0.8 t. Actual Tonnage on that sheet is already pure waste (Gross - Tare); this is the weight adjustment as recorded in the console. Loaded 2 Sep 2026 on Michelle instruction.",claude-otc-adjustment,2026-09-02 08:10:44.066188+00,backfill
213,22165,net_kg,2350.0,3150.0,"Weight adjustment from the OTC schedule Adjustment (T) column, 0.8 t. Actual Tonnage on that sheet is already pure waste (Gross - Tare); this is the weight adjustment as recorded in the console. Loaded 2 Sep 2026 on Michelle instruction.",claude-otc-adjustment,2026-09-02 08:10:44.066188+00,backfill
214,22639,net_kg,1900.0,2900.0,"Weight adjustment from the OTC schedule Adjustment (T) column, 1.0 t. Actual Tonnage on that sheet is already pure waste (Gross - Tare); this is the weight adjustment as recorded in the console. Loaded 2 Sep 2026 on Michelle instruction.",claude-otc-adjustment,2026-09-02 08:10:44.066188+00,backfill
215,22483,net_kg,2680.0,3680.0,"Weight adjustment from the OTC schedule Adjustment (T) column, 1.0 t. Actual Tonnage on that sheet is already pure waste (Gross - Tare); this is the weight adjustment as recorded in the console. Loaded 2 Sep 2026 on Michelle instruction.",claude-otc-adjustment,2026-09-02 08:10:44.066188+00,backfill
216,22588,net_kg,1320.0,2020.0,"Weight adjustment from the OTC schedule Adjustment (T) column, 0.7 t. Actual Tonnage on that sheet is already pure waste (Gross - Tare); this is the weight adjustment as recorded in the console. Loaded 2 Sep 2026 on Michelle instruction.",claude-otc-adjustment,2026-09-02 08:10:44.066188+00,backfill
217,22591,net_kg,2490.0,3490.0,"Weight adjustment from the OTC schedule Adjustment (T) column, 1.0 t. Actual Tonnage on that sheet is already pure waste (Gross - Tare); this is the weight adjustment as recorded in the console. Loaded 2 Sep 2026 on Michelle instruction.",claude-otc-adjustment,2026-09-02 08:10:44.066188+00,backfill
218,22169,net_kg,9370.0,10870.0,"Weight adjustment from the OTC schedule Adjustment (T) column, 1.5 t. Actual Tonnage on that sheet is already pure waste (Gross - Tare); this is the weight adjustment as recorded in the console. Loaded 2 Sep 2026 on Michelle instruction.",claude-otc-adjustment,2026-09-02 08:10:44.066188+00,backfill
219,22173,net_kg,2370.0,3570.0,"Weight adjustment from the OTC schedule Adjustment (T) column, 1.2 t. Actual Tonnage on that sheet is already pure waste (Gross - Tare); this is the weight adjustment as recorded in the console. Loaded 2 Sep 2026 on Michelle instruction.",claude-otc-adjustment,2026-09-02 08:10:44.066188+00,backfill
220,693275,net_kg,970.0,1470.0,"Weight adjustment from the OTC schedule Adjustment (T) column, 0.5 t. Actual Tonnage on that sheet is already pure waste (Gross - Tare); this is the weight adjustment as recorded in the console. Loaded 2 Sep 2026 on Michelle instruction.",claude-otc-adjustment,2026-09-02 08:10:44.066188+00,backfill
221,22653,net_kg,2100.0,3100.0,"Weight adjustment from the OTC schedule Adjustment (T) column, 1.0 t. Actual Tonnage on that sheet is already pure waste (Gross - Tare); this is the weight adjustment as recorded in the console. Loaded 2 Sep 2026 on Michelle instruction.",claude-otc-adjustment,2026-09-02 08:10:44.066188+00,backfill
222,22178,net_kg,4440.0,4940.0,"Weight adjustment from the OTC schedule Adjustment (T) column, 0.5 t. Actual Tonnage on that sheet is already pure waste (Gross - Tare); this is the weight adjustment as recorded in the console. Loaded 2 Sep 2026 on Michelle instruction.",claude-otc-adjustment,2026-09-02 08:10:44.066188+00,backfill
223,22652,net_kg,8200.0,8700.0,"Weight adjustment from the OTC schedule Adjustment (T) column, 0.5 t. Actual Tonnage on that sheet is already pure waste (Gross - Tare); this is the weight adjustment as recorded in the console. Loaded 2 Sep 2026 on Michelle instruction.",claude-otc-adjustment,2026-09-02 08:10:44.066188+00,backfill
224,22751,net_kg,1870.0,2670.0,"Weight adjustment from the OTC schedule Adjustment (T) column, 0.8 t. Actual Tonnage on that sheet is already pure waste (Gross - Tare); this is the weight adjustment as recorded in the console. Loaded 2 Sep 2026 on Michelle instruction.",claude-otc-adjustment,2026-09-02 08:10:44.066188+00,backfill
225,22701,net_kg,1770.0,2770.0,"Weight adjustment from the OTC schedule Adjustment (T) column, 1.0 t. Actual Tonnage on that sheet is already pure waste (Gross - Tare); this is the weight adjustment as recorded in the console. Loaded 2 Sep 2026 on Michelle instruction.",claude-otc-adjustment,2026-09-02 08:10:44.066188+00,backfill
226,22659,net_kg,2620.0,3620.0,"Weight adjustment from the OTC schedule Adjustment (T) column, 1.0 t. Actual Tonnage on that sheet is already pure waste (Gross - Tare); this is the weight adjustment as recorded in the console. Loaded 2 Sep 2026 on Michelle instruction.",claude-otc-adjustment,2026-09-02 08:10:44.066188+00,backfill
227,22654,net_kg,2000.0,3000.0,"Weight adjustment from the OTC schedule Adjustment (T) column, 1.0 t. Actual Tonnage on that sheet is already pure waste (Gross - Tare); this is the weight adjustment as recorded in the console. Loaded 2 Sep 2026 on Michelle instruction.",claude-otc-adjustment,2026-09-02 08:10:44.066188+00,backfill
228,22755,net_kg,1440.0,2440.0,"Weight adjustment from the OTC schedule Adjustment (T) column, 1.0 t. Actual Tonnage on that sheet is already pure waste (Gross - Tare); this is the weight adjustment as recorded in the console. Loaded 2 Sep 2026 on Michelle instruction.",claude-otc-adjustment,2026-09-02 08:10:44.066188+00,backfill
229,22709,net_kg,4590.0,5590.0,"Weight adjustment from the OTC schedule Adjustment (T) column, 1.0 t. Actual Tonnage on that sheet is already pure waste (Gross - Tare); this is the weight adjustment as recorded in the console. Loaded 2 Sep 2026 on Michelle instruction.",claude-otc-adjustment,2026-09-02 08:10:44.066188+00,backfill
230,22666,net_kg,2300.0,3100.0,"Weight adjustment from the OTC schedule Adjustment (T) column, 0.8 t. Actual Tonnage on that sheet is already pure waste (Gross - Tare); this is the weight adjustment as recorded in the console. Loaded 2 Sep 2026 on Michelle instruction.",claude-otc-adjustment,2026-09-02 08:10:44.066188+00,backfill
231,22759,net_kg,3610.0,4410.0,"Weight adjustment from the OTC schedule Adjustment (T) column, 0.8 t. Actual Tonnage on that sheet is already pure waste (Gross - Tare); this is the weight adjustment as recorded in the console. Loaded 2 Sep 2026 on Michelle instruction.",claude-otc-adjustment,2026-09-02 08:10:44.066188+00,backfill
232,22185,net_kg,4010.0,7010.0,"Weight adjustment from the OTC schedule Adjustment (T) column, 3.0 t. Actual Tonnage on that sheet is already pure waste (Gross - Tare); this is the weight adjustment as recorded in the console. Loaded 2 Sep 2026 on Michelle instruction.",claude-otc-adjustment,2026-09-02 08:10:44.066188+00,backfill
233,693277,net_kg,3010.0,4010.0,"Weight adjustment from the OTC schedule Adjustment (T) column, 1.0 t. Actual Tonnage on that sheet is already pure waste (Gross - Tare); this is the weight adjustment as recorded in the console. Loaded 2 Sep 2026 on Michelle instruction.",claude-otc-adjustment,2026-09-02 08:10:44.066188+00,backfill
234,22763,net_kg,3590.0,4590.0,"Weight adjustment from the OTC schedule Adjustment (T) column, 1.0 t. Actual Tonnage on that sheet is already pure waste (Gross - Tare); this is the weight adjustment as recorded in the console. Loaded 2 Sep 2026 on Michelle instruction.",claude-otc-adjustment,2026-09-02 08:10:44.066188+00,backfill
235,22762,net_kg,7430.0,8530.0,"Weight adjustment from the OTC schedule Adjustment (T) column, 1.1 t. Actual Tonnage on that sheet is already pure waste (Gross - Tare); this is the weight adjustment as recorded in the console. Loaded 2 Sep 2026 on Michelle instruction.",claude-otc-adjustment,2026-09-02 08:10:44.066188+00,backfill
236,22675,net_kg,1400.0,2000.0,"Weight adjustment from the OTC schedule Adjustment (T) column, 0.6 t. Actual Tonnage on that sheet is already pure waste (Gross - Tare); this is the weight adjustment as recorded in the console. Loaded 2 Sep 2026 on Michelle instruction.",claude-otc-adjustment,2026-09-02 08:10:44.066188+00,backfill
237,22768,net_kg,4570.0,5670.0,"Weight adjustment from the OTC schedule Adjustment (T) column, 1.1 t. Actual Tonnage on that sheet is already pure waste (Gross - Tare); this is the weight adjustment as recorded in the console. Loaded 2 Sep 2026 on Michelle instruction.",claude-otc-adjustment,2026-09-02 08:10:44.066188+00,backfill
238,22769,net_kg,9060.0,9860.0,"Weight adjustment from the OTC schedule Adjustment (T) column, 0.8 t. Actual Tonnage on that sheet is already pure waste (Gross - Tare); this is the weight adjustment as recorded in the console. Loaded 2 Sep 2026 on Michelle instruction.",claude-otc-adjustment,2026-09-02 08:10:44.066188+00,backfill
239,22677,net_kg,1400.0,2400.0,"Weight adjustment from the OTC schedule Adjustment (T) column, 1.0 t. Actual Tonnage on that sheet is already pure waste (Gross - Tare); this is the weight adjustment as recorded in the console. Loaded 2 Sep 2026 on Michelle instruction.",claude-otc-adjustment,2026-09-02 08:10:44.066188+00,backfill
240,22717,net_kg,2490.0,3490.0,"Weight adjustment from the OTC schedule Adjustment (T) column, 1.0 t. Actual Tonnage on that sheet is already pure waste (Gross - Tare); this is the weight adjustment as recorded in the console. Loaded 2 Sep 2026 on Michelle instruction.",claude-otc-adjustment,2026-09-02 08:10:44.066188+00,backfill
241,22685,net_kg,2500.0,3500.0,"Weight adjustment from the OTC schedule Adjustment (T) column, 1.0 t. Actual Tonnage on that sheet is already pure waste (Gross - Tare); this is the weight adjustment as recorded in the console. Loaded 2 Sep 2026 on Michelle instruction.",claude-otc-adjustment,2026-09-02 08:10:44.066188+00,backfill
242,688683,net_kg,2500.0,3500.0,"Weight adjustment from the OTC schedule Adjustment (T) column, 1.0 t. Actual Tonnage on that sheet is already pure waste (Gross - Tare); this is the weight adjustment as recorded in the console. Loaded 2 Sep 2026 on Michelle instruction.",claude-otc-adjustment,2026-09-02 08:10:44.066188+00,backfill
243,22780,net_kg,1850.0,3050.0,"Weight adjustment from the OTC schedule Adjustment (T) column, 1.2 t. Actual Tonnage on that sheet is already pure waste (Gross - Tare); this is the weight adjustment as recorded in the console. Loaded 2 Sep 2026 on Michelle instruction.",claude-otc-adjustment,2026-09-02 08:10:44.066188+00,backfill
244,22690,net_kg,4700.0,6700.0,"Weight adjustment from the OTC schedule Adjustment (T) column, 2.0 t. Actual Tonnage on that sheet is already pure waste (Gross - Tare); this is the weight adjustment as recorded in the console. Loaded 2 Sep 2026 on Michelle instruction.",claude-otc-adjustment,2026-09-02 08:10:44.066188+00,backfill
245,22912,net_kg,2460.0,3260.0,"Weight adjustment from the OTC schedule Adjustment (T) column, 0.8 t. Actual Tonnage on that sheet is already pure waste (Gross - Tare); this is the weight adjustment as recorded in the console. Loaded 2 Sep 2026 on Michelle instruction.",claude-otc-adjustment,2026-09-02 08:10:44.066188+00,backfill
246,22921,net_kg,1620.0,2320.0,"Weight adjustment from the OTC schedule Adjustment (T) column, 0.7 t. Actual Tonnage on that sheet is already pure waste (Gross - Tare); this is the weight adjustment as recorded in the console. Loaded 2 Sep 2026 on Michelle instruction.",claude-otc-adjustment,2026-09-02 08:10:44.066188+00,backfill
247,22664,net_kg,3300.0,4300.0,"Weight adjustment from the OTC schedule Adjustment (T) column, 1.0 t. Actual Tonnage on that sheet is already pure waste (Gross - Tare); this is the weight adjustment as recorded in the console. Loaded 2 Sep 2026 on Michelle instruction.",claude-otc-adjustment,2026-09-02 08:10:44.066188+00,backfill
248,22764,net_kg,1830.0,2830.0,"Weight adjustment from the OTC schedule Adjustment (T) column, 1.0 t. Actual Tonnage on that sheet is already pure waste (Gross - Tare); this is the weight adjustment as recorded in the console. Loaded 2 Sep 2026 on Michelle instruction.",claude-otc-adjustment,2026-09-02 08:10:44.066188+00,backfill
249,22760,net_kg,1640.0,2440.0,"Weight adjustment from the OTC schedule Adjustment (T) column, 0.8 t. Actual Tonnage on that sheet is already pure waste (Gross - Tare); this is the weight adjustment as recorded in the console. Loaded 2 Sep 2026 on Michelle instruction.",claude-otc-adjustment,2026-09-02 08:10:44.066188+00,backfill
250,22669,net_kg,1300.0,2300.0,"Weight adjustment from the OTC schedule Adjustment (T) column, 1.0 t. Actual Tonnage on that sheet is already pure waste (Gross - Tare); this is the weight adjustment as recorded in the console. Loaded 2 Sep 2026 on Michelle instruction.",claude-otc-adjustment,2026-09-02 08:10:44.066188+00,backfill
251,22194,net_kg,3370.0,4370.0,"Weight adjustment from the OTC schedule Adjustment (T) column, 1.0 t. Actual Tonnage on that sheet is already pure waste (Gross - Tare); this is the weight adjustment as recorded in the console. Loaded 2 Sep 2026 on Michelle instruction.",claude-otc-adjustment,2026-09-02 08:10:44.066188+00,backfill
252,22195,net_kg,1590.0,2590.0,"Weight adjustment from the OTC schedule Adjustment (T) column, 1.0 t. Actual Tonnage on that sheet is already pure waste (Gross - Tare); this is the weight adjustment as recorded in the console. Loaded 2 Sep 2026 on Michelle instruction.",claude-otc-adjustment,2026-09-02 08:10:44.066188+00,backfill
253,22767,net_kg,2510.0,5510.0,"Weight adjustment from the OTC schedule Adjustment (T) column, 3.0 t. Actual Tonnage on that sheet is already pure waste (Gross - Tare); this is the weight adjustment as recorded in the console. Loaded 2 Sep 2026 on Michelle instruction.",claude-otc-adjustment,2026-09-02 08:10:44.066188+00,backfill
254,22770,net_kg,2390.0,3390.0,"Weight adjustment from the OTC schedule Adjustment (T) column, 1.0 t. Actual Tonnage on that sheet is already pure waste (Gross - Tare); this is the weight adjustment as recorded in the console. Loaded 2 Sep 2026 on Michelle instruction.",claude-otc-adjustment,2026-09-02 08:10:44.066188+00,backfill
255,22713,net_kg,2080.0,2880.0,"Weight adjustment from the OTC schedule Adjustment (T) column, 0.8 t. Actual Tonnage on that sheet is already pure waste (Gross - Tare); this is the weight adjustment as recorded in the console. Loaded 2 Sep 2026 on Michelle instruction.",claude-otc-adjustment,2026-09-02 08:10:44.066188+00,backfill
256,22901,net_kg,2280.0,3280.0,"Weight adjustment from the OTC schedule Adjustment (T) column, 1.0 t. Actual Tonnage on that sheet is already pure waste (Gross - Tare); this is the weight adjustment as recorded in the console. Loaded 2 Sep 2026 on Michelle instruction.",claude-otc-adjustment,2026-09-02 08:10:44.066188+00,backfill
257,22682,net_kg,2100.0,3100.0,"Weight adjustment from the OTC schedule Adjustment (T) column, 1.0 t. Actual Tonnage on that sheet is already pure waste (Gross - Tare); this is the weight adjustment as recorded in the console. Loaded 2 Sep 2026 on Michelle instruction.",claude-otc-adjustment,2026-09-02 08:10:44.066188+00,backfill
258,22904,net_kg,5320.0,6520.0,"Weight adjustment from the OTC schedule Adjustment (T) column, 1.2 t. Actual Tonnage on that sheet is already pure waste (Gross - Tare); this is the weight adjustment as recorded in the console. Loaded 2 Sep 2026 on Michelle instruction.",claude-otc-adjustment,2026-09-02 08:10:44.066188+00,backfill
259,22723,net_kg,910.0,1410.0,"Weight adjustment from the OTC schedule Adjustment (T) column, 0.5 t. Actual Tonnage on that sheet is already pure waste (Gross - Tare); this is the weight adjustment as recorded in the console. Loaded 2 Sep 2026 on Michelle instruction.",claude-otc-adjustment,2026-09-02 08:10:44.066188+00,backfill
260,22686,net_kg,2400.0,3400.0,"Weight adjustment from the OTC schedule Adjustment (T) column, 1.0 t. Actual Tonnage on that sheet is already pure waste (Gross - Tare); this is the weight adjustment as recorded in the console. Loaded 2 Sep 2026 on Michelle instruction.",claude-otc-adjustment,2026-09-02 08:10:44.066188+00,backfill
261,22778,net_kg,5910.0,6410.0,"Weight adjustment from the OTC schedule Adjustment (T) column, 0.5 t. Actual Tonnage on that sheet is already pure waste (Gross - Tare); this is the weight adjustment as recorded in the console. Loaded 2 Sep 2026 on Michelle instruction.",claude-otc-adjustment,2026-09-02 08:10:44.066188+00,backfill
262,693348,net_kg,1820.0,2620.0,"Weight adjustment from the OTC schedule Adjustment (T) column, 0.8 t. Actual Tonnage on that sheet is already pure waste (Gross - Tare); this is the weight adjustment as recorded in the console. Loaded 2 Sep 2026 on Michelle instruction.",claude-otc-adjustment,2026-09-02 08:10:44.066188+00,backfill
263,22665,net_kg,2600.0,3600.0,"Weight adjustment from the OTC schedule Adjustment (T) column, 1.0 t. Actual Tonnage on that sheet is already pure waste (Gross - Tare); this is the weight adjustment as recorded in the console. Loaded 2 Sep 2026 on Michelle instruction.",claude-otc-adjustment,2026-09-02 08:10:44.066188+00,backfill
264,22761,net_kg,1000.0,1500.0,"Weight adjustment from the OTC schedule Adjustment (T) column, 0.5 t. Actual Tonnage on that sheet is already pure waste (Gross - Tare); this is the weight adjustment as recorded in the console. Loaded 2 Sep 2026 on Michelle instruction.",claude-otc-adjustment,2026-09-02 08:10:44.066188+00,backfill
265,22765,net_kg,1830.0,2830.0,"Weight adjustment from the OTC schedule Adjustment (T) column, 1.0 t. Actual Tonnage on that sheet is already pure waste (Gross - Tare); this is the weight adjustment as recorded in the console. Loaded 2 Sep 2026 on Michelle instruction.",claude-otc-adjustment,2026-09-02 08:10:44.066188+00,backfill
266,22766,net_kg,1350.0,2350.0,"Weight adjustment from the OTC schedule Adjustment (T) column, 1.0 t. Actual Tonnage on that sheet is already pure waste (Gross - Tare); this is the weight adjustment as recorded in the console. Loaded 2 Sep 2026 on Michelle instruction.",claude-otc-adjustment,2026-09-02 08:10:44.066188+00,backfill
267,693347,net_kg,4640.0,5640.0,"Weight adjustment from the OTC schedule Adjustment (T) column, 1.0 t. Actual Tonnage on that sheet is already pure waste (Gross - Tare); this is the weight adjustment as recorded in the console. Loaded 2 Sep 2026 on Michelle instruction.",claude-otc-adjustment,2026-09-02 08:10:44.066188+00,backfill
268,22773,net_kg,2090.0,2890.0,"Weight adjustment from the OTC schedule Adjustment (T) column, 0.8 t. Actual Tonnage on that sheet is already pure waste (Gross - Tare); this is the weight adjustment as recorded in the console. Loaded 2 Sep 2026 on Michelle instruction.",claude-otc-adjustment,2026-09-02 08:10:44.066188+00,backfill
269,22681,net_kg,2300.0,3300.0,"Weight adjustment from the OTC schedule Adjustment (T) column, 1.0 t. Actual Tonnage on that sheet is already pure waste (Gross - Tare); this is the weight adjustment as recorded in the console. Loaded 2 Sep 2026 on Michelle instruction.",claude-otc-adjustment,2026-09-02 08:10:44.066188+00,backfill
270,22684,net_kg,2700.0,3700.0,"Weight adjustment from the OTC schedule Adjustment (T) column, 1.0 t. Actual Tonnage on that sheet is already pure waste (Gross - Tare); this is the weight adjustment as recorded in the console. Loaded 2 Sep 2026 on Michelle instruction.",claude-otc-adjustment,2026-09-02 08:10:44.066188+00,backfill
271,22720,net_kg,2340.0,3340.0,"Weight adjustment from the OTC schedule Adjustment (T) column, 1.0 t. Actual Tonnage on that sheet is already pure waste (Gross - Tare); this is the weight adjustment as recorded in the console. Loaded 2 Sep 2026 on Michelle instruction.",claude-otc-adjustment,2026-09-02 08:10:44.066188+00,backfill
272,22907,net_kg,1750.0,2750.0,"Weight adjustment from the OTC schedule Adjustment (T) column, 1.0 t. Actual Tonnage on that sheet is already pure waste (Gross - Tare); this is the weight adjustment as recorded in the console. Loaded 2 Sep 2026 on Michelle instruction.",claude-otc-adjustment,2026-09-02 08:10:44.066188+00,backfill
273,22908,net_kg,2400.0,3400.0,"Weight adjustment from the OTC schedule Adjustment (T) column, 1.0 t. Actual Tonnage on that sheet is already pure waste (Gross - Tare); this is the weight adjustment as recorded in the console. Loaded 2 Sep 2026 on Michelle instruction.",claude-otc-adjustment,2026-09-02 08:10:44.066188+00,backfill
274,22905,net_kg,4600.0,5100.0,"Weight adjustment from the OTC schedule Adjustment (T) column, 0.5 t. Actual Tonnage on that sheet is already pure waste (Gross - Tare); this is the weight adjustment as recorded in the console. Loaded 2 Sep 2026 on Michelle instruction.",claude-otc-adjustment,2026-09-02 08:10:44.066188+00,backfill
275,22725,net_kg,7120.0,7820.0,"Weight adjustment from the OTC schedule Adjustment (T) column, 0.7 t. Actual Tonnage on that sheet is already pure waste (Gross - Tare); this is the weight adjustment as recorded in the console. Loaded 2 Sep 2026 on Michelle instruction.",claude-otc-adjustment,2026-09-02 08:10:44.066188+00,backfill
276,22688,net_kg,6600.0,7600.0,"Weight adjustment from the OTC schedule Adjustment (T) column, 1.0 t. Actual Tonnage on that sheet is already pure waste (Gross - Tare); this is the weight adjustment as recorded in the console. Loaded 2 Sep 2026 on Michelle instruction.",claude-otc-adjustment,2026-09-02 08:10:44.066188+00,backfill
277,22726,net_kg,2700.0,3700.0,"Weight adjustment from the OTC schedule Adjustment (T) column, 1.0 t. Actual Tonnage on that sheet is already pure waste (Gross - Tare); this is the weight adjustment as recorded in the console. Loaded 2 Sep 2026 on Michelle instruction.",claude-otc-adjustment,2026-09-02 08:10:44.066188+00,backfill
278,22727,net_kg,3840.0,4840.0,"Weight adjustment from the OTC schedule Adjustment (T) column, 1.0 t. Actual Tonnage on that sheet is already pure waste (Gross - Tare); this is the weight adjustment as recorded in the console. Loaded 2 Sep 2026 on Michelle instruction.",claude-otc-adjustment,2026-09-02 08:10:44.066188+00,backfill
279,22781,net_kg,7200.0,7700.0,"Weight adjustment from the OTC schedule Adjustment (T) column, 0.5 t. Actual Tonnage on that sheet is already pure waste (Gross - Tare); this is the weight adjustment as recorded in the console. Loaded 2 Sep 2026 on Michelle instruction.",claude-otc-adjustment,2026-09-02 08:10:44.066188+00,backfill
280,22695,net_kg,2100.0,3100.0,"Weight adjustment from the OTC schedule Adjustment (T) column, 1.0 t. Actual Tonnage on that sheet is already pure waste (Gross - Tare); this is the weight adjustment as recorded in the console. Loaded 2 Sep 2026 on Michelle instruction.",claude-otc-adjustment,2026-09-02 08:10:44.066188+00,backfill
281,22923,net_kg,5940.0,7040.0,"Weight adjustment from the OTC schedule Adjustment (T) column, 1.1 t. Actual Tonnage on that sheet is already pure waste (Gross - Tare); this is the weight adjustment as recorded in the console. Loaded 2 Sep 2026 on Michelle instruction.",claude-otc-adjustment,2026-09-02 08:10:44.066188+00,backfill
282,22696,net_kg,2060.0,2860.0,"Weight adjustment from the OTC schedule Adjustment (T) column, 0.8 t. Actual Tonnage on that sheet is already pure waste (Gross - Tare); this is the weight adjustment as recorded in the console. Loaded 2 Sep 2026 on Michelle instruction.",claude-otc-adjustment,2026-09-02 08:10:44.066188+00,backfill
283,22741,net_kg,2060.0,3060.0,"Weight adjustment from the OTC schedule Adjustment (T) column, 1.0 t. Actual Tonnage on that sheet is already pure waste (Gross - Tare); this is the weight adjustment as recorded in the console. Loaded 2 Sep 2026 on Michelle instruction.",claude-otc-adjustment,2026-09-02 08:10:44.066188+00,backfill
284,22699,net_kg,1860.0,2860.0,"Weight adjustment from the OTC schedule Adjustment (T) column, 1.0 t. Actual Tonnage on that sheet is already pure waste (Gross - Tare); this is the weight adjustment as recorded in the console. Loaded 2 Sep 2026 on Michelle instruction.",claude-otc-adjustment,2026-09-02 08:10:44.066188+00,backfill
285,22931,net_kg,1290.0,3790.0,"Weight adjustment from the OTC schedule Adjustment (T) column, 2.5 t. Actual Tonnage on that sheet is already pure waste (Gross - Tare); this is the weight adjustment as recorded in the console. Loaded 2 Sep 2026 on Michelle instruction.",claude-otc-adjustment,2026-09-02 08:10:44.066188+00,backfill
286,22783,net_kg,1280.0,2280.0,"Weight adjustment from the OTC schedule Adjustment (T) column, 1.0 t. Actual Tonnage on that sheet is already pure waste (Gross - Tare); this is the weight adjustment as recorded in the console. Loaded 2 Sep 2026 on Michelle instruction.",claude-otc-adjustment,2026-09-02 08:10:44.066188+00,backfill
287,22743,net_kg,1580.0,2380.0,"Weight adjustment from the OTC schedule Adjustment (T) column, 0.8 t. Actual Tonnage on that sheet is already pure waste (Gross - Tare); this is the weight adjustment as recorded in the console. Loaded 2 Sep 2026 on Michelle instruction.",claude-otc-adjustment,2026-09-02 08:10:44.066188+00,backfill
288,22933,net_kg,1670.0,2370.0,"Weight adjustment from the OTC schedule Adjustment (T) column, 0.7 t. Actual Tonnage on that sheet is already pure waste (Gross - Tare); this is the weight adjustment as recorded in the console. Loaded 2 Sep 2026 on Michelle instruction.",claude-otc-adjustment,2026-09-02 08:10:44.066188+00,backfill
289,22955,net_kg,6400.0,6900.0,"Weight adjustment from the OTC schedule Adjustment (T) column, 0.5 t. Actual Tonnage on that sheet is already pure waste (Gross - Tare); this is the weight adjustment as recorded in the console. Loaded 2 Sep 2026 on Michelle instruction.",claude-otc-adjustment,2026-09-02 08:10:44.066188+00,backfill
290,22789,net_kg,5620.0,6120.0,"Weight adjustment from the OTC schedule Adjustment (T) column, 0.5 t. Actual Tonnage on that sheet is already pure waste (Gross - Tare); this is the weight adjustment as recorded in the console. Loaded 2 Sep 2026 on Michelle instruction.",claude-otc-adjustment,2026-09-02 08:10:44.066188+00,backfill
291,22935,net_kg,3080.0,4080.0,"Weight adjustment from the OTC schedule Adjustment (T) column, 1.0 t. Actual Tonnage on that sheet is already pure waste (Gross - Tare); this is the weight adjustment as recorded in the console. Loaded 2 Sep 2026 on Michelle instruction.",claude-otc-adjustment,2026-09-02 08:10:44.066188+00,backfill
292,22962,net_kg,1500.0,2500.0,"Weight adjustment from the OTC schedule Adjustment (T) column, 1.0 t. Actual Tonnage on that sheet is already pure waste (Gross - Tare); this is the weight adjustment as recorded in the console. Loaded 2 Sep 2026 on Michelle instruction.",claude-otc-adjustment,2026-09-02 08:10:44.066188+00,backfill
293,22806,net_kg,2150.0,5150.0,"Weight adjustment from the OTC schedule Adjustment (T) column, 3.0 t. Actual Tonnage on that sheet is already pure waste (Gross - Tare); this is the weight adjustment as recorded in the console. Loaded 2 Sep 2026 on Michelle instruction.",claude-otc-adjustment,2026-09-02 08:10:44.066188+00,backfill
294,22797,net_kg,4530.0,5630.0,"Weight adjustment from the OTC schedule Adjustment (T) column, 1.1 t. Actual Tonnage on that sheet is already pure waste (Gross - Tare); this is the weight adjustment as recorded in the console. Loaded 2 Sep 2026 on Michelle instruction.",claude-otc-adjustment,2026-09-02 08:10:44.066188+00,backfill
295,22964,net_kg,2000.0,3000.0,"Weight adjustment from the OTC schedule Adjustment (T) column, 1.0 t. Actual Tonnage on that sheet is already pure waste (Gross - Tare); this is the weight adjustment as recorded in the console. Loaded 2 Sep 2026 on Michelle instruction.",claude-otc-adjustment,2026-09-02 08:10:44.066188+00,backfill
296,22971,net_kg,5100.0,8100.0,"Weight adjustment from the OTC schedule Adjustment (T) column, 3.0 t. Actual Tonnage on that sheet is already pure waste (Gross - Tare); this is the weight adjustment as recorded in the console. Loaded 2 Sep 2026 on Michelle instruction.",claude-otc-adjustment,2026-09-02 08:10:44.066188+00,backfill
297,22891,net_kg,1590.0,2390.0,"Weight adjustment from the OTC schedule Adjustment (T) column, 0.8 t. Actual Tonnage on that sheet is already pure waste (Gross - Tare); this is the weight adjustment as recorded in the console. Loaded 2 Sep 2026 on Michelle instruction.",claude-otc-adjustment,2026-09-02 08:10:44.066188+00,backfill
298,22732,net_kg,6320.0,8820.0,"Weight adjustment from the OTC schedule Adjustment (T) column, 2.5 t. Actual Tonnage on that sheet is already pure waste (Gross - Tare); this is the weight adjustment as recorded in the console. Loaded 2 Sep 2026 on Michelle instruction.",claude-otc-adjustment,2026-09-02 08:10:44.066188+00,backfill
299,22697,net_kg,2000.0,3000.0,"Weight adjustment from the OTC schedule Adjustment (T) column, 1.0 t. Actual Tonnage on that sheet is already pure waste (Gross - Tare); this is the weight adjustment as recorded in the console. Loaded 2 Sep 2026 on Michelle instruction.",claude-otc-adjustment,2026-09-02 08:10:44.066188+00,backfill
300,22784,net_kg,6000.0,7200.0,"Weight adjustment from the OTC schedule Adjustment (T) column, 1.2 t. Actual Tonnage on that sheet is already pure waste (Gross - Tare); this is the weight adjustment as recorded in the console. Loaded 2 Sep 2026 on Michelle instruction.",claude-otc-adjustment,2026-09-02 08:10:44.066188+00,backfill
301,22700,net_kg,2100.0,2900.0,"Weight adjustment from the OTC schedule Adjustment (T) column, 0.8 t. Actual Tonnage on that sheet is already pure waste (Gross - Tare); this is the weight adjustment as recorded in the console. Loaded 2 Sep 2026 on Michelle instruction.",claude-otc-adjustment,2026-09-02 08:10:44.066188+00,backfill
302,22740,net_kg,2560.0,3560.0,"Weight adjustment from the OTC schedule Adjustment (T) column, 1.0 t. Actual Tonnage on that sheet is already pure waste (Gross - Tare); this is the weight adjustment as recorded in the console. Loaded 2 Sep 2026 on Michelle instruction.",claude-otc-adjustment,2026-09-02 08:10:44.066188+00,backfill
303,22109,net_kg,4550.0,7550.0,"Weight adjustment from the OTC schedule Adjustment (T) column, 3.0 t. Actual Tonnage on that sheet is already pure waste (Gross - Tare); this is the weight adjustment as recorded in the console. Loaded 2 Sep 2026 on Michelle instruction.",claude-otc-adjustment,2026-09-02 08:10:44.066188+00,backfill
304,22927,net_kg,1070.0,1570.0,"Weight adjustment from the OTC schedule Adjustment (T) column, 0.5 t. Actual Tonnage on that sheet is already pure waste (Gross - Tare); this is the weight adjustment as recorded in the console. Loaded 2 Sep 2026 on Michelle instruction.",claude-otc-adjustment,2026-09-02 08:10:44.066188+00,backfill
305,22953,net_kg,1400.0,2400.0,"Weight adjustment from the OTC schedule Adjustment (T) column, 1.0 t. Actual Tonnage on that sheet is already pure waste (Gross - Tare); this is the weight adjustment as recorded in the console. Loaded 2 Sep 2026 on Michelle instruction.",claude-otc-adjustment,2026-09-02 08:10:44.066188+00,backfill
306,22932,net_kg,1700.0,2500.0,"Weight adjustment from the OTC schedule Adjustment (T) column, 0.8 t. Actual Tonnage on that sheet is already pure waste (Gross - Tare); this is the weight adjustment as recorded in the console. Loaded 2 Sep 2026 on Michelle instruction.",claude-otc-adjustment,2026-09-02 08:10:44.066188+00,backfill
307,22785,net_kg,890.0,1890.0,"Weight adjustment from the OTC schedule Adjustment (T) column, 1.0 t. Actual Tonnage on that sheet is already pure waste (Gross - Tare); this is the weight adjustment as recorded in the console. Loaded 2 Sep 2026 on Michelle instruction.",claude-otc-adjustment,2026-09-02 08:10:44.066188+00,backfill
308,22957,net_kg,6400.0,6900.0,"Weight adjustment from the OTC schedule Adjustment (T) column, 0.5 t. Actual Tonnage on that sheet is already pure waste (Gross - Tare); this is the weight adjustment as recorded in the console. Loaded 2 Sep 2026 on Michelle instruction.",claude-otc-adjustment,2026-09-02 08:10:44.066188+00,backfill
309,22791,net_kg,2080.0,2880.0,"Weight adjustment from the OTC schedule Adjustment (T) column, 0.8 t. Actual Tonnage on that sheet is already pure waste (Gross - Tare); this is the weight adjustment as recorded in the console. Loaded 2 Sep 2026 on Michelle instruction.",claude-otc-adjustment,2026-09-02 08:10:44.066188+00,backfill
310,22805,net_kg,2550.0,3550.0,"Weight adjustment from the OTC schedule Adjustment (T) column, 1.0 t. Actual Tonnage on that sheet is already pure waste (Gross - Tare); this is the weight adjustment as recorded in the console. Loaded 2 Sep 2026 on Michelle instruction.",claude-otc-adjustment,2026-09-02 08:10:44.066188+00,backfill
311,20803,net_kg,2040.0,3040.0,"Weight adjustment from the OTC schedule Adjustment (T) column, 1.0 t. Actual Tonnage on that sheet is already pure waste (Gross - Tare); this is the weight adjustment as recorded in the console. Loaded 2 Sep 2026 on Michelle instruction.",claude-otc-adjustment,2026-09-02 08:10:44.066188+00,backfill
312,22968,net_kg,2400.0,3400.0,"Weight adjustment from the OTC schedule Adjustment (T) column, 1.0 t. Actual Tonnage on that sheet is already pure waste (Gross - Tare); this is the weight adjustment as recorded in the console. Loaded 2 Sep 2026 on Michelle instruction.",claude-otc-adjustment,2026-09-02 08:10:44.066188+00,backfill
313,22694,net_kg,1700.0,2700.0,"Weight adjustment from the OTC schedule Adjustment (T) column, 1.0 t. Actual Tonnage on that sheet is already pure waste (Gross - Tare); this is the weight adjustment as recorded in the console. Loaded 2 Sep 2026 on Michelle instruction.",claude-otc-adjustment,2026-09-02 08:10:44.066188+00,backfill
314,22736,net_kg,4370.0,5470.0,"Weight adjustment from the OTC schedule Adjustment (T) column, 1.1 t. Actual Tonnage on that sheet is already pure waste (Gross - Tare); this is the weight adjustment as recorded in the console. Loaded 2 Sep 2026 on Michelle instruction.",claude-otc-adjustment,2026-09-02 08:10:44.066188+00,backfill
315,22698,net_kg,2290.0,3290.0,"Weight adjustment from the OTC schedule Adjustment (T) column, 1.0 t. Actual Tonnage on that sheet is already pure waste (Gross - Tare); this is the weight adjustment as recorded in the console. Loaded 2 Sep 2026 on Michelle instruction.",claude-otc-adjustment,2026-09-02 08:10:44.066188+00,backfill
316,22951,net_kg,4000.0,7000.0,"Weight adjustment from the OTC schedule Adjustment (T) column, 3.0 t. Actual Tonnage on that sheet is already pure waste (Gross - Tare); this is the weight adjustment as recorded in the console. Loaded 2 Sep 2026 on Michelle instruction.",claude-otc-adjustment,2026-09-02 08:10:44.066188+00,backfill
317,22954,net_kg,1050.0,1750.0,"Weight adjustment from the OTC schedule Adjustment (T) column, 0.7 t. Actual Tonnage on that sheet is already pure waste (Gross - Tare); this is the weight adjustment as recorded in the console. Loaded 2 Sep 2026 on Michelle instruction.",claude-otc-adjustment,2026-09-02 08:10:44.066188+00,backfill
318,FB693349,net_kg,1530.0,1830.0,"Weight adjustment from the OTC schedule Adjustment (T) column, 0.3 t. Actual Tonnage on that sheet is already pure waste (Gross - Tare); this is the weight adjustment as recorded in the console. Loaded 2 Sep 2026 on Michelle instruction.",claude-otc-adjustment,2026-09-02 08:10:44.066188+00,backfill
319,22792,net_kg,2330.0,3330.0,"Weight adjustment from the OTC schedule Adjustment (T) column, 1.0 t. Actual Tonnage on that sheet is already pure waste (Gross - Tare); this is the weight adjustment as recorded in the console. Loaded 2 Sep 2026 on Michelle instruction.",claude-otc-adjustment,2026-09-02 08:10:44.066188+00,backfill
320,22788,net_kg,5770.0,6270.0,"Weight adjustment from the OTC schedule Adjustment (T) column, 0.5 t. Actual Tonnage on that sheet is already pure waste (Gross - Tare); this is the weight adjustment as recorded in the console. Loaded 2 Sep 2026 on Michelle instruction.",claude-otc-adjustment,2026-09-02 08:10:44.066188+00,backfill
321,22936,net_kg,2900.0,3900.0,"Weight adjustment from the OTC schedule Adjustment (T) column, 1.0 t. Actual Tonnage on that sheet is already pure waste (Gross - Tare); this is the weight adjustment as recorded in the console. Loaded 2 Sep 2026 on Michelle instruction.",claude-otc-adjustment,2026-09-02 08:10:44.066188+00,backfill
322,22942,net_kg,2180.0,3180.0,"Weight adjustment from the OTC schedule Adjustment (T) column, 1.0 t. Actual Tonnage on that sheet is already pure waste (Gross - Tare); this is the weight adjustment as recorded in the console. Loaded 2 Sep 2026 on Michelle instruction.",claude-otc-adjustment,2026-09-02 08:10:44.066188+00,backfill
323,20804,net_kg,950.0,1950.0,"Weight adjustment from the OTC schedule Adjustment (T) column, 1.0 t. Actual Tonnage on that sheet is already pure waste (Gross - Tare); this is the weight adjustment as recorded in the console. Loaded 2 Sep 2026 on Michelle instruction.",claude-otc-adjustment,2026-09-02 08:10:44.066188+00,backfill
324,22807,net_kg,2440.0,3440.0,"Weight adjustment from the OTC schedule Adjustment (T) column, 1.0 t. Actual Tonnage on that sheet is already pure waste (Gross - Tare); this is the weight adjustment as recorded in the console. Loaded 2 Sep 2026 on Michelle instruction.",claude-otc-adjustment,2026-09-02 08:10:44.066188+00,backfill
325,22969,net_kg,2800.0,3800.0,"Weight adjustment from the OTC schedule Adjustment (T) column, 1.0 t. Actual Tonnage on that sheet is already pure waste (Gross - Tare); this is the weight adjustment as recorded in the console. Loaded 2 Sep 2026 on Michelle instruction.",claude-otc-adjustment,2026-09-02 08:10:44.066188+00,backfill
326,22814,net_kg,2270.0,3270.0,"Weight adjustment from the OTC schedule Adjustment (T) column, 1.0 t. Actual Tonnage on that sheet is already pure waste (Gross - Tare); this is the weight adjustment as recorded in the console. Loaded 2 Sep 2026 on Michelle instruction.",claude-otc-adjustment,2026-09-02 08:10:44.066188+00,backfill
327,22950,net_kg,2560.0,3560.0,"Weight adjustment from the OTC schedule Adjustment (T) column, 1.0 t. Actual Tonnage on that sheet is already pure waste (Gross - Tare); this is the weight adjustment as recorded in the console. Loaded 2 Sep 2026 on Michelle instruction.",claude-otc-adjustment,2026-09-02 08:10:44.066188+00,backfill
328,22949,net_kg,2350.0,3350.0,"Weight adjustment from the OTC schedule Adjustment (T) column, 1.0 t. Actual Tonnage on that sheet is already pure waste (Gross - Tare); this is the weight adjustment as recorded in the console. Loaded 2 Sep 2026 on Michelle instruction.",claude-otc-adjustment,2026-09-02 08:10:44.066188+00,backfill
329,22818,net_kg,1350.0,2150.0,"Weight adjustment from the OTC schedule Adjustment (T) column, 0.8 t. Actual Tonnage on that sheet is already pure waste (Gross - Tare); this is the weight adjustment as recorded in the console. Loaded 2 Sep 2026 on Michelle instruction.",claude-otc-adjustment,2026-09-02 08:10:44.066188+00,backfill
330,22947,net_kg,2500.0,3500.0,"Weight adjustment from the OTC schedule Adjustment (T) column, 1.0 t. Actual Tonnage on that sheet is already pure waste (Gross - Tare); this is the weight adjustment as recorded in the console. Loaded 2 Sep 2026 on Michelle instruction.",claude-otc-adjustment,2026-09-02 08:10:44.066188+00,backfill
331,22825,net_kg,6300.0,7000.0,"Weight adjustment from the OTC schedule Adjustment (T) column, 0.7 t. Actual Tonnage on that sheet is already pure waste (Gross - Tare); this is the weight adjustment as recorded in the console. Loaded 2 Sep 2026 on Michelle instruction.",claude-otc-adjustment,2026-09-02 08:10:44.066188+00,backfill
332,22982,net_kg,2700.0,3700.0,"Weight adjustment from the OTC schedule Adjustment (T) column, 1.0 t. Actual Tonnage on that sheet is already pure waste (Gross - Tare); this is the weight adjustment as recorded in the console. Loaded 2 Sep 2026 on Michelle instruction.",claude-otc-adjustment,2026-09-02 08:10:44.066188+00,backfill
333,22832,net_kg,4520.0,5620.0,"Weight adjustment from the OTC schedule Adjustment (T) column, 1.1 t. Actual Tonnage on that sheet is already pure waste (Gross - Tare); this is the weight adjustment as recorded in the console. Loaded 2 Sep 2026 on Michelle instruction.",claude-otc-adjustment,2026-09-02 08:10:44.066188+00,backfill
334,23009,net_kg,2360.0,3360.0,"Weight adjustment from the OTC schedule Adjustment (T) column, 1.0 t. Actual Tonnage on that sheet is already pure waste (Gross - Tare); this is the weight adjustment as recorded in the console. Loaded 2 Sep 2026 on Michelle instruction.",claude-otc-adjustment,2026-09-02 08:10:44.066188+00,backfill
335,22991,net_kg,2900.0,3900.0,"Weight adjustment from the OTC schedule Adjustment (T) column, 1.0 t. Actual Tonnage on that sheet is already pure waste (Gross - Tare); this is the weight adjustment as recorded in the console. Loaded 2 Sep 2026 on Michelle instruction.",claude-otc-adjustment,2026-09-02 08:10:44.066188+00,backfill
336,22840,net_kg,1990.0,2790.0,"Weight adjustment from the OTC schedule Adjustment (T) column, 0.8 t. Actual Tonnage on that sheet is already pure waste (Gross - Tare); this is the weight adjustment as recorded in the console. Loaded 2 Sep 2026 on Michelle instruction.",claude-otc-adjustment,2026-09-02 08:10:44.066188+00,backfill
337,23064,net_kg,1040.0,1640.0,"Weight adjustment from the OTC schedule Adjustment (T) column, 0.6 t. Actual Tonnage on that sheet is already pure waste (Gross - Tare); this is the weight adjustment as recorded in the console. Loaded 2 Sep 2026 on Michelle instruction.",claude-otc-adjustment,2026-09-02 08:10:44.066188+00,backfill
338,22997,net_kg,3500.0,4600.0,"Weight adjustment from the OTC schedule Adjustment (T) column, 1.1 t. Actual Tonnage on that sheet is already pure waste (Gross - Tare); this is the weight adjustment as recorded in the console. Loaded 2 Sep 2026 on Michelle instruction.",claude-otc-adjustment,2026-09-02 08:10:44.066188+00,backfill
339,22847,net_kg,2980.0,3480.0,"Weight adjustment from the OTC schedule Adjustment (T) column, 0.5 t. Actual Tonnage on that sheet is already pure waste (Gross - Tare); this is the weight adjustment as recorded in the console. Loaded 2 Sep 2026 on Michelle instruction.",claude-otc-adjustment,2026-09-02 08:10:44.066188+00,backfill
340,23000,net_kg,2700.0,5700.0,"Weight adjustment from the OTC schedule Adjustment (T) column, 3.0 t. Actual Tonnage on that sheet is already pure waste (Gross - Tare); this is the weight adjustment as recorded in the console. Loaded 2 Sep 2026 on Michelle instruction.",claude-otc-adjustment,2026-09-02 08:10:44.066188+00,backfill
341,23070,net_kg,1850.0,2650.0,"Weight adjustment from the OTC schedule Adjustment (T) column, 0.8 t. Actual Tonnage on that sheet is already pure waste (Gross - Tare); this is the weight adjustment as recorded in the console. Loaded 2 Sep 2026 on Michelle instruction.",claude-otc-adjustment,2026-09-02 08:10:44.066188+00,backfill
342,23072,net_kg,2810.0,3910.0,"Weight adjustment from the OTC schedule Adjustment (T) column, 1.1 t. Actual Tonnage on that sheet is already pure waste (Gross - Tare); this is the weight adjustment as recorded in the console. Loaded 2 Sep 2026 on Michelle instruction.",claude-otc-adjustment,2026-09-02 08:10:44.066188+00,backfill
343,22311,net_kg,1400.0,2200.0,"Weight adjustment from the OTC schedule Adjustment (T) column, 0.8 t. Actual Tonnage on that sheet is already pure waste (Gross - Tare); this is the weight adjustment as recorded in the console. Loaded 2 Sep 2026 on Michelle instruction.",claude-otc-adjustment,2026-09-02 08:10:44.066188+00,backfill
344,22855,net_kg,1940.0,2940.0,"Weight adjustment from the OTC schedule Adjustment (T) column, 1.0 t. Actual Tonnage on that sheet is already pure waste (Gross - Tare); this is the weight adjustment as recorded in the console. Loaded 2 Sep 2026 on Michelle instruction.",claude-otc-adjustment,2026-09-02 08:10:44.066188+00,backfill
345,22819,net_kg,1690.0,2690.0,"Weight adjustment from the OTC schedule Adjustment (T) column, 1.0 t. Actual Tonnage on that sheet is already pure waste (Gross - Tare); this is the weight adjustment as recorded in the console. Loaded 2 Sep 2026 on Michelle instruction.",claude-otc-adjustment,2026-09-02 08:10:44.066188+00,backfill
346,22822,net_kg,1370.0,2370.0,"Weight adjustment from the OTC schedule Adjustment (T) column, 1.0 t. Actual Tonnage on that sheet is already pure waste (Gross - Tare); this is the weight adjustment as recorded in the console. Loaded 2 Sep 2026 on Michelle instruction.",claude-otc-adjustment,2026-09-02 08:10:44.066188+00,backfill
347,23059,net_kg,3100.0,4100.0,"Weight adjustment from the OTC schedule Adjustment (T) column, 1.0 t. Actual Tonnage on that sheet is already pure waste (Gross - Tare); this is the weight adjustment as recorded in the console. Loaded 2 Sep 2026 on Michelle instruction.",claude-otc-adjustment,2026-09-02 08:10:44.066188+00,backfill
348,22983,net_kg,2300.0,3000.0,"Weight adjustment from the OTC schedule Adjustment (T) column, 0.7 t. Actual Tonnage on that sheet is already pure waste (Gross - Tare); this is the weight adjustment as recorded in the console. Loaded 2 Sep 2026 on Michelle instruction.",claude-otc-adjustment,2026-09-02 08:10:44.066188+00,backfill
349,23060,net_kg,2200.0,3200.0,"Weight adjustment from the OTC schedule Adjustment (T) column, 1.0 t. Actual Tonnage on that sheet is already pure waste (Gross - Tare); this is the weight adjustment as recorded in the console. Loaded 2 Sep 2026 on Michelle instruction.",claude-otc-adjustment,2026-09-02 08:10:44.066188+00,backfill
350,22988,net_kg,2000.0,3000.0,"Weight adjustment from the OTC schedule Adjustment (T) column, 1.0 t. Actual Tonnage on that sheet is already pure waste (Gross - Tare); this is the weight adjustment as recorded in the console. Loaded 2 Sep 2026 on Michelle instruction.",claude-otc-adjustment,2026-09-02 08:10:44.066188+00,backfill
351,22835,net_kg,2670.0,3670.0,"Weight adjustment from the OTC schedule Adjustment (T) column, 1.0 t. Actual Tonnage on that sheet is already pure waste (Gross - Tare); this is the weight adjustment as recorded in the console. Loaded 2 Sep 2026 on Michelle instruction.",claude-otc-adjustment,2026-09-02 08:10:44.066188+00,backfill
352,23062,net_kg,3170.0,6170.0,"Weight adjustment from the OTC schedule Adjustment (T) column, 3.0 t. Actual Tonnage on that sheet is already pure waste (Gross - Tare); this is the weight adjustment as recorded in the console. Loaded 2 Sep 2026 on Michelle instruction.",claude-otc-adjustment,2026-09-02 08:10:44.066188+00,backfill
353,22841,net_kg,2310.0,3310.0,"Weight adjustment from the OTC schedule Adjustment (T) column, 1.0 t. Actual Tonnage on that sheet is already pure waste (Gross - Tare); this is the weight adjustment as recorded in the console. Loaded 2 Sep 2026 on Michelle instruction.",claude-otc-adjustment,2026-09-02 08:10:44.066188+00,backfill
354,22996,net_kg,4900.0,7900.0,"Weight adjustment from the OTC schedule Adjustment (T) column, 3.0 t. Actual Tonnage on that sheet is already pure waste (Gross - Tare); this is the weight adjustment as recorded in the console. Loaded 2 Sep 2026 on Michelle instruction.",claude-otc-adjustment,2026-09-02 08:10:44.066188+00,backfill
355,23021,net_kg,2360.0,3560.0,"Weight adjustment from the OTC schedule Adjustment (T) column, 1.2 t. Actual Tonnage on that sheet is already pure waste (Gross - Tare); this is the weight adjustment as recorded in the console. Loaded 2 Sep 2026 on Michelle instruction.",claude-otc-adjustment,2026-09-02 08:10:44.066188+00,backfill
356,23069,net_kg,2330.0,3330.0,"Weight adjustment from the OTC schedule Adjustment (T) column, 1.0 t. Actual Tonnage on that sheet is already pure waste (Gross - Tare); this is the weight adjustment as recorded in the console. Loaded 2 Sep 2026 on Michelle instruction.",claude-otc-adjustment,2026-09-02 08:10:44.066188+00,backfill
357,22850,net_kg,1760.0,2560.0,"Weight adjustment from the OTC schedule Adjustment (T) column, 0.8 t. Actual Tonnage on that sheet is already pure waste (Gross - Tare); this is the weight adjustment as recorded in the console. Loaded 2 Sep 2026 on Michelle instruction.",claude-otc-adjustment,2026-09-02 08:10:44.066188+00,backfill
358,23075,net_kg,2140.0,3140.0,"Weight adjustment from the OTC schedule Adjustment (T) column, 1.0 t. Actual Tonnage on that sheet is already pure waste (Gross - Tare); this is the weight adjustment as recorded in the console. Loaded 2 Sep 2026 on Michelle instruction.",claude-otc-adjustment,2026-09-02 08:10:44.066188+00,backfill
359,22853,net_kg,1380.0,2180.0,"Weight adjustment from the OTC schedule Adjustment (T) column, 0.8 t. Actual Tonnage on that sheet is already pure waste (Gross - Tare); this is the weight adjustment as recorded in the console. Loaded 2 Sep 2026 on Michelle instruction.",claude-otc-adjustment,2026-09-02 08:10:44.066188+00,backfill
360,23001,net_kg,5450.0,6450.0,"Weight adjustment from the OTC schedule Adjustment (T) column, 1.0 t. Actual Tonnage on that sheet is already pure waste (Gross - Tare); this is the weight adjustment as recorded in the console. Loaded 2 Sep 2026 on Michelle instruction.",claude-otc-adjustment,2026-09-02 08:10:44.066188+00,backfill
361,22829,net_kg,2250.0,3250.0,"Weight adjustment from the OTC schedule Adjustment (T) column, 1.0 t. Actual Tonnage on that sheet is already pure waste (Gross - Tare); this is the weight adjustment as recorded in the console. Loaded 2 Sep 2026 on Michelle instruction.",claude-otc-adjustment,2026-09-02 08:10:44.066188+00,backfill
362,23056,net_kg,3630.0,4730.0,"Weight adjustment from the OTC schedule Adjustment (T) column, 1.1 t. Actual Tonnage on that sheet is already pure waste (Gross - Tare); this is the weight adjustment as recorded in the console. Loaded 2 Sep 2026 on Michelle instruction.",claude-otc-adjustment,2026-09-02 08:10:44.066188+00,backfill
363,22830,net_kg,1480.0,2480.0,"Weight adjustment from the OTC schedule Adjustment (T) column, 1.0 t. Actual Tonnage on that sheet is already pure waste (Gross - Tare); this is the weight adjustment as recorded in the console. Loaded 2 Sep 2026 on Michelle instruction.",claude-otc-adjustment,2026-09-02 08:10:44.066188+00,backfill
364,23061,net_kg,2000.0,3000.0,"Weight adjustment from the OTC schedule Adjustment (T) column, 1.0 t. Actual Tonnage on that sheet is already pure waste (Gross - Tare); this is the weight adjustment as recorded in the console. Loaded 2 Sep 2026 on Michelle instruction.",claude-otc-adjustment,2026-09-02 08:10:44.066188+00,backfill
365,22995,net_kg,4000.0,5100.0,"Weight adjustment from the OTC schedule Adjustment (T) column, 1.1 t. Actual Tonnage on that sheet is already pure waste (Gross - Tare); this is the weight adjustment as recorded in the console. Loaded 2 Sep 2026 on Michelle instruction.",claude-otc-adjustment,2026-09-02 08:10:44.066188+00,backfill
366,22838,net_kg,1910.0,2710.0,"Weight adjustment from the OTC schedule Adjustment (T) column, 0.8 t. Actual Tonnage on that sheet is already pure waste (Gross - Tare); this is the weight adjustment as recorded in the console. Loaded 2 Sep 2026 on Michelle instruction.",claude-otc-adjustment,2026-09-02 08:10:44.066188+00,backfill
367,22837,net_kg,2670.0,3670.0,"Weight adjustment from the OTC schedule Adjustment (T) column, 1.0 t. Actual Tonnage on that sheet is already pure waste (Gross - Tare); this is the weight adjustment as recorded in the console. Loaded 2 Sep 2026 on Michelle instruction.",claude-otc-adjustment,2026-09-02 08:10:44.066188+00,backfill
368,23018,net_kg,4060.0,5060.0,"Weight adjustment from the OTC schedule Adjustment (T) column, 1.0 t. Actual Tonnage on that sheet is already pure waste (Gross - Tare); this is the weight adjustment as recorded in the console. Loaded 2 Sep 2026 on Michelle instruction.",claude-otc-adjustment,2026-09-02 08:10:44.066188+00,backfill
369,22305,net_kg,9300.0,11300.0,"Weight adjustment from the OTC schedule Adjustment (T) column, 2.0 t. Actual Tonnage on that sheet is already pure waste (Gross - Tare); this is the weight adjustment as recorded in the console. Loaded 2 Sep 2026 on Michelle instruction.",claude-otc-adjustment,2026-09-02 08:10:44.066188+00,backfill
370,22304,net_kg,1800.0,2800.0,"Weight adjustment from the OTC schedule Adjustment (T) column, 1.0 t. Actual Tonnage on that sheet is already pure waste (Gross - Tare); this is the weight adjustment as recorded in the console. Loaded 2 Sep 2026 on Michelle instruction.",claude-otc-adjustment,2026-09-02 08:10:44.066188+00,backfill
371,23071,net_kg,1910.0,2710.0,"Weight adjustment from the OTC schedule Adjustment (T) column, 0.8 t. Actual Tonnage on that sheet is already pure waste (Gross - Tare); this is the weight adjustment as recorded in the console. Loaded 2 Sep 2026 on Michelle instruction.",claude-otc-adjustment,2026-09-02 08:10:44.066188+00,backfill
372,22849,net_kg,3620.0,4420.0,"Weight adjustment from the OTC schedule Adjustment (T) column, 0.8 t. Actual Tonnage on that sheet is already pure waste (Gross - Tare); this is the weight adjustment as recorded in the console. Loaded 2 Sep 2026 on Michelle instruction.",claude-otc-adjustment,2026-09-02 08:10:44.066188+00,backfill
373,23077,net_kg,3300.0,6300.0,"Weight adjustment from the OTC schedule Adjustment (T) column, 3.0 t. Actual Tonnage on that sheet is already pure waste (Gross - Tare); this is the weight adjustment as recorded in the console. Loaded 2 Sep 2026 on Michelle instruction.",claude-otc-adjustment,2026-09-02 08:10:44.066188+00,backfill
374,22308,net_kg,1400.0,2400.0,"Weight adjustment from the OTC schedule Adjustment (T) column, 1.0 t. Actual Tonnage on that sheet is already pure waste (Gross - Tare); this is the weight adjustment as recorded in the console. Loaded 2 Sep 2026 on Michelle instruction.",claude-otc-adjustment,2026-09-02 08:10:44.066188+00,backfill
375,23076,net_kg,2750.0,3750.0,"Weight adjustment from the OTC schedule Adjustment (T) column, 1.0 t. Actual Tonnage on that sheet is already pure waste (Gross - Tare); this is the weight adjustment as recorded in the console. Loaded 2 Sep 2026 on Michelle instruction.",claude-otc-adjustment,2026-09-02 08:10:44.066188+00,backfill
376,23027,net_kg,1080.0,2080.0,"Weight adjustment from the OTC schedule Adjustment (T) column, 1.0 t. Actual Tonnage on that sheet is already pure waste (Gross - Tare); this is the weight adjustment as recorded in the console. Loaded 2 Sep 2026 on Michelle instruction.",claude-otc-adjustment,2026-09-02 08:10:44.066188+00,backfill
377,22315,net_kg,3500.0,4500.0,"Weight adjustment from the OTC schedule Adjustment (T) column, 1.0 t. Actual Tonnage on that sheet is already pure waste (Gross - Tare); this is the weight adjustment as recorded in the console. Loaded 2 Sep 2026 on Michelle instruction.",claude-otc-adjustment,2026-09-02 08:10:44.066188+00,backfill
378,22858,net_kg,670.0,1170.0,"Weight adjustment from the OTC schedule Adjustment (T) column, 0.5 t. Actual Tonnage on that sheet is already pure waste (Gross - Tare); this is the weight adjustment as recorded in the console. Loaded 2 Sep 2026 on Michelle instruction.",claude-otc-adjustment,2026-09-02 08:10:44.066188+00,backfill
379,22316,net_kg,2100.0,3100.0,"Weight adjustment from the OTC schedule Adjustment (T) column, 1.0 t. Actual Tonnage on that sheet is already pure waste (Gross - Tare); this is the weight adjustment as recorded in the console. Loaded 2 Sep 2026 on Michelle instruction.",claude-otc-adjustment,2026-09-02 08:10:44.066188+00,backfill
380,22317,net_kg,3150.0,4150.0,"Weight adjustment from the OTC schedule Adjustment (T) column, 1.0 t. Actual Tonnage on that sheet is already pure waste (Gross - Tare); this is the weight adjustment as recorded in the console. Loaded 2 Sep 2026 on Michelle instruction.",claude-otc-adjustment,2026-09-02 08:10:44.066188+00,backfill
381,22861,net_kg,6120.0,7120.0,"Weight adjustment from the OTC schedule Adjustment (T) column, 1.0 t. Actual Tonnage on that sheet is already pure waste (Gross - Tare); this is the weight adjustment as recorded in the console. Loaded 2 Sep 2026 on Michelle instruction.",claude-otc-adjustment,2026-09-02 08:10:44.066188+00,backfill
382,22865,net_kg,1280.0,2280.0,"Weight adjustment from the OTC schedule Adjustment (T) column, 1.0 t. Actual Tonnage on that sheet is already pure waste (Gross - Tare); this is the weight adjustment as recorded in the console. Loaded 2 Sep 2026 on Michelle instruction.",claude-otc-adjustment,2026-09-02 08:10:44.066188+00,backfill
383,22324,net_kg,2200.0,3000.0,"Weight adjustment from the OTC schedule Adjustment (T) column, 0.8 t. Actual Tonnage on that sheet is already pure waste (Gross - Tare); this is the weight adjustment as recorded in the console. Loaded 2 Sep 2026 on Michelle instruction.",claude-otc-adjustment,2026-09-02 08:10:44.066188+00,backfill
384,22870,net_kg,1390.0,2390.0,"Weight adjustment from the OTC schedule Adjustment (T) column, 1.0 t. Actual Tonnage on that sheet is already pure waste (Gross - Tare); this is the weight adjustment as recorded in the console. Loaded 2 Sep 2026 on Michelle instruction.",claude-otc-adjustment,2026-09-02 08:10:44.066188+00,backfill
385,22869,net_kg,2330.0,3330.0,"Weight adjustment from the OTC schedule Adjustment (T) column, 1.0 t. Actual Tonnage on that sheet is already pure waste (Gross - Tare); this is the weight adjustment as recorded in the console. Loaded 2 Sep 2026 on Michelle instruction.",claude-otc-adjustment,2026-09-02 08:10:44.066188+00,backfill
386,23046,net_kg,2850.0,3950.0,"Weight adjustment from the OTC schedule Adjustment (T) column, 1.1 t. Actual Tonnage on that sheet is already pure waste (Gross - Tare); this is the weight adjustment as recorded in the console. Loaded 2 Sep 2026 on Michelle instruction.",claude-otc-adjustment,2026-09-02 08:10:44.066188+00,backfill
387,23092,net_kg,1510.0,3010.0,"Weight adjustment from the OTC schedule Adjustment (T) column, 1.5 t. Actual Tonnage on that sheet is already pure waste (Gross - Tare); this is the weight adjustment as recorded in the console. Loaded 2 Sep 2026 on Michelle instruction.",claude-otc-adjustment,2026-09-02 08:10:44.066188+00,backfill
388,23098,net_kg,1490.0,2490.0,"Weight adjustment from the OTC schedule Adjustment (T) column, 1.0 t. Actual Tonnage on that sheet is already pure waste (Gross - Tare); this is the weight adjustment as recorded in the console. Loaded 2 Sep 2026 on Michelle instruction.",claude-otc-adjustment,2026-09-02 08:10:44.066188+00,backfill
389,22882,net_kg,1570.0,2370.0,"Weight adjustment from the OTC schedule Adjustment (T) column, 0.8 t. Actual Tonnage on that sheet is already pure waste (Gross - Tare); this is the weight adjustment as recorded in the console. Loaded 2 Sep 2026 on Michelle instruction.",claude-otc-adjustment,2026-09-02 08:10:44.066188+00,backfill
390,22205,net_kg,3200.0,4300.0,"Weight adjustment from the OTC schedule Adjustment (T) column, 1.1 t. Actual Tonnage on that sheet is already pure waste (Gross - Tare); this is the weight adjustment as recorded in the console. Loaded 2 Sep 2026 on Michelle instruction.",claude-otc-adjustment,2026-09-02 08:10:44.066188+00,backfill
391,23100,net_kg,5020.0,6120.0,"Weight adjustment from the OTC schedule Adjustment (T) column, 1.1 t. Actual Tonnage on that sheet is already pure waste (Gross - Tare); this is the weight adjustment as recorded in the console. Loaded 2 Sep 2026 on Michelle instruction.",claude-otc-adjustment,2026-09-02 08:10:44.066188+00,backfill
392,22884,net_kg,4220.0,5320.0,"Weight adjustment from the OTC schedule Adjustment (T) column, 1.1 t. Actual Tonnage on that sheet is already pure waste (Gross - Tare); this is the weight adjustment as recorded in the console. Loaded 2 Sep 2026 on Michelle instruction.",claude-otc-adjustment,2026-09-02 08:10:44.066188+00,backfill
393,22887,net_kg,1970.0,3170.0,"Weight adjustment from the OTC schedule Adjustment (T) column, 1.2 t. Actual Tonnage on that sheet is already pure waste (Gross - Tare); this is the weight adjustment as recorded in the console. Loaded 2 Sep 2026 on Michelle instruction.",claude-otc-adjustment,2026-09-02 08:10:44.066188+00,backfill
394,22209,net_kg,3260.0,4360.0,"Weight adjustment from the OTC schedule Adjustment (T) column, 1.1 t. Actual Tonnage on that sheet is already pure waste (Gross - Tare); this is the weight adjustment as recorded in the console. Loaded 2 Sep 2026 on Michelle instruction.",claude-otc-adjustment,2026-09-02 08:10:44.066188+00,backfill
395,688690,net_kg,1300.0,1600.0,"Weight adjustment from the OTC schedule Adjustment (T) column, 0.3 t. Actual Tonnage on that sheet is already pure waste (Gross - Tare); this is the weight adjustment as recorded in the console. Loaded 2 Sep 2026 on Michelle instruction.",claude-otc-adjustment,2026-09-02 08:10:44.066188+00,backfill
396,22857,net_kg,4550.0,7550.0,"Weight adjustment from the OTC schedule Adjustment (T) column, 3.0 t. Actual Tonnage on that sheet is already pure waste (Gross - Tare); this is the weight adjustment as recorded in the console. Loaded 2 Sep 2026 on Michelle instruction.",claude-otc-adjustment,2026-09-02 08:10:44.066188+00,backfill
397,22860,net_kg,1550.0,2550.0,"Weight adjustment from the OTC schedule Adjustment (T) column, 1.0 t. Actual Tonnage on that sheet is already pure waste (Gross - Tare); this is the weight adjustment as recorded in the console. Loaded 2 Sep 2026 on Michelle instruction.",claude-otc-adjustment,2026-09-02 08:10:44.066188+00,backfill
398,23087,net_kg,1120.0,1520.0,"Weight adjustment from the OTC schedule Adjustment (T) column, 0.4 t. Actual Tonnage on that sheet is already pure waste (Gross - Tare); this is the weight adjustment as recorded in the console. Loaded 2 Sep 2026 on Michelle instruction.",claude-otc-adjustment,2026-09-02 08:10:44.066188+00,backfill
399,22319,net_kg,3050.0,4050.0,"Weight adjustment from the OTC schedule Adjustment (T) column, 1.0 t. Actual Tonnage on that sheet is already pure waste (Gross - Tare); this is the weight adjustment as recorded in the console. Loaded 2 Sep 2026 on Michelle instruction.",claude-otc-adjustment,2026-09-02 08:10:44.066188+00,backfill
400,22321,net_kg,3800.0,4900.0,"Weight adjustment from the OTC schedule Adjustment (T) column, 1.1 t. Actual Tonnage on that sheet is already pure waste (Gross - Tare); this is the weight adjustment as recorded in the console. Loaded 2 Sep 2026 on Michelle instruction.",claude-otc-adjustment,2026-09-02 08:10:44.066188+00,backfill
401,23044,net_kg,2250.0,3250.0,"Weight adjustment from the OTC schedule Adjustment (T) column, 1.0 t. Actual Tonnage on that sheet is already pure waste (Gross - Tare); this is the weight adjustment as recorded in the console. Loaded 2 Sep 2026 on Michelle instruction.",claude-otc-adjustment,2026-09-02 08:10:44.066188+00,backfill
402,22868,net_kg,3650.0,4650.0,"Weight adjustment from the OTC schedule Adjustment (T) column, 1.0 t. Actual Tonnage on that sheet is already pure waste (Gross - Tare); this is the weight adjustment as recorded in the console. Loaded 2 Sep 2026 on Michelle instruction.",claude-otc-adjustment,2026-09-02 08:10:44.066188+00,backfill
403,23045,net_kg,1580.0,2380.0,"Weight adjustment from the OTC schedule Adjustment (T) column, 0.8 t. Actual Tonnage on that sheet is already pure waste (Gross - Tare); this is the weight adjustment as recorded in the console. Loaded 2 Sep 2026 on Michelle instruction.",claude-otc-adjustment,2026-09-02 08:10:44.066188+00,backfill
404,23047,net_kg,3620.0,4720.0,"Weight adjustment from the OTC schedule Adjustment (T) column, 1.1 t. Actual Tonnage on that sheet is already pure waste (Gross - Tare); this is the weight adjustment as recorded in the console. Loaded 2 Sep 2026 on Michelle instruction.",claude-otc-adjustment,2026-09-02 08:10:44.066188+00,backfill
405,22878,net_kg,2850.0,3950.0,"Weight adjustment from the OTC schedule Adjustment (T) column, 1.1 t. Actual Tonnage on that sheet is already pure waste (Gross - Tare); this is the weight adjustment as recorded in the console. Loaded 2 Sep 2026 on Michelle instruction.",claude-otc-adjustment,2026-09-02 08:10:44.066188+00,backfill
406,22338,net_kg,1900.0,2900.0,"Weight adjustment from the OTC schedule Adjustment (T) column, 1.0 t. Actual Tonnage on that sheet is already pure waste (Gross - Tare); this is the weight adjustment as recorded in the console. Loaded 2 Sep 2026 on Michelle instruction.",claude-otc-adjustment,2026-09-02 08:10:44.066188+00,backfill
407,22339,net_kg,2320.0,3320.0,"Weight adjustment from the OTC schedule Adjustment (T) column, 1.0 t. Actual Tonnage on that sheet is already pure waste (Gross - Tare); this is the weight adjustment as recorded in the console. Loaded 2 Sep 2026 on Michelle instruction.",claude-otc-adjustment,2026-09-02 08:10:44.066188+00,backfill
408,22207,net_kg,4920.0,7920.0,"Weight adjustment from the OTC schedule Adjustment (T) column, 3.0 t. Actual Tonnage on that sheet is already pure waste (Gross - Tare); this is the weight adjustment as recorded in the console. Loaded 2 Sep 2026 on Michelle instruction.",claude-otc-adjustment,2026-09-02 08:10:44.066188+00,backfill
409,25906,net_kg,1580.0,2580.0,"Weight adjustment from the OTC schedule Adjustment (T) column, 1.0 t. Actual Tonnage on that sheet is already pure waste (Gross - Tare); this is the weight adjustment as recorded in the console. Loaded 2 Sep 2026 on Michelle instruction.",claude-otc-adjustment,2026-09-02 08:10:44.066188+00,backfill
410,23083,net_kg,5560.0,6660.0,"Weight adjustment from the OTC schedule Adjustment (T) column, 1.1 t. Actual Tonnage on that sheet is already pure waste (Gross - Tare); this is the weight adjustment as recorded in the console. Loaded 2 Sep 2026 on Michelle instruction.",claude-otc-adjustment,2026-09-02 08:10:44.066188+00,backfill
411,23010,net_kg,1600.0,2400.0,"Weight adjustment from the OTC schedule Adjustment (T) column, 0.8 t. Actual Tonnage on that sheet is already pure waste (Gross - Tare); this is the weight adjustment as recorded in the console. Loaded 2 Sep 2026 on Michelle instruction.",claude-otc-adjustment,2026-09-02 08:10:44.066188+00,backfill
412,23082,net_kg,1530.0,2330.0,"Weight adjustment from the OTC schedule Adjustment (T) column, 0.8 t. Actual Tonnage on that sheet is already pure waste (Gross - Tare); this is the weight adjustment as recorded in the console. Loaded 2 Sep 2026 on Michelle instruction.",claude-otc-adjustment,2026-09-02 08:10:44.066188+00,backfill
413,23031,net_kg,3980.0,5180.0,"Weight adjustment from the OTC schedule Adjustment (T) column, 1.2 t. Actual Tonnage on that sheet is already pure waste (Gross - Tare); this is the weight adjustment as recorded in the console. Loaded 2 Sep 2026 on Michelle instruction.",claude-otc-adjustment,2026-09-02 08:10:44.066188+00,backfill
414,22864,net_kg,3920.0,4920.0,"Weight adjustment from the OTC schedule Adjustment (T) column, 1.0 t. Actual Tonnage on that sheet is already pure waste (Gross - Tare); this is the weight adjustment as recorded in the console. Loaded 2 Sep 2026 on Michelle instruction.",claude-otc-adjustment,2026-09-02 08:10:44.066188+00,backfill
415,23032,net_kg,6090.0,7290.0,"Weight adjustment from the OTC schedule Adjustment (T) column, 1.2 t. Actual Tonnage on that sheet is already pure waste (Gross - Tare); this is the weight adjustment as recorded in the console. Loaded 2 Sep 2026 on Michelle instruction.",claude-otc-adjustment,2026-09-02 08:10:44.066188+00,backfill
416,23034,net_kg,2410.0,3410.0,"Weight adjustment from the OTC schedule Adjustment (T) column, 1.0 t. Actual Tonnage on that sheet is already pure waste (Gross - Tare); this is the weight adjustment as recorded in the console. Loaded 2 Sep 2026 on Michelle instruction.",claude-otc-adjustment,2026-09-02 08:10:44.066188+00,backfill
417,23086,net_kg,1300.0,2300.0,"Weight adjustment from the OTC schedule Adjustment (T) column, 1.0 t. Actual Tonnage on that sheet is already pure waste (Gross - Tare); this is the weight adjustment as recorded in the console. Loaded 2 Sep 2026 on Michelle instruction.",claude-otc-adjustment,2026-09-02 08:10:44.066188+00,backfill
418,23038,net_kg,2350.0,3350.0,"Weight adjustment from the OTC schedule Adjustment (T) column, 1.0 t. Actual Tonnage on that sheet is already pure waste (Gross - Tare); this is the weight adjustment as recorded in the console. Loaded 2 Sep 2026 on Michelle instruction.",claude-otc-adjustment,2026-09-02 08:10:44.066188+00,backfill
419,23089,net_kg,1870.0,2870.0,"Weight adjustment from the OTC schedule Adjustment (T) column, 1.0 t. Actual Tonnage on that sheet is already pure waste (Gross - Tare); this is the weight adjustment as recorded in the console. Loaded 2 Sep 2026 on Michelle instruction.",claude-otc-adjustment,2026-09-02 08:10:44.066188+00,backfill
420,23043,net_kg,2400.0,3500.0,"Weight adjustment from the OTC schedule Adjustment (T) column, 1.1 t. Actual Tonnage on that sheet is already pure waste (Gross - Tare); this is the weight adjustment as recorded in the console. Loaded 2 Sep 2026 on Michelle instruction.",claude-otc-adjustment,2026-09-02 08:10:44.066188+00,backfill
421,23041,net_kg,6380.0,7080.0,"Weight adjustment from the OTC schedule Adjustment (T) column, 0.7 t. Actual Tonnage on that sheet is already pure waste (Gross - Tare); this is the weight adjustment as recorded in the console. Loaded 2 Sep 2026 on Michelle instruction.",claude-otc-adjustment,2026-09-02 08:10:44.066188+00,backfill
422,22871,net_kg,3890.0,5090.0,"Weight adjustment from the OTC schedule Adjustment (T) column, 1.2 t. Actual Tonnage on that sheet is already pure waste (Gross - Tare); this is the weight adjustment as recorded in the console. Loaded 2 Sep 2026 on Michelle instruction.",claude-otc-adjustment,2026-09-02 08:10:44.066188+00,backfill
423,22327,net_kg,5700.0,6900.0,"Weight adjustment from the OTC schedule Adjustment (T) column, 1.2 t. Actual Tonnage on that sheet is already pure waste (Gross - Tare); this is the weight adjustment as recorded in the console. Loaded 2 Sep 2026 on Michelle instruction.",claude-otc-adjustment,2026-09-02 08:10:44.066188+00,backfill
424,23048,net_kg,1610.0,3410.0,"Weight adjustment from the OTC schedule Adjustment (T) column, 1.8 t. Actual Tonnage on that sheet is already pure waste (Gross - Tare); this is the weight adjustment as recorded in the console. Loaded 2 Sep 2026 on Michelle instruction.",claude-otc-adjustment,2026-09-02 08:10:44.066188+00,backfill
425,23096,net_kg,1800.0,2800.0,"Weight adjustment from the OTC schedule Adjustment (T) column, 1.0 t. Actual Tonnage on that sheet is already pure waste (Gross - Tare); this is the weight adjustment as recorded in the console. Loaded 2 Sep 2026 on Michelle instruction.",claude-otc-adjustment,2026-09-02 08:10:44.066188+00,backfill
426,23099,net_kg,1860.0,2660.0,"Weight adjustment from the OTC schedule Adjustment (T) column, 0.8 t. Actual Tonnage on that sheet is already pure waste (Gross - Tare); this is the weight adjustment as recorded in the console. Loaded 2 Sep 2026 on Michelle instruction.",claude-otc-adjustment,2026-09-02 08:10:44.066188+00,backfill
427,22335,net_kg,5700.0,8700.0,"Weight adjustment from the OTC schedule Adjustment (T) column, 3.0 t. Actual Tonnage on that sheet is already pure waste (Gross - Tare); this is the weight adjustment as recorded in the console. Loaded 2 Sep 2026 on Michelle instruction.",claude-otc-adjustment,2026-09-02 08:10:44.066188+00,backfill
428,22202,net_kg,2380.0,3380.0,"Weight adjustment from the OTC schedule Adjustment (T) column, 1.0 t. Actual Tonnage on that sheet is already pure waste (Gross - Tare); this is the weight adjustment as recorded in the console. Loaded 2 Sep 2026 on Michelle instruction.",claude-otc-adjustment,2026-09-02 08:10:44.066188+00,backfill
429,22340,net_kg,2120.0,3120.0,"Weight adjustment from the OTC schedule Adjustment (T) column, 1.0 t. Actual Tonnage on that sheet is already pure waste (Gross - Tare); this is the weight adjustment as recorded in the console. Loaded 2 Sep 2026 on Michelle instruction.",claude-otc-adjustment,2026-09-02 08:10:44.066188+00,backfill
430,25903,net_kg,2070.0,3070.0,"Weight adjustment from the OTC schedule Adjustment (T) column, 1.0 t. Actual Tonnage on that sheet is already pure waste (Gross - Tare); this is the weight adjustment as recorded in the console. Loaded 2 Sep 2026 on Michelle instruction.",claude-otc-adjustment,2026-09-02 08:10:44.066188+00,backfill
431,22342,net_kg,2800.0,3900.0,"Weight adjustment from the OTC schedule Adjustment (T) column, 1.1 t. Actual Tonnage on that sheet is already pure waste (Gross - Tare); this is the weight adjustment as recorded in the console. Loaded 2 Sep 2026 on Michelle instruction.",claude-otc-adjustment,2026-09-02 08:10:44.066188+00,backfill
432,22212,net_kg,6100.0,6800.0,"Weight adjustment from the OTC schedule Adjustment (T) column, 0.7 t. Actual Tonnage on that sheet is already pure waste (Gross - Tare); this is the weight adjustment as recorded in the console. Loaded 2 Sep 2026 on Michelle instruction.",claude-otc-adjustment,2026-09-02 08:10:44.066188+00,backfill
433,22214,net_kg,3760.0,4760.0,"Weight adjustment from the OTC schedule Adjustment (T) column, 1.0 t. Actual Tonnage on that sheet is already pure waste (Gross - Tare); this is the weight adjustment as recorded in the console. Loaded 2 Sep 2026 on Michelle instruction.",claude-otc-adjustment,2026-09-02 08:10:44.066188+00,backfill
434,22355,net_kg,5100.0,7900.0,"Weight adjustment from the OTC schedule Adjustment (T) column, 2.8 t. Actual Tonnage on that sheet is already pure waste (Gross - Tare); this is the weight adjustment as recorded in the console. Loaded 2 Sep 2026 on Michelle instruction.",claude-otc-adjustment,2026-09-02 08:10:44.066188+00,backfill
435,22219,net_kg,2490.0,3690.0,"Weight adjustment from the OTC schedule Adjustment (T) column, 1.2 t. Actual Tonnage on that sheet is already pure waste (Gross - Tare); this is the weight adjustment as recorded in the console. Loaded 2 Sep 2026 on Michelle instruction.",claude-otc-adjustment,2026-09-02 08:10:44.066188+00,backfill
436,22216,net_kg,2250.0,3350.0,"Weight adjustment from the OTC schedule Adjustment (T) column, 1.1 t. Actual Tonnage on that sheet is already pure waste (Gross - Tare); this is the weight adjustment as recorded in the console. Loaded 2 Sep 2026 on Michelle instruction.",claude-otc-adjustment,2026-09-02 08:10:44.066188+00,backfill
437,22356,net_kg,2200.0,3300.0,"Weight adjustment from the OTC schedule Adjustment (T) column, 1.1 t. Actual Tonnage on that sheet is already pure waste (Gross - Tare); this is the weight adjustment as recorded in the console. Loaded 2 Sep 2026 on Michelle instruction.",claude-otc-adjustment,2026-09-02 08:10:44.066188+00,backfill
438,22226,net_kg,4600.0,5800.0,"Weight adjustment from the OTC schedule Adjustment (T) column, 1.2 t. Actual Tonnage on that sheet is already pure waste (Gross - Tare); this is the weight adjustment as recorded in the console. Loaded 2 Sep 2026 on Michelle instruction.",claude-otc-adjustment,2026-09-02 08:10:44.066188+00,backfill
439,23104,net_kg,2260.0,5260.0,"Weight adjustment from the OTC schedule Adjustment (T) column, 3.0 t. Actual Tonnage on that sheet is already pure waste (Gross - Tare); this is the weight adjustment as recorded in the console. Loaded 2 Sep 2026 on Michelle instruction.",claude-otc-adjustment,2026-09-02 08:10:44.066188+00,backfill
440,22361,net_kg,1660.0,2660.0,"Weight adjustment from the OTC schedule Adjustment (T) column, 1.0 t. Actual Tonnage on that sheet is already pure waste (Gross - Tare); this is the weight adjustment as recorded in the console. Loaded 2 Sep 2026 on Michelle instruction.",claude-otc-adjustment,2026-09-02 08:10:44.066188+00,backfill
441,22365,net_kg,3300.0,4400.0,"Weight adjustment from the OTC schedule Adjustment (T) column, 1.1 t. Actual Tonnage on that sheet is already pure waste (Gross - Tare); this is the weight adjustment as recorded in the console. Loaded 2 Sep 2026 on Michelle instruction.",claude-otc-adjustment,2026-09-02 08:10:44.066188+00,backfill
442,22229,net_kg,2100.0,2900.0,"Weight adjustment from the OTC schedule Adjustment (T) column, 0.8 t. Actual Tonnage on that sheet is already pure waste (Gross - Tare); this is the weight adjustment as recorded in the console. Loaded 2 Sep 2026 on Michelle instruction.",claude-otc-adjustment,2026-09-02 08:10:44.066188+00,backfill
443,22231,net_kg,3350.0,4550.0,"Weight adjustment from the OTC schedule Adjustment (T) column, 1.2 t. Actual Tonnage on that sheet is already pure waste (Gross - Tare); this is the weight adjustment as recorded in the console. Loaded 2 Sep 2026 on Michelle instruction.",claude-otc-adjustment,2026-09-02 08:10:44.066188+00,backfill
444,25919,net_kg,750.0,1750.0,"Weight adjustment from the OTC schedule Adjustment (T) column, 1.0 t. Actual Tonnage on that sheet is already pure waste (Gross - Tare); this is the weight adjustment as recorded in the console. Loaded 2 Sep 2026 on Michelle instruction.",claude-otc-adjustment,2026-09-02 08:10:44.066188+00,backfill
445,22237,net_kg,3290.0,4490.0,"Weight adjustment from the OTC schedule Adjustment (T) column, 1.2 t. Actual Tonnage on that sheet is already pure waste (Gross - Tare); this is the weight adjustment as recorded in the console. Loaded 2 Sep 2026 on Michelle instruction.",claude-otc-adjustment,2026-09-02 08:10:44.066188+00,backfill
446,23111,net_kg,8560.0,9860.0,"Weight adjustment from the OTC schedule Adjustment (T) column, 1.3 t. Actual Tonnage on that sheet is already pure waste (Gross - Tare); this is the weight adjustment as recorded in the console. Loaded 2 Sep 2026 on Michelle instruction.",claude-otc-adjustment,2026-09-02 08:10:44.066188+00,backfill
447,23112,net_kg,3970.0,6970.0,"Weight adjustment from the OTC schedule Adjustment (T) column, 3.0 t. Actual Tonnage on that sheet is already pure waste (Gross - Tare); this is the weight adjustment as recorded in the console. Loaded 2 Sep 2026 on Michelle instruction.",claude-otc-adjustment,2026-09-02 08:10:44.066188+00,backfill
448,22210,net_kg,2220.0,3220.0,"Weight adjustment from the OTC schedule Adjustment (T) column, 1.0 t. Actual Tonnage on that sheet is already pure waste (Gross - Tare); this is the weight adjustment as recorded in the console. Loaded 2 Sep 2026 on Michelle instruction.",claude-otc-adjustment,2026-09-02 08:10:44.066188+00,backfill
449,22893,net_kg,6270.0,6970.0,"Weight adjustment from the OTC schedule Adjustment (T) column, 0.7 t. Actual Tonnage on that sheet is already pure waste (Gross - Tare); this is the weight adjustment as recorded in the console. Loaded 2 Sep 2026 on Michelle instruction.",claude-otc-adjustment,2026-09-02 08:10:44.066188+00,backfill
450,22213,net_kg,5280.0,6280.0,"Weight adjustment from the OTC schedule Adjustment (T) column, 1.0 t. Actual Tonnage on that sheet is already pure waste (Gross - Tare); this is the weight adjustment as recorded in the console. Loaded 2 Sep 2026 on Michelle instruction.",claude-otc-adjustment,2026-09-02 08:10:44.066188+00,backfill
451,22896,net_kg,6720.0,7820.0,"Weight adjustment from the OTC schedule Adjustment (T) column, 1.1 t. Actual Tonnage on that sheet is already pure waste (Gross - Tare); this is the weight adjustment as recorded in the console. Loaded 2 Sep 2026 on Michelle instruction.",claude-otc-adjustment,2026-09-02 08:10:44.066188+00,backfill
452,22354,net_kg,1930.0,3130.0,"Weight adjustment from the OTC schedule Adjustment (T) column, 1.2 t. Actual Tonnage on that sheet is already pure waste (Gross - Tare); this is the weight adjustment as recorded in the console. Loaded 2 Sep 2026 on Michelle instruction.",claude-otc-adjustment,2026-09-02 08:10:44.066188+00,backfill
453,23101,net_kg,2040.0,3040.0,"Weight adjustment from the OTC schedule Adjustment (T) column, 1.0 t. Actual Tonnage on that sheet is already pure waste (Gross - Tare); this is the weight adjustment as recorded in the console. Loaded 2 Sep 2026 on Michelle instruction.",claude-otc-adjustment,2026-09-02 08:10:44.066188+00,backfill
454,22221,net_kg,2870.0,3970.0,"Weight adjustment from the OTC schedule Adjustment (T) column, 1.1 t. Actual Tonnage on that sheet is already pure waste (Gross - Tare); this is the weight adjustment as recorded in the console. Loaded 2 Sep 2026 on Michelle instruction.",claude-otc-adjustment,2026-09-02 08:10:44.066188+00,backfill
455,25913,net_kg,4410.0,5610.0,"Weight adjustment from the OTC schedule Adjustment (T) column, 1.2 t. Actual Tonnage on that sheet is already pure waste (Gross - Tare); this is the weight adjustment as recorded in the console. Loaded 2 Sep 2026 on Michelle instruction.",claude-otc-adjustment,2026-09-02 08:10:44.066188+00,backfill
456,22230,net_kg,2110.0,3310.0,"Weight adjustment from the OTC schedule Adjustment (T) column, 1.2 t. Actual Tonnage on that sheet is already pure waste (Gross - Tare); this is the weight adjustment as recorded in the console. Loaded 2 Sep 2026 on Michelle instruction.",claude-otc-adjustment,2026-09-02 08:10:44.066188+00,backfill
457,25915,net_kg,1530.0,2530.0,"Weight adjustment from the OTC schedule Adjustment (T) column, 1.0 t. Actual Tonnage on that sheet is already pure waste (Gross - Tare); this is the weight adjustment as recorded in the console. Loaded 2 Sep 2026 on Michelle instruction.",claude-otc-adjustment,2026-09-02 08:10:44.066188+00,backfill
458,23107,net_kg,2540.0,3740.0,"Weight adjustment from the OTC schedule Adjustment (T) column, 1.2 t. Actual Tonnage on that sheet is already pure waste (Gross - Tare); this is the weight adjustment as recorded in the console. Loaded 2 Sep 2026 on Michelle instruction.",claude-otc-adjustment,2026-09-02 08:10:44.066188+00,backfill
459,25917,net_kg,2560.0,3760.0,"Weight adjustment from the OTC schedule Adjustment (T) column, 1.2 t. Actual Tonnage on that sheet is already pure waste (Gross - Tare); this is the weight adjustment as recorded in the console. Loaded 2 Sep 2026 on Michelle instruction.",claude-otc-adjustment,2026-09-02 08:10:44.066188+00,backfill
460,23110,net_kg,1780.0,2780.0,"Weight adjustment from the OTC schedule Adjustment (T) column, 1.0 t. Actual Tonnage on that sheet is already pure waste (Gross - Tare); this is the weight adjustment as recorded in the console. Loaded 2 Sep 2026 on Michelle instruction.",claude-otc-adjustment,2026-09-02 08:10:44.066188+00,backfill
461,22368,net_kg,2110.0,3310.0,"Weight adjustment from the OTC schedule Adjustment (T) column, 1.2 t. Actual Tonnage on that sheet is already pure waste (Gross - Tare); this is the weight adjustment as recorded in the console. Loaded 2 Sep 2026 on Michelle instruction.",claude-otc-adjustment,2026-09-02 08:10:44.066188+00,backfill
462,25920,net_kg,1370.0,2370.0,"Weight adjustment from the OTC schedule Adjustment (T) column, 1.0 t. Actual Tonnage on that sheet is already pure waste (Gross - Tare); this is the weight adjustment as recorded in the console. Loaded 2 Sep 2026 on Michelle instruction.",claude-otc-adjustment,2026-09-02 08:10:44.066188+00,backfill
463,25921,net_kg,850.0,1650.0,"Weight adjustment from the OTC schedule Adjustment (T) column, 0.8 t. Actual Tonnage on that sheet is already pure waste (Gross - Tare); this is the weight adjustment as recorded in the console. Loaded 2 Sep 2026 on Michelle instruction.",claude-otc-adjustment,2026-09-02 08:10:44.066188+00,backfill
464,25923,net_kg,4020.0,5220.0,"Weight adjustment from the OTC schedule Adjustment (T) column, 1.2 t. Actual Tonnage on that sheet is already pure waste (Gross - Tare); this is the weight adjustment as recorded in the console. Loaded 2 Sep 2026 on Michelle instruction.",claude-otc-adjustment,2026-09-02 08:10:44.066188+00,backfill
465,22373,net_kg,3000.0,4100.0,"Weight adjustment from the OTC schedule Adjustment (T) column, 1.1 t. Actual Tonnage on that sheet is already pure waste (Gross - Tare); this is the weight adjustment as recorded in the console. Loaded 2 Sep 2026 on Michelle instruction.",claude-otc-adjustment,2026-09-02 08:10:44.066188+00,backfill
466,23117,net_kg,1020.0,1520.0,"Weight adjustment from the OTC schedule Adjustment (T) column, 0.5 t. Actual Tonnage on that sheet is already pure waste (Gross - Tare); this is the weight adjustment as recorded in the console. Loaded 2 Sep 2026 on Michelle instruction.",claude-otc-adjustment,2026-09-02 08:10:44.066188+00,backfill
467,22892,net_kg,6130.0,6830.0,"Weight adjustment from the OTC schedule Adjustment (T) column, 0.7 t. Actual Tonnage on that sheet is already pure waste (Gross - Tare); this is the weight adjustment as recorded in the console. Loaded 2 Sep 2026 on Michelle instruction.",claude-otc-adjustment,2026-09-02 08:10:44.066188+00,backfill
468,22350,net_kg,3000.0,3800.0,"Weight adjustment from the OTC schedule Adjustment (T) column, 0.8 t. Actual Tonnage on that sheet is already pure waste (Gross - Tare); this is the weight adjustment as recorded in the console. Loaded 2 Sep 2026 on Michelle instruction.",claude-otc-adjustment,2026-09-02 08:10:44.066188+00,backfill
469,22351,net_kg,6900.0,8100.0,"Weight adjustment from the OTC schedule Adjustment (T) column, 1.2 t. Actual Tonnage on that sheet is already pure waste (Gross - Tare); this is the weight adjustment as recorded in the console. Loaded 2 Sep 2026 on Michelle instruction.",claude-otc-adjustment,2026-09-02 08:10:44.066188+00,backfill
470,693278,net_kg,1250.0,1850.0,"Weight adjustment from the OTC schedule Adjustment (T) column, 0.6 t. Actual Tonnage on that sheet is already pure waste (Gross - Tare); this is the weight adjustment as recorded in the console. Loaded 2 Sep 2026 on Michelle instruction.",claude-otc-adjustment,2026-09-02 08:10:44.066188+00,backfill
471,22353,net_kg,2600.0,3600.0,"Weight adjustment from the OTC schedule Adjustment (T) column, 1.0 t. Actual Tonnage on that sheet is already pure waste (Gross - Tare); this is the weight adjustment as recorded in the console. Loaded 2 Sep 2026 on Michelle instruction.",claude-otc-adjustment,2026-09-02 08:10:44.066188+00,backfill
472,22897,net_kg,2250.0,3250.0,"Weight adjustment from the OTC schedule Adjustment (T) column, 1.0 t. Actual Tonnage on that sheet is already pure waste (Gross - Tare); this is the weight adjustment as recorded in the console. Loaded 2 Sep 2026 on Michelle instruction.",claude-otc-adjustment,2026-09-02 08:10:44.066188+00,backfill
473,22357,net_kg,2000.0,3000.0,"Weight adjustment from the OTC schedule Adjustment (T) column, 1.0 t. Actual Tonnage on that sheet is already pure waste (Gross - Tare); this is the weight adjustment as recorded in the console. Loaded 2 Sep 2026 on Michelle instruction.",claude-otc-adjustment,2026-09-02 08:10:44.066188+00,backfill
474,22220,net_kg,3640.0,4640.0,"Weight adjustment from the OTC schedule Adjustment (T) column, 1.0 t. Actual Tonnage on that sheet is already pure waste (Gross - Tare); this is the weight adjustment as recorded in the console. Loaded 2 Sep 2026 on Michelle instruction.",claude-otc-adjustment,2026-09-02 08:10:44.066188+00,backfill
475,23102,net_kg,2450.0,3550.0,"Weight adjustment from the OTC schedule Adjustment (T) column, 1.1 t. Actual Tonnage on that sheet is already pure waste (Gross - Tare); this is the weight adjustment as recorded in the console. Loaded 2 Sep 2026 on Michelle instruction.",claude-otc-adjustment,2026-09-02 08:10:44.066188+00,backfill
476,25911,net_kg,1660.0,2660.0,"Weight adjustment from the OTC schedule Adjustment (T) column, 1.0 t. Actual Tonnage on that sheet is already pure waste (Gross - Tare); this is the weight adjustment as recorded in the console. Loaded 2 Sep 2026 on Michelle instruction.",claude-otc-adjustment,2026-09-02 08:10:44.066188+00,backfill
477,22359,net_kg,4100.0,5400.0,"Weight adjustment from the OTC schedule Adjustment (T) column, 1.3 t. Actual Tonnage on that sheet is already pure waste (Gross - Tare); this is the weight adjustment as recorded in the console. Loaded 2 Sep 2026 on Michelle instruction.",claude-otc-adjustment,2026-09-02 08:10:44.066188+00,backfill
478,22369,net_kg,2180.0,3280.0,"Weight adjustment from the OTC schedule Adjustment (T) column, 1.1 t. Actual Tonnage on that sheet is already pure waste (Gross - Tare); this is the weight adjustment as recorded in the console. Loaded 2 Sep 2026 on Michelle instruction.",claude-otc-adjustment,2026-09-02 08:10:44.066188+00,backfill
479,22370,net_kg,3300.0,4500.0,"Weight adjustment from the OTC schedule Adjustment (T) column, 1.2 t. Actual Tonnage on that sheet is already pure waste (Gross - Tare); this is the weight adjustment as recorded in the console. Loaded 2 Sep 2026 on Michelle instruction.",claude-otc-adjustment,2026-09-02 08:10:44.066188+00,backfill
480,25922,net_kg,4320.0,5520.0,"Weight adjustment from the OTC schedule Adjustment (T) column, 1.2 t. Actual Tonnage on that sheet is already pure waste (Gross - Tare); this is the weight adjustment as recorded in the console. Loaded 2 Sep 2026 on Michelle instruction.",claude-otc-adjustment,2026-09-02 08:10:44.066188+00,backfill
481,25925,net_kg,1940.0,2740.0,"Weight adjustment from the OTC schedule Adjustment (T) column, 0.8 t. Actual Tonnage on that sheet is already pure waste (Gross - Tare); this is the weight adjustment as recorded in the console. Loaded 2 Sep 2026 on Michelle instruction.",claude-otc-adjustment,2026-09-02 08:10:44.066188+00,backfill
482,22241,net_kg,1970.0,2970.0,"Weight adjustment from the OTC schedule Adjustment (T) column, 1.0 t. Actual Tonnage on that sheet is already pure waste (Gross - Tare); this is the weight adjustment as recorded in the console. Loaded 2 Sep 2026 on Michelle instruction.",claude-otc-adjustment,2026-09-02 08:10:44.066188+00,backfill
483,22376,net_kg,3000.0,4300.0,"Weight adjustment from the OTC schedule Adjustment (T) column, 1.3 t. Actual Tonnage on that sheet is already pure waste (Gross - Tare); this is the weight adjustment as recorded in the console. Loaded 2 Sep 2026 on Michelle instruction.",claude-otc-adjustment,2026-09-02 08:10:44.066188+00,backfill
484,25927,net_kg,3150.0,6150.0,"Weight adjustment from the OTC schedule Adjustment (T) column, 3.0 t. Actual Tonnage on that sheet is already pure waste (Gross - Tare); this is the weight adjustment as recorded in the console. Loaded 2 Sep 2026 on Michelle instruction.",claude-otc-adjustment,2026-09-02 08:10:44.066188+00,backfill
485,22375,net_kg,3000.0,4200.0,"Weight adjustment from the OTC schedule Adjustment (T) column, 1.2 t. Actual Tonnage on that sheet is already pure waste (Gross - Tare); this is the weight adjustment as recorded in the console. Loaded 2 Sep 2026 on Michelle instruction.",claude-otc-adjustment,2026-09-02 08:10:44.066188+00,backfill
486,25928,net_kg,2770.0,4270.0,"Weight adjustment from the OTC schedule Adjustment (T) column, 1.5 t. Actual Tonnage on that sheet is already pure waste (Gross - Tare); this is the weight adjustment as recorded in the console. Loaded 2 Sep 2026 on Michelle instruction.",claude-otc-adjustment,2026-09-02 08:10:44.066188+00,backfill
487,23123,net_kg,1440.0,2440.0,"Weight adjustment from the OTC schedule Adjustment (T) column, 1.0 t. Actual Tonnage on that sheet is already pure waste (Gross - Tare); this is the weight adjustment as recorded in the console. Loaded 2 Sep 2026 on Michelle instruction.",claude-otc-adjustment,2026-09-02 08:10:44.066188+00,backfill
488,22379,net_kg,3320.0,4320.0,"Weight adjustment from the OTC schedule Adjustment (T) column, 1.0 t. Actual Tonnage on that sheet is already pure waste (Gross - Tare); this is the weight adjustment as recorded in the console. Loaded 2 Sep 2026 on Michelle instruction.",claude-otc-adjustment,2026-09-02 08:10:44.066188+00,backfill
489,22384,net_kg,1600.0,2600.0,"Weight adjustment from the OTC schedule Adjustment (T) column, 1.0 t. Actual Tonnage on that sheet is already pure waste (Gross - Tare); this is the weight adjustment as recorded in the console. Loaded 2 Sep 2026 on Michelle instruction.",claude-otc-adjustment,2026-09-02 08:10:44.066188+00,backfill
490,22386,net_kg,4600.0,5900.0,"Weight adjustment from the OTC schedule Adjustment (T) column, 1.3 t. Actual Tonnage on that sheet is already pure waste (Gross - Tare); this is the weight adjustment as recorded in the console. Loaded 2 Sep 2026 on Michelle instruction.",claude-otc-adjustment,2026-09-02 08:10:44.066188+00,backfill
491,23128,net_kg,2940.0,4140.0,"Weight adjustment from the OTC schedule Adjustment (T) column, 1.2 t. Actual Tonnage on that sheet is already pure waste (Gross - Tare); this is the weight adjustment as recorded in the console. Loaded 2 Sep 2026 on Michelle instruction.",claude-otc-adjustment,2026-09-02 08:10:44.066188+00,backfill
492,23130,net_kg,3340.0,4640.0,"Weight adjustment from the OTC schedule Adjustment (T) column, 1.3 t. Actual Tonnage on that sheet is already pure waste (Gross - Tare); this is the weight adjustment as recorded in the console. Loaded 2 Sep 2026 on Michelle instruction.",claude-otc-adjustment,2026-09-02 08:10:44.066188+00,backfill
493,22392,net_kg,4600.0,5900.0,"Weight adjustment from the OTC schedule Adjustment (T) column, 1.3 t. Actual Tonnage on that sheet is already pure waste (Gross - Tare); this is the weight adjustment as recorded in the console. Loaded 2 Sep 2026 on Michelle instruction.",claude-otc-adjustment,2026-09-02 08:10:44.066188+00,backfill
494,25941,net_kg,960.0,1660.0,"Weight adjustment from the OTC schedule Adjustment (T) column, 0.7 t. Actual Tonnage on that sheet is already pure waste (Gross - Tare); this is the weight adjustment as recorded in the console. Loaded 2 Sep 2026 on Michelle instruction.",claude-otc-adjustment,2026-09-02 08:10:44.066188+00,backfill
495,26561,net_kg,2970.0,4170.0,"Weight adjustment from the OTC schedule Adjustment (T) column, 1.2 t. Actual Tonnage on that sheet is already pure waste (Gross - Tare); this is the weight adjustment as recorded in the console. Loaded 2 Sep 2026 on Michelle instruction.",claude-otc-adjustment,2026-09-02 08:10:44.066188+00,backfill
496,22400,net_kg,1500.0,2500.0,"Weight adjustment from the OTC schedule Adjustment (T) column, 1.0 t. Actual Tonnage on that sheet is already pure waste (Gross - Tare); this is the weight adjustment as recorded in the console. Loaded 2 Sep 2026 on Michelle instruction.",claude-otc-adjustment,2026-09-02 08:10:44.066188+00,backfill
497,26567,net_kg,3760.0,6760.0,"Weight adjustment from the OTC schedule Adjustment (T) column, 3.0 t. Actual Tonnage on that sheet is already pure waste (Gross - Tare); this is the weight adjustment as recorded in the console. Loaded 2 Sep 2026 on Michelle instruction.",claude-otc-adjustment,2026-09-02 08:10:44.066188+00,backfill
498,22243,net_kg,5790.0,6990.0,"Weight adjustment from the OTC schedule Adjustment (T) column, 1.2 t. Actual Tonnage on that sheet is already pure waste (Gross - Tare); this is the weight adjustment as recorded in the console. Loaded 2 Sep 2026 on Michelle instruction.",claude-otc-adjustment,2026-09-02 08:10:44.066188+00,backfill
499,22244,net_kg,1830.0,2830.0,"Weight adjustment from the OTC schedule Adjustment (T) column, 1.0 t. Actual Tonnage on that sheet is already pure waste (Gross - Tare); this is the weight adjustment as recorded in the console. Loaded 2 Sep 2026 on Michelle instruction.",claude-otc-adjustment,2026-09-02 08:10:44.066188+00,backfill
500,23122,net_kg,2090.0,3290.0,"Weight adjustment from the OTC schedule Adjustment (T) column, 1.2 t. Actual Tonnage on that sheet is already pure waste (Gross - Tare); this is the weight adjustment as recorded in the console. Loaded 2 Sep 2026 on Michelle instruction.",claude-otc-adjustment,2026-09-02 08:10:44.066188+00,backfill
501,23124,net_kg,1400.0,2400.0,"Weight adjustment from the OTC schedule Adjustment (T) column, 1.0 t. Actual Tonnage on that sheet is already pure waste (Gross - Tare); this is the weight adjustment as recorded in the console. Loaded 2 Sep 2026 on Michelle instruction.",claude-otc-adjustment,2026-09-02 08:10:44.066188+00,backfill
502,25935,net_kg,1700.0,2800.0,"Weight adjustment from the OTC schedule Adjustment (T) column, 1.1 t. Actual Tonnage on that sheet is already pure waste (Gross - Tare); this is the weight adjustment as recorded in the console. Loaded 2 Sep 2026 on Michelle instruction.",claude-otc-adjustment,2026-09-02 08:10:44.066188+00,backfill
503,22250,net_kg,3150.0,4250.0,"Weight adjustment from the OTC schedule Adjustment (T) column, 1.1 t. Actual Tonnage on that sheet is already pure waste (Gross - Tare); this is the weight adjustment as recorded in the console. Loaded 2 Sep 2026 on Michelle instruction.",claude-otc-adjustment,2026-09-02 08:10:44.066188+00,backfill
504,693532,net_kg,720.0,1020.0,"Weight adjustment from the OTC schedule Adjustment (T) column, 0.3 t. Actual Tonnage on that sheet is already pure waste (Gross - Tare); this is the weight adjustment as recorded in the console. Loaded 2 Sep 2026 on Michelle instruction.",claude-otc-adjustment,2026-09-02 08:10:44.066188+00,backfill
505,23129,net_kg,1960.0,2960.0,"Weight adjustment from the OTC schedule Adjustment (T) column, 1.0 t. Actual Tonnage on that sheet is already pure waste (Gross - Tare); this is the weight adjustment as recorded in the console. Loaded 2 Sep 2026 on Michelle instruction.",claude-otc-adjustment,2026-09-02 08:10:44.066188+00,backfill
506,26557,net_kg,6340.0,7640.0,"Weight adjustment from the OTC schedule Adjustment (T) column, 1.3 t. Actual Tonnage on that sheet is already pure waste (Gross - Tare); this is the weight adjustment as recorded in the console. Loaded 2 Sep 2026 on Michelle instruction.",claude-otc-adjustment,2026-09-02 08:10:44.066188+00,backfill
507,23134,net_kg,1950.0,2950.0,"Weight adjustment from the OTC schedule Adjustment (T) column, 1.0 t. Actual Tonnage on that sheet is already pure waste (Gross - Tare); this is the weight adjustment as recorded in the console. Loaded 2 Sep 2026 on Michelle instruction.",claude-otc-adjustment,2026-09-02 08:10:44.066188+00,backfill
508,22394,net_kg,3100.0,3600.0,"Weight adjustment from the OTC schedule Adjustment (T) column, 0.5 t. Actual Tonnage on that sheet is already pure waste (Gross - Tare); this is the weight adjustment as recorded in the console. Loaded 2 Sep 2026 on Michelle instruction.",claude-otc-adjustment,2026-09-02 08:10:44.066188+00,backfill
509,26562,net_kg,1580.0,2580.0,"Weight adjustment from the OTC schedule Adjustment (T) column, 1.0 t. Actual Tonnage on that sheet is already pure waste (Gross - Tare); this is the weight adjustment as recorded in the console. Loaded 2 Sep 2026 on Michelle instruction.",claude-otc-adjustment,2026-09-02 08:10:44.066188+00,backfill
510,22397,net_kg,2200.0,3400.0,"Weight adjustment from the OTC schedule Adjustment (T) column, 1.2 t. Actual Tonnage on that sheet is already pure waste (Gross - Tare); this is the weight adjustment as recorded in the console. Loaded 2 Sep 2026 on Michelle instruction.",claude-otc-adjustment,2026-09-02 08:10:44.066188+00,backfill
511,22399,net_kg,1500.0,2700.0,"Weight adjustment from the OTC schedule Adjustment (T) column, 1.2 t. Actual Tonnage on that sheet is already pure waste (Gross - Tare); this is the weight adjustment as recorded in the console. Loaded 2 Sep 2026 on Michelle instruction.",claude-otc-adjustment,2026-09-02 08:10:44.066188+00,backfill
512,26570,net_kg,1020.0,1520.0,"Weight adjustment from the OTC schedule Adjustment (T) column, 0.5 t. Actual Tonnage on that sheet is already pure waste (Gross - Tare); this is the weight adjustment as recorded in the console. Loaded 2 Sep 2026 on Michelle instruction.",claude-otc-adjustment,2026-09-02 08:10:44.066188+00,backfill
513,26504,net_kg,4100.0,5400.0,"Weight adjustment from the OTC schedule Adjustment (T) column, 1.3 t. Actual Tonnage on that sheet is already pure waste (Gross - Tare); this is the weight adjustment as recorded in the console. Loaded 2 Sep 2026 on Michelle instruction.",claude-otc-adjustment,2026-09-02 08:10:44.066188+00,backfill
514,25946,net_kg,4260.0,5560.0,"Weight adjustment from the OTC schedule Adjustment (T) column, 1.3 t. Actual Tonnage on that sheet is already pure waste (Gross - Tare); this is the weight adjustment as recorded in the console. Loaded 2 Sep 2026 on Michelle instruction.",claude-otc-adjustment,2026-09-02 08:10:44.066188+00,backfill
515,22372,net_kg,3800.0,4800.0,"Weight adjustment from the OTC schedule Adjustment (T) column, 1.0 t. Actual Tonnage on that sheet is already pure waste (Gross - Tare); this is the weight adjustment as recorded in the console. Loaded 2 Sep 2026 on Michelle instruction.",claude-otc-adjustment,2026-09-02 08:10:44.066188+00,backfill
516,22380,net_kg,10700.0,12200.0,"Weight adjustment from the OTC schedule Adjustment (T) column, 1.5 t. Actual Tonnage on that sheet is already pure waste (Gross - Tare); this is the weight adjustment as recorded in the console. Loaded 2 Sep 2026 on Michelle instruction.",claude-otc-adjustment,2026-09-02 08:10:44.066188+00,backfill
517,22247,net_kg,1380.0,2380.0,"Weight adjustment from the OTC schedule Adjustment (T) column, 1.0 t. Actual Tonnage on that sheet is already pure waste (Gross - Tare); this is the weight adjustment as recorded in the console. Loaded 2 Sep 2026 on Michelle instruction.",claude-otc-adjustment,2026-09-02 08:10:44.066188+00,backfill
518,22248,net_kg,1690.0,2690.0,"Weight adjustment from the OTC schedule Adjustment (T) column, 1.0 t. Actual Tonnage on that sheet is already pure waste (Gross - Tare); this is the weight adjustment as recorded in the console. Loaded 2 Sep 2026 on Michelle instruction.",claude-otc-adjustment,2026-09-02 08:10:44.066188+00,backfill
519,26551,net_kg,2380.0,5380.0,"Weight adjustment from the OTC schedule Adjustment (T) column, 3.0 t. Actual Tonnage on that sheet is already pure waste (Gross - Tare); this is the weight adjustment as recorded in the console. Loaded 2 Sep 2026 on Michelle instruction.",claude-otc-adjustment,2026-09-02 08:10:44.066188+00,backfill
520,22385,net_kg,3000.0,4200.0,"Weight adjustment from the OTC schedule Adjustment (T) column, 1.2 t. Actual Tonnage on that sheet is already pure waste (Gross - Tare); this is the weight adjustment as recorded in the console. Loaded 2 Sep 2026 on Michelle instruction.",claude-otc-adjustment,2026-09-02 08:10:44.066188+00,backfill
521,23127,net_kg,6240.0,7540.0,"Weight adjustment from the OTC schedule Adjustment (T) column, 1.3 t. Actual Tonnage on that sheet is already pure waste (Gross - Tare); this is the weight adjustment as recorded in the console. Loaded 2 Sep 2026 on Michelle instruction.",claude-otc-adjustment,2026-09-02 08:10:44.066188+00,backfill
522,22388,net_kg,2200.0,3400.0,"Weight adjustment from the OTC schedule Adjustment (T) column, 1.2 t. Actual Tonnage on that sheet is already pure waste (Gross - Tare); this is the weight adjustment as recorded in the console. Loaded 2 Sep 2026 on Michelle instruction.",claude-otc-adjustment,2026-09-02 08:10:44.066188+00,backfill
523,25940,net_kg,6710.0,8010.0,"Weight adjustment from the OTC schedule Adjustment (T) column, 1.3 t. Actual Tonnage on that sheet is already pure waste (Gross - Tare); this is the weight adjustment as recorded in the console. Loaded 2 Sep 2026 on Michelle instruction.",claude-otc-adjustment,2026-09-02 08:10:44.066188+00,backfill
524,25942,net_kg,4590.0,5890.0,"Weight adjustment from the OTC schedule Adjustment (T) column, 1.3 t. Actual Tonnage on that sheet is already pure waste (Gross - Tare); this is the weight adjustment as recorded in the console. Loaded 2 Sep 2026 on Michelle instruction.",claude-otc-adjustment,2026-09-02 08:10:44.066188+00,backfill
525,26563,net_kg,5140.0,6440.0,"Weight adjustment from the OTC schedule Adjustment (T) column, 1.3 t. Actual Tonnage on that sheet is already pure waste (Gross - Tare); this is the weight adjustment as recorded in the console. Loaded 2 Sep 2026 on Michelle instruction.",claude-otc-adjustment,2026-09-02 08:10:44.066188+00,backfill
526,23139,net_kg,1670.0,2870.0,"Weight adjustment from the OTC schedule Adjustment (T) column, 1.2 t. Actual Tonnage on that sheet is already pure waste (Gross - Tare); this is the weight adjustment as recorded in the console. Loaded 2 Sep 2026 on Michelle instruction.",claude-otc-adjustment,2026-09-02 08:10:44.066188+00,backfill
527,26502,net_kg,3900.0,5200.0,"Weight adjustment from the OTC schedule Adjustment (T) column, 1.3 t. Actual Tonnage on that sheet is already pure waste (Gross - Tare); this is the weight adjustment as recorded in the console. Loaded 2 Sep 2026 on Michelle instruction.",claude-otc-adjustment,2026-09-02 08:10:44.066188+00,backfill
528,26505,net_kg,3200.0,4400.0,"Weight adjustment from the OTC schedule Adjustment (T) column, 1.2 t. Actual Tonnage on that sheet is already pure waste (Gross - Tare); this is the weight adjustment as recorded in the console. Loaded 2 Sep 2026 on Michelle instruction.",claude-otc-adjustment,2026-09-02 08:10:44.066188+00,backfill
529,26572,net_kg,3510.0,4710.0,"Weight adjustment from the OTC schedule Adjustment (T) column, 1.2 t. Actual Tonnage on that sheet is already pure waste (Gross - Tare); this is the weight adjustment as recorded in the console. Loaded 2 Sep 2026 on Michelle instruction.",claude-otc-adjustment,2026-09-02 08:10:44.066188+00,backfill
530,26603,net_kg,1260.0,2060.0,"Weight adjustment from the OTC schedule Adjustment (T) column, 0.8 t. Actual Tonnage on that sheet is already pure waste (Gross - Tare); this is the weight adjustment as recorded in the console. Loaded 2 Sep 2026 on Michelle instruction.",claude-otc-adjustment,2026-09-02 08:10:44.066188+00,backfill
531,23145,net_kg,2270.0,5570.0,"Weight adjustment from the OTC schedule Adjustment (T) column, 3.3 t. Actual Tonnage on that sheet is already pure waste (Gross - Tare); this is the weight adjustment as recorded in the console. Loaded 2 Sep 2026 on Michelle instruction.",claude-otc-adjustment,2026-09-02 08:10:44.066188+00,backfill
532,23147,net_kg,2650.0,3850.0,"Weight adjustment from the OTC schedule Adjustment (T) column, 1.2 t. Actual Tonnage on that sheet is already pure waste (Gross - Tare); this is the weight adjustment as recorded in the console. Loaded 2 Sep 2026 on Michelle instruction.",claude-otc-adjustment,2026-09-02 08:10:44.066188+00,backfill
533,26601,net_kg,2220.0,3420.0,"Weight adjustment from the OTC schedule Adjustment (T) column, 1.2 t. Actual Tonnage on that sheet is already pure waste (Gross - Tare); this is the weight adjustment as recorded in the console. Loaded 2 Sep 2026 on Michelle instruction.",claude-otc-adjustment,2026-09-02 08:10:44.066188+00,backfill
534,23151,net_kg,2100.0,3200.0,"Weight adjustment from the OTC schedule Adjustment (T) column, 1.1 t. Actual Tonnage on that sheet is already pure waste (Gross - Tare); this is the weight adjustment as recorded in the console. Loaded 2 Sep 2026 on Michelle instruction.",claude-otc-adjustment,2026-09-02 08:10:44.066188+00,backfill
535,26510,net_kg,1110.0,1710.0,"Weight adjustment from the OTC schedule Adjustment (T) column, 0.6 t. Actual Tonnage on that sheet is already pure waste (Gross - Tare); this is the weight adjustment as recorded in the console. Loaded 2 Sep 2026 on Michelle instruction.",claude-otc-adjustment,2026-09-02 08:10:44.066188+00,backfill
536,26576,net_kg,2790.0,6090.0,"Weight adjustment from the OTC schedule Adjustment (T) column, 3.3 t. Actual Tonnage on that sheet is already pure waste (Gross - Tare); this is the weight adjustment as recorded in the console. Loaded 2 Sep 2026 on Michelle instruction.",claude-otc-adjustment,2026-09-02 08:10:44.066188+00,backfill
537,26521,net_kg,1900.0,3100.0,"Weight adjustment from the OTC schedule Adjustment (T) column, 1.2 t. Actual Tonnage on that sheet is already pure waste (Gross - Tare); this is the weight adjustment as recorded in the console. Loaded 2 Sep 2026 on Michelle instruction.",claude-otc-adjustment,2026-09-02 08:10:44.066188+00,backfill
538,26610,net_kg,5310.0,6610.0,"Weight adjustment from the OTC schedule Adjustment (T) column, 1.3 t. Actual Tonnage on that sheet is already pure waste (Gross - Tare); this is the weight adjustment as recorded in the console. Loaded 2 Sep 2026 on Michelle instruction.",claude-otc-adjustment,2026-09-02 08:10:44.066188+00,backfill
539,688692,net_kg,980.0,1380.0,"Weight adjustment from the OTC schedule Adjustment (T) column, 0.4 t. Actual Tonnage on that sheet is already pure waste (Gross - Tare); this is the weight adjustment as recorded in the console. Loaded 2 Sep 2026 on Michelle instruction.",claude-otc-adjustment,2026-09-02 08:10:44.066188+00,backfill
540,23172,net_kg,1970.0,2970.0,"Weight adjustment from the OTC schedule Adjustment (T) column, 1.0 t. Actual Tonnage on that sheet is already pure waste (Gross - Tare); this is the weight adjustment as recorded in the console. Loaded 2 Sep 2026 on Michelle instruction.",claude-otc-adjustment,2026-09-02 08:10:44.066188+00,backfill
541,26530,net_kg,2800.0,5800.0,"Weight adjustment from the OTC schedule Adjustment (T) column, 3.0 t. Actual Tonnage on that sheet is already pure waste (Gross - Tare); this is the weight adjustment as recorded in the console. Loaded 2 Sep 2026 on Michelle instruction.",claude-otc-adjustment,2026-09-02 08:10:44.066188+00,backfill
542,26574,net_kg,3510.0,4710.0,"Weight adjustment from the OTC schedule Adjustment (T) column, 1.2 t. Actual Tonnage on that sheet is already pure waste (Gross - Tare); this is the weight adjustment as recorded in the console. Loaded 2 Sep 2026 on Michelle instruction.",claude-otc-adjustment,2026-09-02 08:10:44.066188+00,backfill
543,25950,net_kg,1750.0,2550.0,"Weight adjustment from the OTC schedule Adjustment (T) column, 0.8 t. Actual Tonnage on that sheet is already pure waste (Gross - Tare); this is the weight adjustment as recorded in the console. Loaded 2 Sep 2026 on Michelle instruction.",claude-otc-adjustment,2026-09-02 08:10:44.066188+00,backfill
544,26508,net_kg,3300.0,4500.0,"Weight adjustment from the OTC schedule Adjustment (T) column, 1.2 t. Actual Tonnage on that sheet is already pure waste (Gross - Tare); this is the weight adjustment as recorded in the console. Loaded 2 Sep 2026 on Michelle instruction.",claude-otc-adjustment,2026-09-02 08:10:44.066188+00,backfill
545,26605,net_kg,2190.0,3290.0,"Weight adjustment from the OTC schedule Adjustment (T) column, 1.1 t. Actual Tonnage on that sheet is already pure waste (Gross - Tare); this is the weight adjustment as recorded in the console. Loaded 2 Sep 2026 on Michelle instruction.",claude-otc-adjustment,2026-09-02 08:10:44.066188+00,backfill
546,26512,net_kg,5400.0,6700.0,"Weight adjustment from the OTC schedule Adjustment (T) column, 1.3 t. Actual Tonnage on that sheet is already pure waste (Gross - Tare); this is the weight adjustment as recorded in the console. Loaded 2 Sep 2026 on Michelle instruction.",claude-otc-adjustment,2026-09-02 08:10:44.066188+00,backfill
547,23159,net_kg,2670.0,3870.0,"Weight adjustment from the OTC schedule Adjustment (T) column, 1.2 t. Actual Tonnage on that sheet is already pure waste (Gross - Tare); this is the weight adjustment as recorded in the console. Loaded 2 Sep 2026 on Michelle instruction.",claude-otc-adjustment,2026-09-02 08:10:44.066188+00,backfill
548,26607,net_kg,1710.0,2910.0,"Weight adjustment from the OTC schedule Adjustment (T) column, 1.2 t. Actual Tonnage on that sheet is already pure waste (Gross - Tare); this is the weight adjustment as recorded in the console. Loaded 2 Sep 2026 on Michelle instruction.",claude-otc-adjustment,2026-09-02 08:10:44.066188+00,backfill
549,23168,net_kg,550.0,850.0,"Weight adjustment from the OTC schedule Adjustment (T) column, 0.3 t. Actual Tonnage on that sheet is already pure waste (Gross - Tare); this is the weight adjustment as recorded in the console. Loaded 2 Sep 2026 on Michelle instruction.",claude-otc-adjustment,2026-09-02 08:10:44.066188+00,backfill
550,26518,net_kg,1400.0,2200.0,"Weight adjustment from the OTC schedule Adjustment (T) column, 0.8 t. Actual Tonnage on that sheet is already pure waste (Gross - Tare); this is the weight adjustment as recorded in the console. Loaded 2 Sep 2026 on Michelle instruction.",claude-otc-adjustment,2026-09-02 08:10:44.066188+00,backfill
551,26579,net_kg,2940.0,4140.0,"Weight adjustment from the OTC schedule Adjustment (T) column, 1.2 t. Actual Tonnage on that sheet is already pure waste (Gross - Tare); this is the weight adjustment as recorded in the console. Loaded 2 Sep 2026 on Michelle instruction.",claude-otc-adjustment,2026-09-02 08:10:44.066188+00,backfill
552,26525,net_kg,1400.0,2200.0,"Weight adjustment from the OTC schedule Adjustment (T) column, 0.8 t. Actual Tonnage on that sheet is already pure waste (Gross - Tare); this is the weight adjustment as recorded in the console. Loaded 2 Sep 2026 on Michelle instruction.",claude-otc-adjustment,2026-09-02 08:10:44.066188+00,backfill
553,26612,net_kg,1370.0,2370.0,"Weight adjustment from the OTC schedule Adjustment (T) column, 1.0 t. Actual Tonnage on that sheet is already pure waste (Gross - Tare); this is the weight adjustment as recorded in the console. Loaded 2 Sep 2026 on Michelle instruction.",claude-otc-adjustment,2026-09-02 08:10:44.066188+00,backfill
554,26580,net_kg,1380.0,2380.0,"Weight adjustment from the OTC schedule Adjustment (T) column, 1.0 t. Actual Tonnage on that sheet is already pure waste (Gross - Tare); this is the weight adjustment as recorded in the console. Loaded 2 Sep 2026 on Michelle instruction.",claude-otc-adjustment,2026-09-02 08:10:44.066188+00,backfill
555,26585,net_kg,1670.0,2670.0,"Weight adjustment from the OTC schedule Adjustment (T) column, 1.0 t. Actual Tonnage on that sheet is already pure waste (Gross - Tare); this is the weight adjustment as recorded in the console. Loaded 2 Sep 2026 on Michelle instruction.",claude-otc-adjustment,2026-09-02 08:10:44.066188+00,backfill
556,26573,net_kg,1790.0,2790.0,"Weight adjustment from the OTC schedule Adjustment (T) column, 1.0 t. Actual Tonnage on that sheet is already pure waste (Gross - Tare); this is the weight adjustment as recorded in the console. Loaded 2 Sep 2026 on Michelle instruction.",claude-otc-adjustment,2026-09-02 08:10:44.066188+00,backfill
557,26604,net_kg,2010.0,3210.0,"Weight adjustment from the OTC schedule Adjustment (T) column, 1.2 t. Actual Tonnage on that sheet is already pure waste (Gross - Tare); this is the weight adjustment as recorded in the console. Loaded 2 Sep 2026 on Michelle instruction.",claude-otc-adjustment,2026-09-02 08:10:44.066188+00,backfill
558,23149,net_kg,1520.0,2620.0,"Weight adjustment from the OTC schedule Adjustment (T) column, 1.1 t. Actual Tonnage on that sheet is already pure waste (Gross - Tare); this is the weight adjustment as recorded in the console. Loaded 2 Sep 2026 on Michelle instruction.",claude-otc-adjustment,2026-09-02 08:10:44.066188+00,backfill
559,23154,net_kg,4140.0,7440.0,"Weight adjustment from the OTC schedule Adjustment (T) column, 3.3 t. Actual Tonnage on that sheet is already pure waste (Gross - Tare); this is the weight adjustment as recorded in the console. Loaded 2 Sep 2026 on Michelle instruction.",claude-otc-adjustment,2026-09-02 08:10:44.066188+00,backfill
560,23162,net_kg,1690.0,1990.0,"Weight adjustment from the OTC schedule Adjustment (T) column, 0.3 t. Actual Tonnage on that sheet is already pure waste (Gross - Tare); this is the weight adjustment as recorded in the console. Loaded 2 Sep 2026 on Michelle instruction.",claude-otc-adjustment,2026-09-02 08:10:44.066188+00,backfill
561,23166,net_kg,3010.0,4010.0,"Weight adjustment from the OTC schedule Adjustment (T) column, 1.0 t. Actual Tonnage on that sheet is already pure waste (Gross - Tare); this is the weight adjustment as recorded in the console. Loaded 2 Sep 2026 on Michelle instruction.",claude-otc-adjustment,2026-09-02 08:10:44.066188+00,backfill
562,23167,net_kg,1140.0,2140.0,"Weight adjustment from the OTC schedule Adjustment (T) column, 1.0 t. Actual Tonnage on that sheet is already pure waste (Gross - Tare); this is the weight adjustment as recorded in the console. Loaded 2 Sep 2026 on Michelle instruction.",claude-otc-adjustment,2026-09-02 08:10:44.066188+00,backfill
563,26522,net_kg,4200.0,5500.0,"Weight adjustment from the OTC schedule Adjustment (T) column, 1.3 t. Actual Tonnage on that sheet is already pure waste (Gross - Tare); this is the weight adjustment as recorded in the console. Loaded 2 Sep 2026 on Michelle instruction.",claude-otc-adjustment,2026-09-02 08:10:44.066188+00,backfill
564,26616,net_kg,1510.0,2510.0,"Weight adjustment from the OTC schedule Adjustment (T) column, 1.0 t. Actual Tonnage on that sheet is already pure waste (Gross - Tare); this is the weight adjustment as recorded in the console. Loaded 2 Sep 2026 on Michelle instruction.",claude-otc-adjustment,2026-09-02 08:10:44.066188+00,backfill
565,26611,net_kg,2610.0,3810.0,"Weight adjustment from the OTC schedule Adjustment (T) column, 1.2 t. Actual Tonnage on that sheet is already pure waste (Gross - Tare); this is the weight adjustment as recorded in the console. Loaded 2 Sep 2026 on Michelle instruction.",claude-otc-adjustment,2026-09-02 08:10:44.066188+00,backfill
566,26613,net_kg,1440.0,2440.0,"Weight adjustment from the OTC schedule Adjustment (T) column, 1.0 t. Actual Tonnage on that sheet is already pure waste (Gross - Tare); this is the weight adjustment as recorded in the console. Loaded 2 Sep 2026 on Michelle instruction.",claude-otc-adjustment,2026-09-02 08:10:44.066188+00,backfill
567,23176,net_kg,6140.0,9340.0,"Weight adjustment from the OTC schedule Adjustment (T) column, 3.2 t. Actual Tonnage on that sheet is already pure waste (Gross - Tare); this is the weight adjustment as recorded in the console. Loaded 2 Sep 2026 on Michelle instruction.",claude-otc-adjustment,2026-09-02 08:10:44.066188+00,backfill
568,23175,net_kg,3340.0,6540.0,"Weight adjustment from the OTC schedule Adjustment (T) column, 3.2 t. Actual Tonnage on that sheet is already pure waste (Gross - Tare); this is the weight adjustment as recorded in the console. Loaded 2 Sep 2026 on Michelle instruction.",claude-otc-adjustment,2026-09-02 08:10:44.066188+00,backfill
569,26623,net_kg,1400.0,2400.0,"Weight adjustment from the OTC schedule Adjustment (T) column, 1.0 t. Actual Tonnage on that sheet is already pure waste (Gross - Tare); this is the weight adjustment as recorded in the console. Loaded 2 Sep 2026 on Michelle instruction.",claude-otc-adjustment,2026-09-02 08:10:44.066188+00,backfill
570,26531,net_kg,2400.0,3500.0,"Weight adjustment from the OTC schedule Adjustment (T) column, 1.1 t. Actual Tonnage on that sheet is already pure waste (Gross - Tare); this is the weight adjustment as recorded in the console. Loaded 2 Sep 2026 on Michelle instruction.",claude-otc-adjustment,2026-09-02 08:10:44.066188+00,backfill
571,26583,net_kg,3300.0,4500.0,"Weight adjustment from the OTC schedule Adjustment (T) column, 1.2 t. Actual Tonnage on that sheet is already pure waste (Gross - Tare); this is the weight adjustment as recorded in the console. Loaded 2 Sep 2026 on Michelle instruction.",claude-otc-adjustment,2026-09-02 08:10:44.066188+00,backfill
572,26584,net_kg,1880.0,3180.0,"Weight adjustment from the OTC schedule Adjustment (T) column, 1.3 t. Actual Tonnage on that sheet is already pure waste (Gross - Tare); this is the weight adjustment as recorded in the console. Loaded 2 Sep 2026 on Michelle instruction.",claude-otc-adjustment,2026-09-02 08:10:44.066188+00,backfill
573,26532,net_kg,1500.0,2500.0,"Weight adjustment from the OTC schedule Adjustment (T) column, 1.0 t. Actual Tonnage on that sheet is already pure waste (Gross - Tare); this is the weight adjustment as recorded in the console. Loaded 2 Sep 2026 on Michelle instruction.",claude-otc-adjustment,2026-09-02 08:10:44.066188+00,backfill
574,23181,net_kg,5000.0,6200.0,"Weight adjustment from the OTC schedule Adjustment (T) column, 1.2 t. Actual Tonnage on that sheet is already pure waste (Gross - Tare); this is the weight adjustment as recorded in the console. Loaded 2 Sep 2026 on Michelle instruction.",claude-otc-adjustment,2026-09-02 08:10:44.066188+00,backfill
575,25995,net_kg,2200.0,3500.0,"Weight adjustment from the OTC schedule Adjustment (T) column, 1.3 t. Actual Tonnage on that sheet is already pure waste (Gross - Tare); this is the weight adjustment as recorded in the console. Loaded 2 Sep 2026 on Michelle instruction.",claude-otc-adjustment,2026-09-02 08:10:44.066188+00,backfill
576,22144,net_kg,2710.0,4010.0,"Weight adjustment from the OTC schedule Adjustment (T) column, 1.3 t. Actual Tonnage on that sheet is already pure waste (Gross - Tare); this is the weight adjustment as recorded in the console. Loaded 2 Sep 2026 on Michelle instruction.",claude-otc-adjustment,2026-09-02 08:10:44.066188+00,backfill
577,22145,net_kg,1480.0,2780.0,"Weight adjustment from the OTC schedule Adjustment (T) column, 1.3 t. Actual Tonnage on that sheet is already pure waste (Gross - Tare); this is the weight adjustment as recorded in the console. Loaded 2 Sep 2026 on Michelle instruction.",claude-otc-adjustment,2026-09-02 08:10:44.066188+00,backfill
578,25996,net_kg,1000.0,1500.0,"Weight adjustment from the OTC schedule Adjustment (T) column, 0.5 t. Actual Tonnage on that sheet is already pure waste (Gross - Tare); this is the weight adjustment as recorded in the console. Loaded 2 Sep 2026 on Michelle instruction.",claude-otc-adjustment,2026-09-02 08:10:44.066188+00,backfill
579,22146,net_kg,3360.0,4660.0,"Weight adjustment from the OTC schedule Adjustment (T) column, 1.3 t. Actual Tonnage on that sheet is already pure waste (Gross - Tare); this is the weight adjustment as recorded in the console. Loaded 2 Sep 2026 on Michelle instruction.",claude-otc-adjustment,2026-09-02 08:10:44.066188+00,backfill
580,25771,net_kg,4530.0,7530.0,"Weight adjustment from the OTC schedule Adjustment (T) column, 3.0 t. Actual Tonnage on that sheet is already pure waste (Gross - Tare); this is the weight adjustment as recorded in the console. Loaded 2 Sep 2026 on Michelle instruction.",claude-otc-adjustment,2026-09-02 08:10:44.066188+00,backfill
581,25773,net_kg,10990.0,12490.0,"Weight adjustment from the OTC schedule Adjustment (T) column, 1.5 t. Actual Tonnage on that sheet is already pure waste (Gross - Tare); this is the weight adjustment as recorded in the console. Loaded 2 Sep 2026 on Michelle instruction.",claude-otc-adjustment,2026-09-02 08:10:44.066188+00,backfill
582,26939,net_kg,1490.0,2590.0,"Weight adjustment from the OTC schedule Adjustment (T) column, 1.1 t. Actual Tonnage on that sheet is already pure waste (Gross - Tare); this is the weight adjustment as recorded in the console. Loaded 2 Sep 2026 on Michelle instruction.",claude-otc-adjustment,2026-09-02 08:10:44.066188+00,backfill
583,26764,net_kg,1150.0,1950.0,"Weight adjustment from the OTC schedule Adjustment (T) column, 0.8 t. Actual Tonnage on that sheet is already pure waste (Gross - Tare); this is the weight adjustment as recorded in the console. Loaded 2 Sep 2026 on Michelle instruction.",claude-otc-adjustment,2026-09-02 08:10:44.066188+00,backfill
584,25808,net_kg,3420.0,4220.0,"Weight adjustment from the OTC schedule Adjustment (T) column, 0.8 t. Actual Tonnage on that sheet is already pure waste (Gross - Tare); this is the weight adjustment as recorded in the console. Loaded 2 Sep 2026 on Michelle instruction.",claude-otc-adjustment,2026-09-02 08:10:44.066188+00,backfill
585,25780,net_kg,7600.0,8900.0,"Weight adjustment from the OTC schedule Adjustment (T) column, 1.3 t. Actual Tonnage on that sheet is already pure waste (Gross - Tare); this is the weight adjustment as recorded in the console. Loaded 2 Sep 2026 on Michelle instruction.",claude-otc-adjustment,2026-09-02 08:10:44.066188+00,backfill
586,25781,net_kg,3280.0,4480.0,"Weight adjustment from the OTC schedule Adjustment (T) column, 1.2 t. Actual Tonnage on that sheet is already pure waste (Gross - Tare); this is the weight adjustment as recorded in the console. Loaded 2 Sep 2026 on Michelle instruction.",claude-otc-adjustment,2026-09-02 08:10:44.066188+00,backfill
587,25810,net_kg,1800.0,2800.0,"Weight adjustment from the OTC schedule Adjustment (T) column, 1.0 t. Actual Tonnage on that sheet is already pure waste (Gross - Tare); this is the weight adjustment as recorded in the console. Loaded 2 Sep 2026 on Michelle instruction.",claude-otc-adjustment,2026-09-02 08:10:44.066188+00,backfill
588,26768,net_kg,1850.0,2850.0,"Weight adjustment from the OTC schedule Adjustment (T) column, 1.0 t. Actual Tonnage on that sheet is already pure waste (Gross - Tare); this is the weight adjustment as recorded in the console. Loaded 2 Sep 2026 on Michelle instruction.",claude-otc-adjustment,2026-09-02 08:10:44.066188+00,backfill
589,26769,net_kg,1620.0,2620.0,"Weight adjustment from the OTC schedule Adjustment (T) column, 1.0 t. Actual Tonnage on that sheet is already pure waste (Gross - Tare); this is the weight adjustment as recorded in the console. Loaded 2 Sep 2026 on Michelle instruction.",claude-otc-adjustment,2026-09-02 08:10:44.066188+00,backfill
590,25785,net_kg,3130.0,4430.0,"Weight adjustment from the OTC schedule Adjustment (T) column, 1.3 t. Actual Tonnage on that sheet is already pure waste (Gross - Tare); this is the weight adjustment as recorded in the console. Loaded 2 Sep 2026 on Michelle instruction.",claude-otc-adjustment,2026-09-02 08:10:44.066188+00,backfill
591,23263,net_kg,2100.0,3200.0,"Weight adjustment from the OTC schedule Adjustment (T) column, 1.1 t. Actual Tonnage on that sheet is already pure waste (Gross - Tare); this is the weight adjustment as recorded in the console. Loaded 2 Sep 2026 on Michelle instruction.",claude-otc-adjustment,2026-09-02 08:10:44.066188+00,backfill
592,26620,net_kg,1810.0,2810.0,"Weight adjustment from the OTC schedule Adjustment (T) column, 1.0 t. Actual Tonnage on that sheet is already pure waste (Gross - Tare); this is the weight adjustment as recorded in the console. Loaded 2 Sep 2026 on Michelle instruction.",claude-otc-adjustment,2026-09-02 08:10:44.066188+00,backfill
593,23182,net_kg,1670.0,4670.0,"Weight adjustment from the OTC schedule Adjustment (T) column, 3.0 t. Actual Tonnage on that sheet is already pure waste (Gross - Tare); this is the weight adjustment as recorded in the console. Loaded 2 Sep 2026 on Michelle instruction.",claude-otc-adjustment,2026-09-02 08:10:44.066188+00,backfill
594,23183,net_kg,1970.0,2970.0,"Weight adjustment from the OTC schedule Adjustment (T) column, 1.0 t. Actual Tonnage on that sheet is already pure waste (Gross - Tare); this is the weight adjustment as recorded in the console. Loaded 2 Sep 2026 on Michelle instruction.",claude-otc-adjustment,2026-09-02 08:10:44.066188+00,backfill
595,26756,net_kg,2400.0,3700.0,"Weight adjustment from the OTC schedule Adjustment (T) column, 1.3 t. Actual Tonnage on that sheet is already pure waste (Gross - Tare); this is the weight adjustment as recorded in the console. Loaded 2 Sep 2026 on Michelle instruction.",claude-otc-adjustment,2026-09-02 08:10:44.066188+00,backfill
596,26933,net_kg,2170.0,3570.0,"Weight adjustment from the OTC schedule Adjustment (T) column, 1.4 t. Actual Tonnage on that sheet is already pure waste (Gross - Tare); this is the weight adjustment as recorded in the console. Loaded 2 Sep 2026 on Michelle instruction.",claude-otc-adjustment,2026-09-02 08:10:44.066188+00,backfill
597,22148,net_kg,3060.0,4060.0,"Weight adjustment from the OTC schedule Adjustment (T) column, 1.0 t. Actual Tonnage on that sheet is already pure waste (Gross - Tare); this is the weight adjustment as recorded in the console. Loaded 2 Sep 2026 on Michelle instruction.",claude-otc-adjustment,2026-09-02 08:10:44.066188+00,backfill
598,26937,net_kg,2870.0,4170.0,"Weight adjustment from the OTC schedule Adjustment (T) column, 1.3 t. Actual Tonnage on that sheet is already pure waste (Gross - Tare); this is the weight adjustment as recorded in the console. Loaded 2 Sep 2026 on Michelle instruction.",claude-otc-adjustment,2026-09-02 08:10:44.066188+00,backfill
599,22149,net_kg,3730.0,6730.0,"Weight adjustment from the OTC schedule Adjustment (T) column, 3.0 t. Actual Tonnage on that sheet is already pure waste (Gross - Tare); this is the weight adjustment as recorded in the console. Loaded 2 Sep 2026 on Michelle instruction.",claude-otc-adjustment,2026-09-02 08:10:44.066188+00,backfill
600,26763,net_kg,2620.0,3620.0,"Weight adjustment from the OTC schedule Adjustment (T) column, 1.0 t. Actual Tonnage on that sheet is already pure waste (Gross - Tare); this is the weight adjustment as recorded in the console. Loaded 2 Sep 2026 on Michelle instruction.",claude-otc-adjustment,2026-09-02 08:10:44.066188+00,backfill
601,25802,net_kg,1130.0,2130.0,"Weight adjustment from the OTC schedule Adjustment (T) column, 1.0 t. Actual Tonnage on that sheet is already pure waste (Gross - Tare); this is the weight adjustment as recorded in the console. Loaded 2 Sep 2026 on Michelle instruction.",claude-otc-adjustment,2026-09-02 08:10:44.066188+00,backfill
602,25804,net_kg,2730.0,3730.0,"Weight adjustment from the OTC schedule Adjustment (T) column, 1.0 t. Actual Tonnage on that sheet is already pure waste (Gross - Tare); this is the weight adjustment as recorded in the console. Loaded 2 Sep 2026 on Michelle instruction.",claude-otc-adjustment,2026-09-02 08:10:44.066188+00,backfill
603,25806,net_kg,2410.0,3510.0,"Weight adjustment from the OTC schedule Adjustment (T) column, 1.1 t. Actual Tonnage on that sheet is already pure waste (Gross - Tare); this is the weight adjustment as recorded in the console. Loaded 2 Sep 2026 on Michelle instruction.",claude-otc-adjustment,2026-09-02 08:10:44.066188+00,backfill
604,23259,net_kg,3900.0,6900.0,"Weight adjustment from the OTC schedule Adjustment (T) column, 3.0 t. Actual Tonnage on that sheet is already pure waste (Gross - Tare); this is the weight adjustment as recorded in the console. Loaded 2 Sep 2026 on Michelle instruction.",claude-otc-adjustment,2026-09-02 08:10:44.066188+00,backfill
605,23264,net_kg,2700.0,3800.0,"Weight adjustment from the OTC schedule Adjustment (T) column, 1.1 t. Actual Tonnage on that sheet is already pure waste (Gross - Tare); this is the weight adjustment as recorded in the console. Loaded 2 Sep 2026 on Michelle instruction.",claude-otc-adjustment,2026-09-02 08:10:44.066188+00,backfill
606,23186,net_kg,970.0,1770.0,"Weight adjustment from the OTC schedule Adjustment (T) column, 0.8 t. Actual Tonnage on that sheet is already pure waste (Gross - Tare); this is the weight adjustment as recorded in the console. Loaded 2 Sep 2026 on Michelle instruction.",claude-otc-adjustment,2026-09-02 08:10:44.066188+00,backfill
607,26627,net_kg,1990.0,3090.0,"Weight adjustment from the OTC schedule Adjustment (T) column, 1.1 t. Actual Tonnage on that sheet is already pure waste (Gross - Tare); this is the weight adjustment as recorded in the console. Loaded 2 Sep 2026 on Michelle instruction.",claude-otc-adjustment,2026-09-02 08:10:44.066188+00,backfill
608,26626,net_kg,2230.0,3330.0,"Weight adjustment from the OTC schedule Adjustment (T) column, 1.1 t. Actual Tonnage on that sheet is already pure waste (Gross - Tare); this is the weight adjustment as recorded in the console. Loaded 2 Sep 2026 on Michelle instruction.",claude-otc-adjustment,2026-09-02 08:10:44.066188+00,backfill
609,26594,net_kg,3100.0,4300.0,"Weight adjustment from the OTC schedule Adjustment (T) column, 1.2 t. Actual Tonnage on that sheet is already pure waste (Gross - Tare); this is the weight adjustment as recorded in the console. Loaded 2 Sep 2026 on Michelle instruction.",claude-otc-adjustment,2026-09-02 08:10:44.066188+00,backfill
610,26537,net_kg,3000.0,4200.0,"Weight adjustment from the OTC schedule Adjustment (T) column, 1.2 t. Actual Tonnage on that sheet is already pure waste (Gross - Tare); this is the weight adjustment as recorded in the console. Loaded 2 Sep 2026 on Michelle instruction.",claude-otc-adjustment,2026-09-02 08:10:44.066188+00,backfill
611,26595,net_kg,1580.0,2680.0,"Weight adjustment from the OTC schedule Adjustment (T) column, 1.1 t. Actual Tonnage on that sheet is already pure waste (Gross - Tare); this is the weight adjustment as recorded in the console. Loaded 2 Sep 2026 on Michelle instruction.",claude-otc-adjustment,2026-09-02 08:10:44.066188+00,backfill
612,26629,net_kg,7250.0,8550.0,"Weight adjustment from the OTC schedule Adjustment (T) column, 1.3 t. Actual Tonnage on that sheet is already pure waste (Gross - Tare); this is the weight adjustment as recorded in the console. Loaded 2 Sep 2026 on Michelle instruction.",claude-otc-adjustment,2026-09-02 08:10:44.066188+00,backfill
613,26596,net_kg,1140.0,2140.0,"Weight adjustment from the OTC schedule Adjustment (T) column, 1.0 t. Actual Tonnage on that sheet is already pure waste (Gross - Tare); this is the weight adjustment as recorded in the console. Loaded 2 Sep 2026 on Michelle instruction.",claude-otc-adjustment,2026-09-02 08:10:44.066188+00,backfill
614,23190,net_kg,2740.0,3940.0,"Weight adjustment from the OTC schedule Adjustment (T) column, 1.2 t. Actual Tonnage on that sheet is already pure waste (Gross - Tare); this is the weight adjustment as recorded in the console. Loaded 2 Sep 2026 on Michelle instruction.",claude-otc-adjustment,2026-09-02 08:10:44.066188+00,backfill
615,26541,net_kg,5300.0,6600.0,"Weight adjustment from the OTC schedule Adjustment (T) column, 1.3 t. Actual Tonnage on that sheet is already pure waste (Gross - Tare); this is the weight adjustment as recorded in the console. Loaded 2 Sep 2026 on Michelle instruction.",claude-otc-adjustment,2026-09-02 08:10:44.066188+00,backfill
616,23191,net_kg,2050.0,3050.0,"Weight adjustment from the OTC schedule Adjustment (T) column, 1.0 t. Actual Tonnage on that sheet is already pure waste (Gross - Tare); this is the weight adjustment as recorded in the console. Loaded 2 Sep 2026 on Michelle instruction.",claude-otc-adjustment,2026-09-02 08:10:44.066188+00,backfill
617,26597,net_kg,4230.0,7230.0,"Weight adjustment from the OTC schedule Adjustment (T) column, 3.0 t. Actual Tonnage on that sheet is already pure waste (Gross - Tare); this is the weight adjustment as recorded in the console. Loaded 2 Sep 2026 on Michelle instruction.",claude-otc-adjustment,2026-09-02 08:10:44.066188+00,backfill
618,26628,net_kg,1160.0,1960.0,"Weight adjustment from the OTC schedule Adjustment (T) column, 0.8 t. Actual Tonnage on that sheet is already pure waste (Gross - Tare); this is the weight adjustment as recorded in the console. Loaded 2 Sep 2026 on Michelle instruction.",claude-otc-adjustment,2026-09-02 08:10:44.066188+00,backfill
619,26545,net_kg,5700.0,6900.0,"Weight adjustment from the OTC schedule Adjustment (T) column, 1.2 t. Actual Tonnage on that sheet is already pure waste (Gross - Tare); this is the weight adjustment as recorded in the console. Loaded 2 Sep 2026 on Michelle instruction.",claude-otc-adjustment,2026-09-02 08:10:44.066188+00,backfill
620,26630,net_kg,2670.0,3870.0,"Weight adjustment from the OTC schedule Adjustment (T) column, 1.2 t. Actual Tonnage on that sheet is already pure waste (Gross - Tare); this is the weight adjustment as recorded in the console. Loaded 2 Sep 2026 on Michelle instruction.",claude-otc-adjustment,2026-09-02 08:10:44.066188+00,backfill
621,26544,net_kg,3500.0,4800.0,"Weight adjustment from the OTC schedule Adjustment (T) column, 1.3 t. Actual Tonnage on that sheet is already pure waste (Gross - Tare); this is the weight adjustment as recorded in the console. Loaded 2 Sep 2026 on Michelle instruction.",claude-otc-adjustment,2026-09-02 08:10:44.066188+00,backfill
622,23193,net_kg,4830.0,6030.0,"Weight adjustment from the OTC schedule Adjustment (T) column, 1.2 t. Actual Tonnage on that sheet is already pure waste (Gross - Tare); this is the weight adjustment as recorded in the console. Loaded 2 Sep 2026 on Michelle instruction.",claude-otc-adjustment,2026-09-02 08:10:44.066188+00,backfill
623,23196,net_kg,5040.0,6340.0,"Weight adjustment from the OTC schedule Adjustment (T) column, 1.3 t. Actual Tonnage on that sheet is already pure waste (Gross - Tare); this is the weight adjustment as recorded in the console. Loaded 2 Sep 2026 on Michelle instruction.",claude-otc-adjustment,2026-09-02 08:10:44.066188+00,backfill
624,26549,net_kg,3300.0,4500.0,"Weight adjustment from the OTC schedule Adjustment (T) column, 1.2 t. Actual Tonnage on that sheet is already pure waste (Gross - Tare); this is the weight adjustment as recorded in the console. Loaded 2 Sep 2026 on Michelle instruction.",claude-otc-adjustment,2026-09-02 08:10:44.066188+00,backfill
625,26547,net_kg,4900.0,7900.0,"Weight adjustment from the OTC schedule Adjustment (T) column, 3.0 t. Actual Tonnage on that sheet is already pure waste (Gross - Tare); this is the weight adjustment as recorded in the console. Loaded 2 Sep 2026 on Michelle instruction.",claude-otc-adjustment,2026-09-02 08:10:44.066188+00,backfill
626,25952,net_kg,2900.0,4100.0,"Weight adjustment from the OTC schedule Adjustment (T) column, 1.2 t. Actual Tonnage on that sheet is already pure waste (Gross - Tare); this is the weight adjustment as recorded in the console. Loaded 2 Sep 2026 on Michelle instruction.",claude-otc-adjustment,2026-09-02 08:10:44.066188+00,backfill
627,23198,net_kg,5140.0,5840.0,"Weight adjustment from the OTC schedule Adjustment (T) column, 0.7 t. Actual Tonnage on that sheet is already pure waste (Gross - Tare); this is the weight adjustment as recorded in the console. Loaded 2 Sep 2026 on Michelle instruction.",claude-otc-adjustment,2026-09-02 08:10:44.066188+00,backfill
628,26703,net_kg,4240.0,5540.0,"Weight adjustment from the OTC schedule Adjustment (T) column, 1.3 t. Actual Tonnage on that sheet is already pure waste (Gross - Tare); this is the weight adjustment as recorded in the console. Loaded 2 Sep 2026 on Michelle instruction.",claude-otc-adjustment,2026-09-02 08:10:44.066188+00,backfill
629,25956,net_kg,3180.0,4180.0,"Weight adjustment from the OTC schedule Adjustment (T) column, 1.0 t. Actual Tonnage on that sheet is already pure waste (Gross - Tare); this is the weight adjustment as recorded in the console. Loaded 2 Sep 2026 on Michelle instruction.",claude-otc-adjustment,2026-09-02 08:10:44.066188+00,backfill
630,25959,net_kg,2110.0,3210.0,"Weight adjustment from the OTC schedule Adjustment (T) column, 1.1 t. Actual Tonnage on that sheet is already pure waste (Gross - Tare); this is the weight adjustment as recorded in the console. Loaded 2 Sep 2026 on Michelle instruction.",claude-otc-adjustment,2026-09-02 08:10:44.066188+00,backfill
631,25962,net_kg,7600.0,9100.0,"Weight adjustment from the OTC schedule Adjustment (T) column, 1.5 t. Actual Tonnage on that sheet is already pure waste (Gross - Tare); this is the weight adjustment as recorded in the console. Loaded 2 Sep 2026 on Michelle instruction.",claude-otc-adjustment,2026-09-02 08:10:44.066188+00,backfill
632,25965,net_kg,3800.0,5000.0,"Weight adjustment from the OTC schedule Adjustment (T) column, 1.2 t. Actual Tonnage on that sheet is already pure waste (Gross - Tare); this is the weight adjustment as recorded in the console. Loaded 2 Sep 2026 on Michelle instruction.",claude-otc-adjustment,2026-09-02 08:10:44.066188+00,backfill
633,26646,net_kg,3480.0,4780.0,"Weight adjustment from the OTC schedule Adjustment (T) column, 1.3 t. Actual Tonnage on that sheet is already pure waste (Gross - Tare); this is the weight adjustment as recorded in the console. Loaded 2 Sep 2026 on Michelle instruction.",claude-otc-adjustment,2026-09-02 08:10:44.066188+00,backfill
634,26712,net_kg,2520.0,3720.0,"Weight adjustment from the OTC schedule Adjustment (T) column, 1.2 t. Actual Tonnage on that sheet is already pure waste (Gross - Tare); this is the weight adjustment as recorded in the console. Loaded 2 Sep 2026 on Michelle instruction.",claude-otc-adjustment,2026-09-02 08:10:44.066188+00,backfill
635,26678,net_kg,5320.0,8320.0,"Weight adjustment from the OTC schedule Adjustment (T) column, 3.0 t. Actual Tonnage on that sheet is already pure waste (Gross - Tare); this is the weight adjustment as recorded in the console. Loaded 2 Sep 2026 on Michelle instruction.",claude-otc-adjustment,2026-09-02 08:10:44.066188+00,backfill
636,26730,net_kg,1680.0,2680.0,"Weight adjustment from the OTC schedule Adjustment (T) column, 1.0 t. Actual Tonnage on that sheet is already pure waste (Gross - Tare); this is the weight adjustment as recorded in the console. Loaded 2 Sep 2026 on Michelle instruction.",claude-otc-adjustment,2026-09-02 08:10:44.066188+00,backfill
637,25969,net_kg,1200.0,2000.0,"Weight adjustment from the OTC schedule Adjustment (T) column, 0.8 t. Actual Tonnage on that sheet is already pure waste (Gross - Tare); this is the weight adjustment as recorded in the console. Loaded 2 Sep 2026 on Michelle instruction.",claude-otc-adjustment,2026-09-02 08:10:44.066188+00,backfill
638,26654,net_kg,3720.0,4920.0,"Weight adjustment from the OTC schedule Adjustment (T) column, 1.2 t. Actual Tonnage on that sheet is already pure waste (Gross - Tare); this is the weight adjustment as recorded in the console. Loaded 2 Sep 2026 on Michelle instruction.",claude-otc-adjustment,2026-09-02 08:10:44.066188+00,backfill
639,26550,net_kg,3300.0,4400.0,"Weight adjustment from the OTC schedule Adjustment (T) column, 1.1 t. Actual Tonnage on that sheet is already pure waste (Gross - Tare); this is the weight adjustment as recorded in the console. Loaded 2 Sep 2026 on Michelle instruction.",claude-otc-adjustment,2026-09-02 08:10:44.066188+00,backfill
640,26599,net_kg,3670.0,4970.0,"Weight adjustment from the OTC schedule Adjustment (T) column, 1.3 t. Actual Tonnage on that sheet is already pure waste (Gross - Tare); this is the weight adjustment as recorded in the console. Loaded 2 Sep 2026 on Michelle instruction.",claude-otc-adjustment,2026-09-02 08:10:44.066188+00,backfill
641,26638,net_kg,5870.0,6670.0,"Weight adjustment from the OTC schedule Adjustment (T) column, 0.8 t. Actual Tonnage on that sheet is already pure waste (Gross - Tare); this is the weight adjustment as recorded in the console. Loaded 2 Sep 2026 on Michelle instruction.",claude-otc-adjustment,2026-09-02 08:10:44.066188+00,backfill
642,26705,net_kg,2500.0,3600.0,"Weight adjustment from the OTC schedule Adjustment (T) column, 1.1 t. Actual Tonnage on that sheet is already pure waste (Gross - Tare); this is the weight adjustment as recorded in the console. Loaded 2 Sep 2026 on Michelle instruction.",claude-otc-adjustment,2026-09-02 08:10:44.066188+00,backfill
643,26706,net_kg,2350.0,3450.0,"Weight adjustment from the OTC schedule Adjustment (T) column, 1.1 t. Actual Tonnage on that sheet is already pure waste (Gross - Tare); this is the weight adjustment as recorded in the console. Loaded 2 Sep 2026 on Michelle instruction.",claude-otc-adjustment,2026-09-02 08:10:44.066188+00,backfill
644,26641,net_kg,1450.0,2250.0,"Weight adjustment from the OTC schedule Adjustment (T) column, 0.8 t. Actual Tonnage on that sheet is already pure waste (Gross - Tare); this is the weight adjustment as recorded in the console. Loaded 2 Sep 2026 on Michelle instruction.",claude-otc-adjustment,2026-09-02 08:10:44.066188+00,backfill
645,26708,net_kg,5540.0,6340.0,"Weight adjustment from the OTC schedule Adjustment (T) column, 0.8 t. Actual Tonnage on that sheet is already pure waste (Gross - Tare); this is the weight adjustment as recorded in the console. Loaded 2 Sep 2026 on Michelle instruction.",claude-otc-adjustment,2026-09-02 08:10:44.066188+00,backfill
646,26647,net_kg,2850.0,4050.0,"Weight adjustment from the OTC schedule Adjustment (T) column, 1.2 t. Actual Tonnage on that sheet is already pure waste (Gross - Tare); this is the weight adjustment as recorded in the console. Loaded 2 Sep 2026 on Michelle instruction.",claude-otc-adjustment,2026-09-02 08:10:44.066188+00,backfill
647,25966,net_kg,2720.0,3720.0,"Weight adjustment from the OTC schedule Adjustment (T) column, 1.0 t. Actual Tonnage on that sheet is already pure waste (Gross - Tare); this is the weight adjustment as recorded in the console. Loaded 2 Sep 2026 on Michelle instruction.",claude-otc-adjustment,2026-09-02 08:10:44.066188+00,backfill
648,26669,net_kg,2400.0,3500.0,"Weight adjustment from the OTC schedule Adjustment (T) column, 1.1 t. Actual Tonnage on that sheet is already pure waste (Gross - Tare); this is the weight adjustment as recorded in the console. Loaded 2 Sep 2026 on Michelle instruction.",claude-otc-adjustment,2026-09-02 08:10:44.066188+00,backfill
649,26650,net_kg,270.0,2270.0,"Weight adjustment from the OTC schedule Adjustment (T) column, 2.0 t. Actual Tonnage on that sheet is already pure waste (Gross - Tare); this is the weight adjustment as recorded in the console. Loaded 2 Sep 2026 on Michelle instruction.",claude-otc-adjustment,2026-09-02 08:10:44.066188+00,backfill
650,26719,net_kg,3230.0,6230.0,"Weight adjustment from the OTC schedule Adjustment (T) column, 3.0 t. Actual Tonnage on that sheet is already pure waste (Gross - Tare); this is the weight adjustment as recorded in the console. Loaded 2 Sep 2026 on Michelle instruction.",claude-otc-adjustment,2026-09-02 08:10:44.066188+00,backfill
651,26680,net_kg,1380.0,2580.0,"Weight adjustment from the OTC schedule Adjustment (T) column, 1.2 t. Actual Tonnage on that sheet is already pure waste (Gross - Tare); this is the weight adjustment as recorded in the console. Loaded 2 Sep 2026 on Michelle instruction.",claude-otc-adjustment,2026-09-02 08:10:44.066188+00,backfill
652,26910,net_kg,2030.0,3130.0,"Weight adjustment from the OTC schedule Adjustment (T) column, 1.1 t. Actual Tonnage on that sheet is already pure waste (Gross - Tare); this is the weight adjustment as recorded in the console. Loaded 2 Sep 2026 on Michelle instruction.",claude-otc-adjustment,2026-09-02 08:10:44.066188+00,backfill
653,26723,net_kg,2360.0,5360.0,"Weight adjustment from the OTC schedule Adjustment (T) column, 3.0 t. Actual Tonnage on that sheet is already pure waste (Gross - Tare); this is the weight adjustment as recorded in the console. Loaded 2 Sep 2026 on Michelle instruction.",claude-otc-adjustment,2026-09-02 08:10:44.066188+00,backfill
654,26598,net_kg,970.0,1770.0,"Weight adjustment from the OTC schedule Adjustment (T) column, 0.8 t. Actual Tonnage on that sheet is already pure waste (Gross - Tare); this is the weight adjustment as recorded in the console. Loaded 2 Sep 2026 on Michelle instruction.",claude-otc-adjustment,2026-09-02 08:10:44.066188+00,backfill
655,25951,net_kg,1800.0,2900.0,"Weight adjustment from the OTC schedule Adjustment (T) column, 1.1 t. Actual Tonnage on that sheet is already pure waste (Gross - Tare); this is the weight adjustment as recorded in the console. Loaded 2 Sep 2026 on Michelle instruction.",claude-otc-adjustment,2026-09-02 08:10:44.066188+00,backfill
656,26656,net_kg,5830.0,6630.0,"Weight adjustment from the OTC schedule Adjustment (T) column, 0.8 t. Actual Tonnage on that sheet is already pure waste (Gross - Tare); this is the weight adjustment as recorded in the console. Loaded 2 Sep 2026 on Michelle instruction.",claude-otc-adjustment,2026-09-02 08:10:44.066188+00,backfill
657,26704,net_kg,4280.0,5280.0,"Weight adjustment from the OTC schedule Adjustment (T) column, 1.0 t. Actual Tonnage on that sheet is already pure waste (Gross - Tare); this is the weight adjustment as recorded in the console. Loaded 2 Sep 2026 on Michelle instruction.",claude-otc-adjustment,2026-09-02 08:10:44.066188+00,backfill
658,26657,net_kg,2290.0,3390.0,"Weight adjustment from the OTC schedule Adjustment (T) column, 1.1 t. Actual Tonnage on that sheet is already pure waste (Gross - Tare); this is the weight adjustment as recorded in the console. Loaded 2 Sep 2026 on Michelle instruction.",claude-otc-adjustment,2026-09-02 08:10:44.066188+00,backfill
659,25958,net_kg,2240.0,3440.0,"Weight adjustment from the OTC schedule Adjustment (T) column, 1.2 t. Actual Tonnage on that sheet is already pure waste (Gross - Tare); this is the weight adjustment as recorded in the console. Loaded 2 Sep 2026 on Michelle instruction.",claude-otc-adjustment,2026-09-02 08:10:44.066188+00,backfill
660,26642,net_kg,2660.0,3860.0,"Weight adjustment from the OTC schedule Adjustment (T) column, 1.2 t. Actual Tonnage on that sheet is already pure waste (Gross - Tare); this is the weight adjustment as recorded in the console. Loaded 2 Sep 2026 on Michelle instruction.",claude-otc-adjustment,2026-09-02 08:10:44.066188+00,backfill
661,26664,net_kg,3590.0,4190.0,"Weight adjustment from the OTC schedule Adjustment (T) column, 0.6 t. Actual Tonnage on that sheet is already pure waste (Gross - Tare); this is the weight adjustment as recorded in the console. Loaded 2 Sep 2026 on Michelle instruction.",claude-otc-adjustment,2026-09-02 08:10:44.066188+00,backfill
662,26714,net_kg,7020.0,7820.0,"Weight adjustment from the OTC schedule Adjustment (T) column, 0.8 t. Actual Tonnage on that sheet is already pure waste (Gross - Tare); this is the weight adjustment as recorded in the console. Loaded 2 Sep 2026 on Michelle instruction.",claude-otc-adjustment,2026-09-02 08:10:44.066188+00,backfill
663,25963,net_kg,4600.0,5800.0,"Weight adjustment from the OTC schedule Adjustment (T) column, 1.2 t. Actual Tonnage on that sheet is already pure waste (Gross - Tare); this is the weight adjustment as recorded in the console. Loaded 2 Sep 2026 on Michelle instruction.",claude-otc-adjustment,2026-09-02 08:10:44.066188+00,backfill
664,26666,net_kg,2610.0,3810.0,"Weight adjustment from the OTC schedule Adjustment (T) column, 1.2 t. Actual Tonnage on that sheet is already pure waste (Gross - Tare); this is the weight adjustment as recorded in the console. Loaded 2 Sep 2026 on Michelle instruction.",claude-otc-adjustment,2026-09-02 08:10:44.066188+00,backfill
665,25960,net_kg,3000.0,4200.0,"Weight adjustment from the OTC schedule Adjustment (T) column, 1.2 t. Actual Tonnage on that sheet is already pure waste (Gross - Tare); this is the weight adjustment as recorded in the console. Loaded 2 Sep 2026 on Michelle instruction.",claude-otc-adjustment,2026-09-02 08:10:44.066188+00,backfill
666,26673,net_kg,2930.0,5930.0,"Weight adjustment from the OTC schedule Adjustment (T) column, 3.0 t. Actual Tonnage on that sheet is already pure waste (Gross - Tare); this is the weight adjustment as recorded in the console. Loaded 2 Sep 2026 on Michelle instruction.",claude-otc-adjustment,2026-09-02 08:10:44.066188+00,backfill
667,26676,net_kg,8470.0,9770.0,"Weight adjustment from the OTC schedule Adjustment (T) column, 1.3 t. Actual Tonnage on that sheet is already pure waste (Gross - Tare); this is the weight adjustment as recorded in the console. Loaded 2 Sep 2026 on Michelle instruction.",claude-otc-adjustment,2026-09-02 08:10:44.066188+00,backfill
668,26903,net_kg,2950.0,3450.0,"Weight adjustment from the OTC schedule Adjustment (T) column, 0.5 t. Actual Tonnage on that sheet is already pure waste (Gross - Tare); this is the weight adjustment as recorded in the console. Loaded 2 Sep 2026 on Michelle instruction.",claude-otc-adjustment,2026-09-02 08:10:44.066188+00,backfill
669,26686,net_kg,6520.0,7820.0,"Weight adjustment from the OTC schedule Adjustment (T) column, 1.3 t. Actual Tonnage on that sheet is already pure waste (Gross - Tare); this is the weight adjustment as recorded in the console. Loaded 2 Sep 2026 on Michelle instruction.",claude-otc-adjustment,2026-09-02 08:10:44.066188+00,backfill
670,26911,net_kg,1860.0,3060.0,"Weight adjustment from the OTC schedule Adjustment (T) column, 1.2 t. Actual Tonnage on that sheet is already pure waste (Gross - Tare); this is the weight adjustment as recorded in the console. Loaded 2 Sep 2026 on Michelle instruction.",claude-otc-adjustment,2026-09-02 08:10:44.066188+00,backfill
671,25967,net_kg,2480.0,3680.0,"Weight adjustment from the OTC schedule Adjustment (T) column, 1.2 t. Actual Tonnage on that sheet is already pure waste (Gross - Tare); this is the weight adjustment as recorded in the console. Loaded 2 Sep 2026 on Michelle instruction.",claude-otc-adjustment,2026-09-02 08:10:44.066188+00,backfill
672,25970,net_kg,3100.0,4400.0,"Weight adjustment from the OTC schedule Adjustment (T) column, 1.3 t. Actual Tonnage on that sheet is already pure waste (Gross - Tare); this is the weight adjustment as recorded in the console. Loaded 2 Sep 2026 on Michelle instruction.",claude-otc-adjustment,2026-09-02 08:10:44.066188+00,backfill
673,26732,net_kg,2030.0,3230.0,"Weight adjustment from the OTC schedule Adjustment (T) column, 1.2 t. Actual Tonnage on that sheet is already pure waste (Gross - Tare); this is the weight adjustment as recorded in the console. Loaded 2 Sep 2026 on Michelle instruction.",claude-otc-adjustment,2026-09-02 08:10:44.066188+00,backfill
674,25976,net_kg,1600.0,2400.0,"Weight adjustment from the OTC schedule Adjustment (T) column, 0.8 t. Actual Tonnage on that sheet is already pure waste (Gross - Tare); this is the weight adjustment as recorded in the console. Loaded 2 Sep 2026 on Michelle instruction.",claude-otc-adjustment,2026-09-02 08:10:44.066188+00,backfill
675,25972,net_kg,7800.0,9100.0,"Weight adjustment from the OTC schedule Adjustment (T) column, 1.3 t. Actual Tonnage on that sheet is already pure waste (Gross - Tare); this is the weight adjustment as recorded in the console. Loaded 2 Sep 2026 on Michelle instruction.",claude-otc-adjustment,2026-09-02 08:10:44.066188+00,backfill
676,22127,net_kg,2420.0,3620.0,"Weight adjustment from the OTC schedule Adjustment (T) column, 1.2 t. Actual Tonnage on that sheet is already pure waste (Gross - Tare); this is the weight adjustment as recorded in the console. Loaded 2 Sep 2026 on Michelle instruction.",claude-otc-adjustment,2026-09-02 08:10:44.066188+00,backfill
677,26736,net_kg,4170.0,7170.0,"Weight adjustment from the OTC schedule Adjustment (T) column, 3.0 t. Actual Tonnage on that sheet is already pure waste (Gross - Tare); this is the weight adjustment as recorded in the console. Loaded 2 Sep 2026 on Michelle instruction.",claude-otc-adjustment,2026-09-02 08:10:44.066188+00,backfill
678,25980,net_kg,3100.0,4300.0,"Weight adjustment from the OTC schedule Adjustment (T) column, 1.2 t. Actual Tonnage on that sheet is already pure waste (Gross - Tare); this is the weight adjustment as recorded in the console. Loaded 2 Sep 2026 on Michelle instruction.",claude-otc-adjustment,2026-09-02 08:10:44.066188+00,backfill
679,25985,net_kg,1800.0,2800.0,"Weight adjustment from the OTC schedule Adjustment (T) column, 1.0 t. Actual Tonnage on that sheet is already pure waste (Gross - Tare); this is the weight adjustment as recorded in the console. Loaded 2 Sep 2026 on Michelle instruction.",claude-otc-adjustment,2026-09-02 08:10:44.066188+00,backfill
680,22129,net_kg,2060.0,3360.0,"Weight adjustment from the OTC schedule Adjustment (T) column, 1.3 t. Actual Tonnage on that sheet is already pure waste (Gross - Tare); this is the weight adjustment as recorded in the console. Loaded 2 Sep 2026 on Michelle instruction.",claude-otc-adjustment,2026-09-02 08:10:44.066188+00,backfill
681,26749,net_kg,1370.0,2370.0,"Weight adjustment from the OTC schedule Adjustment (T) column, 1.0 t. Actual Tonnage on that sheet is already pure waste (Gross - Tare); this is the weight adjustment as recorded in the console. Loaded 2 Sep 2026 on Michelle instruction.",claude-otc-adjustment,2026-09-02 08:10:44.066188+00,backfill
682,25987,net_kg,11000.0,11800.0,"Weight adjustment from the OTC schedule Adjustment (T) column, 0.8 t. Actual Tonnage on that sheet is already pure waste (Gross - Tare); this is the weight adjustment as recorded in the console. Loaded 2 Sep 2026 on Michelle instruction.",claude-otc-adjustment,2026-09-02 08:10:44.066188+00,backfill
683,25752,net_kg,2560.0,3860.0,"Weight adjustment from the OTC schedule Adjustment (T) column, 1.3 t. Actual Tonnage on that sheet is already pure waste (Gross - Tare); this is the weight adjustment as recorded in the console. Loaded 2 Sep 2026 on Michelle instruction.",claude-otc-adjustment,2026-09-02 08:10:44.066188+00,backfill
684,26908,net_kg,2100.0,3100.0,"Weight adjustment from the OTC schedule Adjustment (T) column, 1.0 t. Actual Tonnage on that sheet is already pure waste (Gross - Tare); this is the weight adjustment as recorded in the console. Loaded 2 Sep 2026 on Michelle instruction.",claude-otc-adjustment,2026-09-02 08:10:44.066188+00,backfill
685,26731,net_kg,1830.0,2830.0,"Weight adjustment from the OTC schedule Adjustment (T) column, 1.0 t. Actual Tonnage on that sheet is already pure waste (Gross - Tare); this is the weight adjustment as recorded in the console. Loaded 2 Sep 2026 on Michelle instruction.",claude-otc-adjustment,2026-09-02 08:10:44.066188+00,backfill
686,26687,net_kg,1990.0,3290.0,"Weight adjustment from the OTC schedule Adjustment (T) column, 1.3 t. Actual Tonnage on that sheet is already pure waste (Gross - Tare); this is the weight adjustment as recorded in the console. Loaded 2 Sep 2026 on Michelle instruction.",claude-otc-adjustment,2026-09-02 08:10:44.066188+00,backfill
687,26692,net_kg,5940.0,7140.0,"Weight adjustment from the OTC schedule Adjustment (T) column, 1.2 t. Actual Tonnage on that sheet is already pure waste (Gross - Tare); this is the weight adjustment as recorded in the console. Loaded 2 Sep 2026 on Michelle instruction.",claude-otc-adjustment,2026-09-02 08:10:44.066188+00,backfill
688,26735,net_kg,1150.0,2150.0,"Weight adjustment from the OTC schedule Adjustment (T) column, 1.0 t. Actual Tonnage on that sheet is already pure waste (Gross - Tare); this is the weight adjustment as recorded in the console. Loaded 2 Sep 2026 on Michelle instruction.",claude-otc-adjustment,2026-09-02 08:10:44.066188+00,backfill
689,25979,net_kg,1900.0,3000.0,"Weight adjustment from the OTC schedule Adjustment (T) column, 1.1 t. Actual Tonnage on that sheet is already pure waste (Gross - Tare); this is the weight adjustment as recorded in the console. Loaded 2 Sep 2026 on Michelle instruction.",claude-otc-adjustment,2026-09-02 08:10:44.066188+00,backfill
690,26925,net_kg,1820.0,3020.0,"Weight adjustment from the OTC schedule Adjustment (T) column, 1.2 t. Actual Tonnage on that sheet is already pure waste (Gross - Tare); this is the weight adjustment as recorded in the console. Loaded 2 Sep 2026 on Michelle instruction.",claude-otc-adjustment,2026-09-02 08:10:44.066188+00,backfill
691,26744,net_kg,680.0,1180.0,"Weight adjustment from the OTC schedule Adjustment (T) column, 0.5 t. Actual Tonnage on that sheet is already pure waste (Gross - Tare); this is the weight adjustment as recorded in the console. Loaded 2 Sep 2026 on Michelle instruction.",claude-otc-adjustment,2026-09-02 08:10:44.066188+00,backfill
692,26746,net_kg,3470.0,4670.0,"Weight adjustment from the OTC schedule Adjustment (T) column, 1.2 t. Actual Tonnage on that sheet is already pure waste (Gross - Tare); this is the weight adjustment as recorded in the console. Loaded 2 Sep 2026 on Michelle instruction.",claude-otc-adjustment,2026-09-02 08:10:44.066188+00,backfill
693,22132,net_kg,3430.0,4730.0,"Weight adjustment from the OTC schedule Adjustment (T) column, 1.3 t. Actual Tonnage on that sheet is already pure waste (Gross - Tare); this is the weight adjustment as recorded in the console. Loaded 2 Sep 2026 on Michelle instruction.",claude-otc-adjustment,2026-09-02 08:10:44.066188+00,backfill
694,25758,net_kg,5510.0,6910.0,"Weight adjustment from the OTC schedule Adjustment (T) column, 1.4 t. Actual Tonnage on that sheet is already pure waste (Gross - Tare); this is the weight adjustment as recorded in the console. Loaded 2 Sep 2026 on Michelle instruction.",claude-otc-adjustment,2026-09-02 08:10:44.066188+00,backfill
695,25753,net_kg,3060.0,4360.0,"Weight adjustment from the OTC schedule Adjustment (T) column, 1.3 t. Actual Tonnage on that sheet is already pure waste (Gross - Tare); this is the weight adjustment as recorded in the console. Loaded 2 Sep 2026 on Michelle instruction.",claude-otc-adjustment,2026-09-02 08:10:44.066188+00,backfill
696,25751,net_kg,1860.0,3160.0,"Weight adjustment from the OTC schedule Adjustment (T) column, 1.3 t. Actual Tonnage on that sheet is already pure waste (Gross - Tare); this is the weight adjustment as recorded in the console. Loaded 2 Sep 2026 on Michelle instruction.",claude-otc-adjustment,2026-09-02 08:10:44.066188+00,backfill
697,26733,net_kg,1010.0,2110.0,"Weight adjustment from the OTC schedule Adjustment (T) column, 1.1 t. Actual Tonnage on that sheet is already pure waste (Gross - Tare); this is the weight adjustment as recorded in the console. Loaded 2 Sep 2026 on Michelle instruction.",claude-otc-adjustment,2026-09-02 08:10:44.066188+00,backfill
698,25974,net_kg,3000.0,4200.0,"Weight adjustment from the OTC schedule Adjustment (T) column, 1.2 t. Actual Tonnage on that sheet is already pure waste (Gross - Tare); this is the weight adjustment as recorded in the console. Loaded 2 Sep 2026 on Michelle instruction.",claude-otc-adjustment,2026-09-02 08:10:44.066188+00,backfill
699,26915,net_kg,2410.0,3710.0,"Weight adjustment from the OTC schedule Adjustment (T) column, 1.3 t. Actual Tonnage on that sheet is already pure waste (Gross - Tare); this is the weight adjustment as recorded in the console. Loaded 2 Sep 2026 on Michelle instruction.",claude-otc-adjustment,2026-09-02 08:10:44.066188+00,backfill
700,22111,net_kg,2330.0,3430.0,"Weight adjustment from the OTC schedule Adjustment (T) column, 1.1 t. Actual Tonnage on that sheet is already pure waste (Gross - Tare); this is the weight adjustment as recorded in the console. Loaded 2 Sep 2026 on Michelle instruction.",claude-otc-adjustment,2026-09-02 08:10:44.066188+00,backfill
701,26691,net_kg,1570.0,2570.0,"Weight adjustment from the OTC schedule Adjustment (T) column, 1.0 t. Actual Tonnage on that sheet is already pure waste (Gross - Tare); this is the weight adjustment as recorded in the console. Loaded 2 Sep 2026 on Michelle instruction.",claude-otc-adjustment,2026-09-02 08:10:44.066188+00,backfill
702,22114,net_kg,3050.0,4250.0,"Weight adjustment from the OTC schedule Adjustment (T) column, 1.2 t. Actual Tonnage on that sheet is already pure waste (Gross - Tare); this is the weight adjustment as recorded in the console. Loaded 2 Sep 2026 on Michelle instruction.",claude-otc-adjustment,2026-09-02 08:10:44.066188+00,backfill
703,22128,net_kg,4750.0,7750.0,"Weight adjustment from the OTC schedule Adjustment (T) column, 3.0 t. Actual Tonnage on that sheet is already pure waste (Gross - Tare); this is the weight adjustment as recorded in the console. Loaded 2 Sep 2026 on Michelle instruction.",claude-otc-adjustment,2026-09-02 08:10:44.066188+00,backfill
704,26924,net_kg,6950.0,8350.0,"Weight adjustment from the OTC schedule Adjustment (T) column, 1.4 t. Actual Tonnage on that sheet is already pure waste (Gross - Tare); this is the weight adjustment as recorded in the console. Loaded 2 Sep 2026 on Michelle instruction.",claude-otc-adjustment,2026-09-02 08:10:44.066188+00,backfill
705,25983,net_kg,3000.0,4200.0,"Weight adjustment from the OTC schedule Adjustment (T) column, 1.2 t. Actual Tonnage on that sheet is already pure waste (Gross - Tare); this is the weight adjustment as recorded in the console. Loaded 2 Sep 2026 on Michelle instruction.",claude-otc-adjustment,2026-09-02 08:10:44.066188+00,backfill
706,25757,net_kg,2210.0,3310.0,"Weight adjustment from the OTC schedule Adjustment (T) column, 1.1 t. Actual Tonnage on that sheet is already pure waste (Gross - Tare); this is the weight adjustment as recorded in the console. Loaded 2 Sep 2026 on Michelle instruction.",claude-otc-adjustment,2026-09-02 08:10:44.066188+00,backfill
707,22135,net_kg,5180.0,6480.0,"Weight adjustment from the OTC schedule Adjustment (T) column, 1.3 t. Actual Tonnage on that sheet is already pure waste (Gross - Tare); this is the weight adjustment as recorded in the console. Loaded 2 Sep 2026 on Michelle instruction.",claude-otc-adjustment,2026-09-02 08:10:44.066188+00,backfill
708,22133,net_kg,2520.0,3620.0,"Weight adjustment from the OTC schedule Adjustment (T) column, 1.1 t. Actual Tonnage on that sheet is already pure waste (Gross - Tare); this is the weight adjustment as recorded in the console. Loaded 2 Sep 2026 on Michelle instruction.",claude-otc-adjustment,2026-09-02 08:10:44.066188+00,backfill
709,25984,net_kg,3000.0,4300.0,"Weight adjustment from the OTC schedule Adjustment (T) column, 1.3 t. Actual Tonnage on that sheet is already pure waste (Gross - Tare); this is the weight adjustment as recorded in the console. Loaded 2 Sep 2026 on Michelle instruction.",claude-otc-adjustment,2026-09-02 08:10:44.066188+00,backfill
710,25760,net_kg,7490.0,8990.0,"Weight adjustment from the OTC schedule Adjustment (T) column, 1.5 t. Actual Tonnage on that sheet is already pure waste (Gross - Tare); this is the weight adjustment as recorded in the console. Loaded 2 Sep 2026 on Michelle instruction.",claude-otc-adjustment,2026-09-02 08:10:44.066188+00,backfill
711,22143,net_kg,3700.0,6800.0,"Weight adjustment from the OTC schedule Adjustment (T) column, 3.1 t. Actual Tonnage on that sheet is already pure waste (Gross - Tare); this is the weight adjustment as recorded in the console. Loaded 2 Sep 2026 on Michelle instruction.",claude-otc-adjustment,2026-09-02 08:10:44.066188+00,backfill
712,26758,net_kg,2340.0,3640.0,"Weight adjustment from the OTC schedule Adjustment (T) column, 1.3 t. Actual Tonnage on that sheet is already pure waste (Gross - Tare); this is the weight adjustment as recorded in the console. Loaded 2 Sep 2026 on Michelle instruction.",claude-otc-adjustment,2026-09-02 08:10:44.066188+00,backfill
713,22142,net_kg,2250.0,3550.0,"Weight adjustment from the OTC schedule Adjustment (T) column, 1.3 t. Actual Tonnage on that sheet is already pure waste (Gross - Tare); this is the weight adjustment as recorded in the console. Loaded 2 Sep 2026 on Michelle instruction.",claude-otc-adjustment,2026-09-02 08:10:44.066188+00,backfill
714,25767,net_kg,3040.0,4240.0,"Weight adjustment from the OTC schedule Adjustment (T) column, 1.2 t. Actual Tonnage on that sheet is already pure waste (Gross - Tare); this is the weight adjustment as recorded in the console. Loaded 2 Sep 2026 on Michelle instruction.",claude-otc-adjustment,2026-09-02 08:10:44.066188+00,backfill
715,25772,net_kg,4050.0,5050.0,"Weight adjustment from the OTC schedule Adjustment (T) column, 1.0 t. Actual Tonnage on that sheet is already pure waste (Gross - Tare); this is the weight adjustment as recorded in the console. Loaded 2 Sep 2026 on Michelle instruction.",claude-otc-adjustment,2026-09-02 08:10:44.066188+00,backfill
716,26936,net_kg,2260.0,3460.0,"Weight adjustment from the OTC schedule Adjustment (T) column, 1.2 t. Actual Tonnage on that sheet is already pure waste (Gross - Tare); this is the weight adjustment as recorded in the console. Loaded 2 Sep 2026 on Michelle instruction.",claude-otc-adjustment,2026-09-02 08:10:44.066188+00,backfill
717,25999,net_kg,3300.0,4600.0,"Weight adjustment from the OTC schedule Adjustment (T) column, 1.3 t. Actual Tonnage on that sheet is already pure waste (Gross - Tare); this is the weight adjustment as recorded in the console. Loaded 2 Sep 2026 on Michelle instruction.",claude-otc-adjustment,2026-09-02 08:10:44.066188+00,backfill
718,26761,net_kg,1840.0,3040.0,"Weight adjustment from the OTC schedule Adjustment (T) column, 1.2 t. Actual Tonnage on that sheet is already pure waste (Gross - Tare); this is the weight adjustment as recorded in the console. Loaded 2 Sep 2026 on Michelle instruction.",claude-otc-adjustment,2026-09-02 08:10:44.066188+00,backfill
719,26940,net_kg,2340.0,3440.0,"Weight adjustment from the OTC schedule Adjustment (T) column, 1.1 t. Actual Tonnage on that sheet is already pure waste (Gross - Tare); this is the weight adjustment as recorded in the console. Loaded 2 Sep 2026 on Michelle instruction.",claude-otc-adjustment,2026-09-02 08:10:44.066188+00,backfill
720,25801,net_kg,4060.0,5160.0,"Weight adjustment from the OTC schedule Adjustment (T) column, 1.1 t. Actual Tonnage on that sheet is already pure waste (Gross - Tare); this is the weight adjustment as recorded in the console. Loaded 2 Sep 2026 on Michelle instruction.",claude-otc-adjustment,2026-09-02 08:10:44.066188+00,backfill
721,25777,net_kg,3300.0,4400.0,"Weight adjustment from the OTC schedule Adjustment (T) column, 1.1 t. Actual Tonnage on that sheet is already pure waste (Gross - Tare); this is the weight adjustment as recorded in the console. Loaded 2 Sep 2026 on Michelle instruction.",claude-otc-adjustment,2026-09-02 08:10:44.066188+00,backfill
722,26941,net_kg,990.0,1490.0,"Weight adjustment from the OTC schedule Adjustment (T) column, 0.5 t. Actual Tonnage on that sheet is already pure waste (Gross - Tare); this is the weight adjustment as recorded in the console. Loaded 2 Sep 2026 on Michelle instruction.",claude-otc-adjustment,2026-09-02 08:10:44.066188+00,backfill
723,26766,net_kg,4290.0,5490.0,"Weight adjustment from the OTC schedule Adjustment (T) column, 1.2 t. Actual Tonnage on that sheet is already pure waste (Gross - Tare); this is the weight adjustment as recorded in the console. Loaded 2 Sep 2026 on Michelle instruction.",claude-otc-adjustment,2026-09-02 08:10:44.066188+00,backfill
724,26946,net_kg,2560.0,2960.0,"Weight adjustment from the OTC schedule Adjustment (T) column, 0.4 t. Actual Tonnage on that sheet is already pure waste (Gross - Tare); this is the weight adjustment as recorded in the console. Loaded 2 Sep 2026 on Michelle instruction.",claude-otc-adjustment,2026-09-02 08:10:44.066188+00,backfill
725,25809,net_kg,6730.0,7930.0,"Weight adjustment from the OTC schedule Adjustment (T) column, 1.2 t. Actual Tonnage on that sheet is already pure waste (Gross - Tare); this is the weight adjustment as recorded in the console. Loaded 2 Sep 2026 on Michelle instruction.",claude-otc-adjustment,2026-09-02 08:10:44.066188+00,backfill
726,26943,net_kg,1750.0,2950.0,"Weight adjustment from the OTC schedule Adjustment (T) column, 1.2 t. Actual Tonnage on that sheet is already pure waste (Gross - Tare); this is the weight adjustment as recorded in the console. Loaded 2 Sep 2026 on Michelle instruction.",claude-otc-adjustment,2026-09-02 08:10:44.066188+00,backfill
727,26944,net_kg,2580.0,3780.0,"Weight adjustment from the OTC schedule Adjustment (T) column, 1.2 t. Actual Tonnage on that sheet is already pure waste (Gross - Tare); this is the weight adjustment as recorded in the console. Loaded 2 Sep 2026 on Michelle instruction.",claude-otc-adjustment,2026-09-02 08:10:44.066188+00,backfill
728,25782,net_kg,2330.0,3630.0,"Weight adjustment from the OTC schedule Adjustment (T) column, 1.3 t. Actual Tonnage on that sheet is already pure waste (Gross - Tare); this is the weight adjustment as recorded in the console. Loaded 2 Sep 2026 on Michelle instruction.",claude-otc-adjustment,2026-09-02 08:10:44.066188+00,backfill
729,25817,net_kg,5150.0,6450.0,"Weight adjustment from the OTC schedule Adjustment (T) column, 1.3 t. Actual Tonnage on that sheet is already pure waste (Gross - Tare); this is the weight adjustment as recorded in the console. Loaded 2 Sep 2026 on Michelle instruction.",claude-otc-adjustment,2026-09-02 08:10:44.066188+00,backfill
730,25784,net_kg,1730.0,2730.0,"Weight adjustment from the OTC schedule Adjustment (T) column, 1.0 t. Actual Tonnage on that sheet is already pure waste (Gross - Tare); this is the weight adjustment as recorded in the console. Loaded 2 Sep 2026 on Michelle instruction.",claude-otc-adjustment,2026-09-02 08:10:44.066188+00,backfill
731,26774,net_kg,1180.0,1980.0,"Weight adjustment from the OTC schedule Adjustment (T) column, 0.8 t. Actual Tonnage on that sheet is already pure waste (Gross - Tare); this is the weight adjustment as recorded in the console. Loaded 2 Sep 2026 on Michelle instruction.",claude-otc-adjustment,2026-09-02 08:10:44.066188+00,backfill
732,23266,net_kg,1500.0,2500.0,"Weight adjustment from the OTC schedule Adjustment (T) column, 1.0 t. Actual Tonnage on that sheet is already pure waste (Gross - Tare); this is the weight adjustment as recorded in the console. Loaded 2 Sep 2026 on Michelle instruction.",claude-otc-adjustment,2026-09-02 08:10:44.066188+00,backfill
733,23271,net_kg,2800.0,4100.0,"Weight adjustment from the OTC schedule Adjustment (T) column, 1.3 t. Actual Tonnage on that sheet is already pure waste (Gross - Tare); this is the weight adjustment as recorded in the console. Loaded 2 Sep 2026 on Michelle instruction.",claude-otc-adjustment,2026-09-02 08:10:44.066188+00,backfill
734,23402,net_kg,3810.0,4410.0,"Weight adjustment from the OTC schedule Adjustment (T) column, 0.6 t. Actual Tonnage on that sheet is already pure waste (Gross - Tare); this is the weight adjustment as recorded in the console. Loaded 2 Sep 2026 on Michelle instruction.",claude-otc-adjustment,2026-09-02 08:10:44.066188+00,backfill
735,23404,net_kg,2910.0,3910.0,"Weight adjustment from the OTC schedule Adjustment (T) column, 1.0 t. Actual Tonnage on that sheet is already pure waste (Gross - Tare); this is the weight adjustment as recorded in the console. Loaded 2 Sep 2026 on Michelle instruction.",claude-otc-adjustment,2026-09-02 08:10:44.066188+00,backfill
736,23274,net_kg,1000.0,1600.0,"Weight adjustment from the OTC schedule Adjustment (T) column, 0.6 t. Actual Tonnage on that sheet is already pure waste (Gross - Tare); this is the weight adjustment as recorded in the console. Loaded 2 Sep 2026 on Michelle instruction.",claude-otc-adjustment,2026-09-02 08:10:44.066188+00,backfill
737,25825,net_kg,2140.0,3340.0,"Weight adjustment from the OTC schedule Adjustment (T) column, 1.2 t. Actual Tonnage on that sheet is already pure waste (Gross - Tare); this is the weight adjustment as recorded in the console. Loaded 2 Sep 2026 on Michelle instruction.",claude-otc-adjustment,2026-09-02 08:10:44.066188+00,backfill
738,26787,net_kg,2040.0,3140.0,"Weight adjustment from the OTC schedule Adjustment (T) column, 1.1 t. Actual Tonnage on that sheet is already pure waste (Gross - Tare); this is the weight adjustment as recorded in the console. Loaded 2 Sep 2026 on Michelle instruction.",claude-otc-adjustment,2026-09-02 08:10:44.066188+00,backfill
739,23410,net_kg,7550.0,8550.0,"Weight adjustment from the OTC schedule Adjustment (T) column, 1.0 t. Actual Tonnage on that sheet is already pure waste (Gross - Tare); this is the weight adjustment as recorded in the console. Loaded 2 Sep 2026 on Michelle instruction.",claude-otc-adjustment,2026-09-02 08:10:44.066188+00,backfill
740,23280,net_kg,10010.0,11510.0,"Weight adjustment from the OTC schedule Adjustment (T) column, 1.5 t. Actual Tonnage on that sheet is already pure waste (Gross - Tare); this is the weight adjustment as recorded in the console. Loaded 2 Sep 2026 on Michelle instruction.",claude-otc-adjustment,2026-09-02 08:10:44.066188+00,backfill
741,23416,net_kg,3060.0,4360.0,"Weight adjustment from the OTC schedule Adjustment (T) column, 1.3 t. Actual Tonnage on that sheet is already pure waste (Gross - Tare); this is the weight adjustment as recorded in the console. Loaded 2 Sep 2026 on Michelle instruction.",claude-otc-adjustment,2026-09-02 08:10:44.066188+00,backfill
742,26792,net_kg,11870.0,13470.0,"Weight adjustment from the OTC schedule Adjustment (T) column, 1.6 t. Actual Tonnage on that sheet is already pure waste (Gross - Tare); this is the weight adjustment as recorded in the console. Loaded 2 Sep 2026 on Michelle instruction.",claude-otc-adjustment,2026-09-02 08:10:44.066188+00,backfill
743,23415,net_kg,1480.0,2580.0,"Weight adjustment from the OTC schedule Adjustment (T) column, 1.1 t. Actual Tonnage on that sheet is already pure waste (Gross - Tare); this is the weight adjustment as recorded in the console. Loaded 2 Sep 2026 on Michelle instruction.",claude-otc-adjustment,2026-09-02 08:10:44.066188+00,backfill
744,23356,net_kg,3120.0,4320.0,"Weight adjustment from the OTC schedule Adjustment (T) column, 1.2 t. Actual Tonnage on that sheet is already pure waste (Gross - Tare); this is the weight adjustment as recorded in the console. Loaded 2 Sep 2026 on Michelle instruction.",claude-otc-adjustment,2026-09-02 08:10:44.066188+00,backfill
745,25842,net_kg,1410.0,2610.0,"Weight adjustment from the OTC schedule Adjustment (T) column, 1.2 t. Actual Tonnage on that sheet is already pure waste (Gross - Tare); this is the weight adjustment as recorded in the console. Loaded 2 Sep 2026 on Michelle instruction.",claude-otc-adjustment,2026-09-02 08:10:44.066188+00,backfill
746,23424,net_kg,5590.0,6890.0,"Weight adjustment from the OTC schedule Adjustment (T) column, 1.3 t. Actual Tonnage on that sheet is already pure waste (Gross - Tare); this is the weight adjustment as recorded in the console. Loaded 2 Sep 2026 on Michelle instruction.",claude-otc-adjustment,2026-09-02 08:10:44.066188+00,backfill
747,23361,net_kg,2720.0,3920.0,"Weight adjustment from the OTC schedule Adjustment (T) column, 1.2 t. Actual Tonnage on that sheet is already pure waste (Gross - Tare); this is the weight adjustment as recorded in the console. Loaded 2 Sep 2026 on Michelle instruction.",claude-otc-adjustment,2026-09-02 08:10:44.066188+00,backfill
748,23291,net_kg,5850.0,6350.0,"Weight adjustment from the OTC schedule Adjustment (T) column, 0.5 t. Actual Tonnage on that sheet is already pure waste (Gross - Tare); this is the weight adjustment as recorded in the console. Loaded 2 Sep 2026 on Michelle instruction.",claude-otc-adjustment,2026-09-02 08:10:44.066188+00,backfill
749,23293,net_kg,2040.0,2540.0,"Weight adjustment from the OTC schedule Adjustment (T) column, 0.5 t. Actual Tonnage on that sheet is already pure waste (Gross - Tare); this is the weight adjustment as recorded in the console. Loaded 2 Sep 2026 on Michelle instruction.",claude-otc-adjustment,2026-09-02 08:10:44.066188+00,backfill
750,26817,net_kg,970.0,1970.0,"Weight adjustment from the OTC schedule Adjustment (T) column, 1.0 t. Actual Tonnage on that sheet is already pure waste (Gross - Tare); this is the weight adjustment as recorded in the console. Loaded 2 Sep 2026 on Michelle instruction.",claude-otc-adjustment,2026-09-02 08:10:44.066188+00,backfill
751,23432,net_kg,2760.0,4060.0,"Weight adjustment from the OTC schedule Adjustment (T) column, 1.3 t. Actual Tonnage on that sheet is already pure waste (Gross - Tare); this is the weight adjustment as recorded in the console. Loaded 2 Sep 2026 on Michelle instruction.",claude-otc-adjustment,2026-09-02 08:10:44.066188+00,backfill
752,25788,net_kg,6100.0,9100.0,"Weight adjustment from the OTC schedule Adjustment (T) column, 3.0 t. Actual Tonnage on that sheet is already pure waste (Gross - Tare); this is the weight adjustment as recorded in the console. Loaded 2 Sep 2026 on Michelle instruction.",claude-otc-adjustment,2026-09-02 08:10:44.066188+00,backfill
753,23272,net_kg,1700.0,2700.0,"Weight adjustment from the OTC schedule Adjustment (T) column, 1.0 t. Actual Tonnage on that sheet is already pure waste (Gross - Tare); this is the weight adjustment as recorded in the console. Loaded 2 Sep 2026 on Michelle instruction.",claude-otc-adjustment,2026-09-02 08:10:44.066188+00,backfill
754,25792,net_kg,3060.0,4160.0,"Weight adjustment from the OTC schedule Adjustment (T) column, 1.1 t. Actual Tonnage on that sheet is already pure waste (Gross - Tare); this is the weight adjustment as recorded in the console. Loaded 2 Sep 2026 on Michelle instruction.",claude-otc-adjustment,2026-09-02 08:10:44.066188+00,backfill
755,26783,net_kg,5620.0,8620.0,"Weight adjustment from the OTC schedule Adjustment (T) column, 3.0 t. Actual Tonnage on that sheet is already pure waste (Gross - Tare); this is the weight adjustment as recorded in the console. Loaded 2 Sep 2026 on Michelle instruction.",claude-otc-adjustment,2026-09-02 08:10:44.066188+00,backfill
756,23273,net_kg,2140.0,3340.0,"Weight adjustment from the OTC schedule Adjustment (T) column, 1.2 t. Actual Tonnage on that sheet is already pure waste (Gross - Tare); this is the weight adjustment as recorded in the console. Loaded 2 Sep 2026 on Michelle instruction.",claude-otc-adjustment,2026-09-02 08:10:44.066188+00,backfill
757,23405,net_kg,1810.0,4810.0,"Weight adjustment from the OTC schedule Adjustment (T) column, 3.0 t. Actual Tonnage on that sheet is already pure waste (Gross - Tare); this is the weight adjustment as recorded in the console. Loaded 2 Sep 2026 on Michelle instruction.",claude-otc-adjustment,2026-09-02 08:10:44.066188+00,backfill
758,23275,net_kg,2800.0,3100.0,"Weight adjustment from the OTC schedule Adjustment (T) column, 0.3 t. Actual Tonnage on that sheet is already pure waste (Gross - Tare); this is the weight adjustment as recorded in the console. Loaded 2 Sep 2026 on Michelle instruction.",claude-otc-adjustment,2026-09-02 08:10:44.066188+00,backfill
759,25829,net_kg,12060.0,13560.0,"Weight adjustment from the OTC schedule Adjustment (T) column, 1.5 t. Actual Tonnage on that sheet is already pure waste (Gross - Tare); this is the weight adjustment as recorded in the console. Loaded 2 Sep 2026 on Michelle instruction.",claude-otc-adjustment,2026-09-02 08:10:44.066188+00,backfill
760,25800,net_kg,6500.0,7500.0,"Weight adjustment from the OTC schedule Adjustment (T) column, 1.0 t. Actual Tonnage on that sheet is already pure waste (Gross - Tare); this is the weight adjustment as recorded in the console. Loaded 2 Sep 2026 on Michelle instruction.",claude-otc-adjustment,2026-09-02 08:10:44.066188+00,backfill
761,23278,net_kg,2130.0,3430.0,"Weight adjustment from the OTC schedule Adjustment (T) column, 1.3 t. Actual Tonnage on that sheet is already pure waste (Gross - Tare); this is the weight adjustment as recorded in the console. Loaded 2 Sep 2026 on Michelle instruction.",claude-otc-adjustment,2026-09-02 08:10:44.066188+00,backfill
762,26793,net_kg,3520.0,4520.0,"Weight adjustment from the OTC schedule Adjustment (T) column, 1.0 t. Actual Tonnage on that sheet is already pure waste (Gross - Tare); this is the weight adjustment as recorded in the console. Loaded 2 Sep 2026 on Michelle instruction.",claude-otc-adjustment,2026-09-02 08:10:44.066188+00,backfill
763,23417,net_kg,2460.0,3660.0,"Weight adjustment from the OTC schedule Adjustment (T) column, 1.2 t. Actual Tonnage on that sheet is already pure waste (Gross - Tare); this is the weight adjustment as recorded in the console. Loaded 2 Sep 2026 on Michelle instruction.",claude-otc-adjustment,2026-09-02 08:10:44.066188+00,backfill
764,23283,net_kg,4670.0,5270.0,"Weight adjustment from the OTC schedule Adjustment (T) column, 0.6 t. Actual Tonnage on that sheet is already pure waste (Gross - Tare); this is the weight adjustment as recorded in the console. Loaded 2 Sep 2026 on Michelle instruction.",claude-otc-adjustment,2026-09-02 08:10:44.066188+00,backfill
765,23422,net_kg,2900.0,4000.0,"Weight adjustment from the OTC schedule Adjustment (T) column, 1.1 t. Actual Tonnage on that sheet is already pure waste (Gross - Tare); this is the weight adjustment as recorded in the console. Loaded 2 Sep 2026 on Michelle instruction.",claude-otc-adjustment,2026-09-02 08:10:44.066188+00,backfill
766,26804,net_kg,4880.0,7880.0,"Weight adjustment from the OTC schedule Adjustment (T) column, 3.0 t. Actual Tonnage on that sheet is already pure waste (Gross - Tare); this is the weight adjustment as recorded in the console. Loaded 2 Sep 2026 on Michelle instruction.",claude-otc-adjustment,2026-09-02 08:10:44.066188+00,backfill
767,26805,net_kg,1240.0,2340.0,"Weight adjustment from the OTC schedule Adjustment (T) column, 1.1 t. Actual Tonnage on that sheet is already pure waste (Gross - Tare); this is the weight adjustment as recorded in the console. Loaded 2 Sep 2026 on Michelle instruction.",claude-otc-adjustment,2026-09-02 08:10:44.066188+00,backfill
768,23285,net_kg,2800.0,4000.0,"Weight adjustment from the OTC schedule Adjustment (T) column, 1.2 t. Actual Tonnage on that sheet is already pure waste (Gross - Tare); this is the weight adjustment as recorded in the console. Loaded 2 Sep 2026 on Michelle instruction.",claude-otc-adjustment,2026-09-02 08:10:44.066188+00,backfill
769,25843,net_kg,3930.0,5130.0,"Weight adjustment from the OTC schedule Adjustment (T) column, 1.2 t. Actual Tonnage on that sheet is already pure waste (Gross - Tare); this is the weight adjustment as recorded in the console. Loaded 2 Sep 2026 on Michelle instruction.",claude-otc-adjustment,2026-09-02 08:10:44.066188+00,backfill
770,23288,net_kg,1900.0,2900.0,"Weight adjustment from the OTC schedule Adjustment (T) column, 1.0 t. Actual Tonnage on that sheet is already pure waste (Gross - Tare); this is the weight adjustment as recorded in the console. Loaded 2 Sep 2026 on Michelle instruction.",claude-otc-adjustment,2026-09-02 08:10:44.066188+00,backfill
771,26814,net_kg,2630.0,3930.0,"Weight adjustment from the OTC schedule Adjustment (T) column, 1.3 t. Actual Tonnage on that sheet is already pure waste (Gross - Tare); this is the weight adjustment as recorded in the console. Loaded 2 Sep 2026 on Michelle instruction.",claude-otc-adjustment,2026-09-02 08:10:44.066188+00,backfill
772,23433,net_kg,1250.0,1450.0,"Weight adjustment from the OTC schedule Adjustment (T) column, 0.2 t. Actual Tonnage on that sheet is already pure waste (Gross - Tare); this is the weight adjustment as recorded in the console. Loaded 2 Sep 2026 on Michelle instruction.",claude-otc-adjustment,2026-09-02 08:10:44.066188+00,backfill
773,25847,net_kg,3510.0,4710.0,"Weight adjustment from the OTC schedule Adjustment (T) column, 1.2 t. Actual Tonnage on that sheet is already pure waste (Gross - Tare); this is the weight adjustment as recorded in the console. Loaded 2 Sep 2026 on Michelle instruction.",claude-otc-adjustment,2026-09-02 08:10:44.066188+00,backfill
774,23365,net_kg,1490.0,2490.0,"Weight adjustment from the OTC schedule Adjustment (T) column, 1.0 t. Actual Tonnage on that sheet is already pure waste (Gross - Tare); this is the weight adjustment as recorded in the console. Loaded 2 Sep 2026 on Michelle instruction.",claude-otc-adjustment,2026-09-02 08:10:44.066188+00,backfill
775,25823,net_kg,4580.0,7580.0,"Weight adjustment from the OTC schedule Adjustment (T) column, 3.0 t. Actual Tonnage on that sheet is already pure waste (Gross - Tare); this is the weight adjustment as recorded in the console. Loaded 2 Sep 2026 on Michelle instruction.",claude-otc-adjustment,2026-09-02 08:10:44.066188+00,backfill
776,25795,net_kg,2120.0,3320.0,"Weight adjustment from the OTC schedule Adjustment (T) column, 1.2 t. Actual Tonnage on that sheet is already pure waste (Gross - Tare); this is the weight adjustment as recorded in the console. Loaded 2 Sep 2026 on Michelle instruction.",claude-otc-adjustment,2026-09-02 08:10:44.066188+00,backfill
777,25822,net_kg,4260.0,5560.0,"Weight adjustment from the OTC schedule Adjustment (T) column, 1.3 t. Actual Tonnage on that sheet is already pure waste (Gross - Tare); this is the weight adjustment as recorded in the console. Loaded 2 Sep 2026 on Michelle instruction.",claude-otc-adjustment,2026-09-02 08:10:44.066188+00,backfill
778,25831,net_kg,5620.0,6620.0,"Weight adjustment from the OTC schedule Adjustment (T) column, 1.0 t. Actual Tonnage on that sheet is already pure waste (Gross - Tare); this is the weight adjustment as recorded in the console. Loaded 2 Sep 2026 on Michelle instruction.",claude-otc-adjustment,2026-09-02 08:10:44.066188+00,backfill
779,23279,net_kg,2200.0,3500.0,"Weight adjustment from the OTC schedule Adjustment (T) column, 1.3 t. Actual Tonnage on that sheet is already pure waste (Gross - Tare); this is the weight adjustment as recorded in the console. Loaded 2 Sep 2026 on Michelle instruction.",claude-otc-adjustment,2026-09-02 08:10:44.066188+00,backfill
780,23282,net_kg,2520.0,3820.0,"Weight adjustment from the OTC schedule Adjustment (T) column, 1.3 t. Actual Tonnage on that sheet is already pure waste (Gross - Tare); this is the weight adjustment as recorded in the console. Loaded 2 Sep 2026 on Michelle instruction.",claude-otc-adjustment,2026-09-02 08:10:44.066188+00,backfill
781,23418,net_kg,2210.0,3410.0,"Weight adjustment from the OTC schedule Adjustment (T) column, 1.2 t. Actual Tonnage on that sheet is already pure waste (Gross - Tare); this is the weight adjustment as recorded in the console. Loaded 2 Sep 2026 on Michelle instruction.",claude-otc-adjustment,2026-09-02 08:10:44.066188+00,backfill
782,23357,net_kg,6560.0,7860.0,"Weight adjustment from the OTC schedule Adjustment (T) column, 1.3 t. Actual Tonnage on that sheet is already pure waste (Gross - Tare); this is the weight adjustment as recorded in the console. Loaded 2 Sep 2026 on Michelle instruction.",claude-otc-adjustment,2026-09-02 08:10:44.066188+00,backfill
783,25841,net_kg,2200.0,3700.0,"Weight adjustment from the OTC schedule Adjustment (T) column, 1.5 t. Actual Tonnage on that sheet is already pure waste (Gross - Tare); this is the weight adjustment as recorded in the console. Loaded 2 Sep 2026 on Michelle instruction.",claude-otc-adjustment,2026-09-02 08:10:44.066188+00,backfill
784,25839,net_kg,1400.0,2400.0,"Weight adjustment from the OTC schedule Adjustment (T) column, 1.0 t. Actual Tonnage on that sheet is already pure waste (Gross - Tare); this is the weight adjustment as recorded in the console. Loaded 2 Sep 2026 on Michelle instruction.",claude-otc-adjustment,2026-09-02 08:10:44.066188+00,backfill
785,25844,net_kg,2550.0,3750.0,"Weight adjustment from the OTC schedule Adjustment (T) column, 1.2 t. Actual Tonnage on that sheet is already pure waste (Gross - Tare); this is the weight adjustment as recorded in the console. Loaded 2 Sep 2026 on Michelle instruction.",claude-otc-adjustment,2026-09-02 08:10:44.066188+00,backfill
786,23367,net_kg,4050.0,5250.0,"Weight adjustment from the OTC schedule Adjustment (T) column, 1.2 t. Actual Tonnage on that sheet is already pure waste (Gross - Tare); this is the weight adjustment as recorded in the console. Loaded 2 Sep 2026 on Michelle instruction.",claude-otc-adjustment,2026-09-02 08:10:44.066188+00,backfill
787,25848,net_kg,2760.0,4060.0,"Weight adjustment from the OTC schedule Adjustment (T) column, 1.3 t. Actual Tonnage on that sheet is already pure waste (Gross - Tare); this is the weight adjustment as recorded in the console. Loaded 2 Sep 2026 on Michelle instruction.",claude-otc-adjustment,2026-09-02 08:10:44.066188+00,backfill
788,23366,net_kg,1440.0,2540.0,"Weight adjustment from the OTC schedule Adjustment (T) column, 1.1 t. Actual Tonnage on that sheet is already pure waste (Gross - Tare); this is the weight adjustment as recorded in the console. Loaded 2 Sep 2026 on Michelle instruction.",claude-otc-adjustment,2026-09-02 08:10:44.066188+00,backfill
789,26819,net_kg,3770.0,6770.0,"Weight adjustment from the OTC schedule Adjustment (T) column, 3.0 t. Actual Tonnage on that sheet is already pure waste (Gross - Tare); this is the weight adjustment as recorded in the console. Loaded 2 Sep 2026 on Michelle instruction.",claude-otc-adjustment,2026-09-02 08:10:44.066188+00,backfill
790,23437,net_kg,1510.0,2710.0,"Weight adjustment from the OTC schedule Adjustment (T) column, 1.2 t. Actual Tonnage on that sheet is already pure waste (Gross - Tare); this is the weight adjustment as recorded in the console. Loaded 2 Sep 2026 on Michelle instruction.",claude-otc-adjustment,2026-09-02 08:10:44.066188+00,backfill
791,25849,net_kg,1100.0,2600.0,"Weight adjustment from the OTC schedule Adjustment (T) column, 1.5 t. Actual Tonnage on that sheet is already pure waste (Gross - Tare); this is the weight adjustment as recorded in the console. Loaded 2 Sep 2026 on Michelle instruction.",claude-otc-adjustment,2026-09-02 08:10:44.066188+00,backfill
792,26851,net_kg,1840.0,2640.0,"Weight adjustment from the OTC schedule Adjustment (T) column, 0.8 t. Actual Tonnage on that sheet is already pure waste (Gross - Tare); this is the weight adjustment as recorded in the console. Loaded 2 Sep 2026 on Michelle instruction.",claude-otc-adjustment,2026-09-02 08:10:44.066188+00,backfill
793,26854,net_kg,4860.0,6360.0,"Weight adjustment from the OTC schedule Adjustment (T) column, 1.5 t. Actual Tonnage on that sheet is already pure waste (Gross - Tare); this is the weight adjustment as recorded in the console. Loaded 2 Sep 2026 on Michelle instruction.",claude-otc-adjustment,2026-09-02 08:10:44.066188+00,backfill
794,23444,net_kg,4030.0,7030.0,"Weight adjustment from the OTC schedule Adjustment (T) column, 3.0 t. Actual Tonnage on that sheet is already pure waste (Gross - Tare); this is the weight adjustment as recorded in the console. Loaded 2 Sep 2026 on Michelle instruction.",claude-otc-adjustment,2026-09-02 08:10:44.066188+00,backfill
795,26830,net_kg,2440.0,2940.0,"Weight adjustment from the OTC schedule Adjustment (T) column, 0.5 t. Actual Tonnage on that sheet is already pure waste (Gross - Tare); this is the weight adjustment as recorded in the console. Loaded 2 Sep 2026 on Michelle instruction.",claude-otc-adjustment,2026-09-02 08:10:44.066188+00,backfill
796,23380,net_kg,2820.0,4020.0,"Weight adjustment from the OTC schedule Adjustment (T) column, 1.2 t. Actual Tonnage on that sheet is already pure waste (Gross - Tare); this is the weight adjustment as recorded in the console. Loaded 2 Sep 2026 on Michelle instruction.",claude-otc-adjustment,2026-09-02 08:10:44.066188+00,backfill
797,26832,net_kg,3350.0,4650.0,"Weight adjustment from the OTC schedule Adjustment (T) column, 1.3 t. Actual Tonnage on that sheet is already pure waste (Gross - Tare); this is the weight adjustment as recorded in the console. Loaded 2 Sep 2026 on Michelle instruction.",claude-otc-adjustment,2026-09-02 08:10:44.066188+00,backfill
798,23309,net_kg,1100.0,1600.0,"Weight adjustment from the OTC schedule Adjustment (T) column, 0.5 t. Actual Tonnage on that sheet is already pure waste (Gross - Tare); this is the weight adjustment as recorded in the console. Loaded 2 Sep 2026 on Michelle instruction.",claude-otc-adjustment,2026-09-02 08:10:44.066188+00,backfill
799,26837,net_kg,2140.0,3140.0,"Weight adjustment from the OTC schedule Adjustment (T) column, 1.0 t. Actual Tonnage on that sheet is already pure waste (Gross - Tare); this is the weight adjustment as recorded in the console. Loaded 2 Sep 2026 on Michelle instruction.",claude-otc-adjustment,2026-09-02 08:10:44.066188+00,backfill
800,26839,net_kg,3640.0,4840.0,"Weight adjustment from the OTC schedule Adjustment (T) column, 1.2 t. Actual Tonnage on that sheet is already pure waste (Gross - Tare); this is the weight adjustment as recorded in the console. Loaded 2 Sep 2026 on Michelle instruction.",claude-otc-adjustment,2026-09-02 08:10:44.066188+00,backfill
801,23314,net_kg,3200.0,4400.0,"Weight adjustment from the OTC schedule Adjustment (T) column, 1.2 t. Actual Tonnage on that sheet is already pure waste (Gross - Tare); this is the weight adjustment as recorded in the console. Loaded 2 Sep 2026 on Michelle instruction.",claude-otc-adjustment,2026-09-02 08:10:44.066188+00,backfill
802,23320,net_kg,1600.0,2600.0,"Weight adjustment from the OTC schedule Adjustment (T) column, 1.0 t. Actual Tonnage on that sheet is already pure waste (Gross - Tare); this is the weight adjustment as recorded in the console. Loaded 2 Sep 2026 on Michelle instruction.",claude-otc-adjustment,2026-09-02 08:10:44.066188+00,backfill
803,23319,net_kg,10400.0,12400.0,"Weight adjustment from the OTC schedule Adjustment (T) column, 2.0 t. Actual Tonnage on that sheet is already pure waste (Gross - Tare); this is the weight adjustment as recorded in the console. Loaded 2 Sep 2026 on Michelle instruction.",claude-otc-adjustment,2026-09-02 08:10:44.066188+00,backfill
804,23317,net_kg,1600.0,2600.0,"Weight adjustment from the OTC schedule Adjustment (T) column, 1.0 t. Actual Tonnage on that sheet is already pure waste (Gross - Tare); this is the weight adjustment as recorded in the console. Loaded 2 Sep 2026 on Michelle instruction.",claude-otc-adjustment,2026-09-02 08:10:44.066188+00,backfill
805,26883,net_kg,2310.0,3510.0,"Weight adjustment from the OTC schedule Adjustment (T) column, 1.2 t. Actual Tonnage on that sheet is already pure waste (Gross - Tare); this is the weight adjustment as recorded in the console. Loaded 2 Sep 2026 on Michelle instruction.",claude-otc-adjustment,2026-09-02 08:10:44.066188+00,backfill
806,23435,net_kg,970.0,1770.0,"Weight adjustment from the OTC schedule Adjustment (T) column, 0.8 t. Actual Tonnage on that sheet is already pure waste (Gross - Tare); this is the weight adjustment as recorded in the console. Loaded 2 Sep 2026 on Michelle instruction.",claude-otc-adjustment,2026-09-02 08:10:44.066188+00,backfill
807,23369,net_kg,3240.0,4440.0,"Weight adjustment from the OTC schedule Adjustment (T) column, 1.2 t. Actual Tonnage on that sheet is already pure waste (Gross - Tare); this is the weight adjustment as recorded in the console. Loaded 2 Sep 2026 on Michelle instruction.",claude-otc-adjustment,2026-09-02 08:10:44.066188+00,backfill
808,26825,net_kg,2720.0,3920.0,"Weight adjustment from the OTC schedule Adjustment (T) column, 1.2 t. Actual Tonnage on that sheet is already pure waste (Gross - Tare); this is the weight adjustment as recorded in the console. Loaded 2 Sep 2026 on Michelle instruction.",claude-otc-adjustment,2026-09-02 08:10:44.066188+00,backfill
809,23300,net_kg,2100.0,3300.0,"Weight adjustment from the OTC schedule Adjustment (T) column, 1.2 t. Actual Tonnage on that sheet is already pure waste (Gross - Tare); this is the weight adjustment as recorded in the console. Loaded 2 Sep 2026 on Michelle instruction.",claude-otc-adjustment,2026-09-02 08:10:44.066188+00,backfill
810,26864,net_kg,2330.0,2930.0,"Weight adjustment from the OTC schedule Adjustment (T) column, 0.6 t. Actual Tonnage on that sheet is already pure waste (Gross - Tare); this is the weight adjustment as recorded in the console. Loaded 2 Sep 2026 on Michelle instruction.",claude-otc-adjustment,2026-09-02 08:10:44.066188+00,backfill
811,23450,net_kg,2370.0,3570.0,"Weight adjustment from the OTC schedule Adjustment (T) column, 1.2 t. Actual Tonnage on that sheet is already pure waste (Gross - Tare); this is the weight adjustment as recorded in the console. Loaded 2 Sep 2026 on Michelle instruction.",claude-otc-adjustment,2026-09-02 08:10:44.066188+00,backfill
812,23304,net_kg,1600.0,2300.0,"Weight adjustment from the OTC schedule Adjustment (T) column, 0.7 t. Actual Tonnage on that sheet is already pure waste (Gross - Tare); this is the weight adjustment as recorded in the console. Loaded 2 Sep 2026 on Michelle instruction.",claude-otc-adjustment,2026-09-02 08:10:44.066188+00,backfill
813,23451,net_kg,1880.0,3180.0,"Weight adjustment from the OTC schedule Adjustment (T) column, 1.3 t. Actual Tonnage on that sheet is already pure waste (Gross - Tare); this is the weight adjustment as recorded in the console. Loaded 2 Sep 2026 on Michelle instruction.",claude-otc-adjustment,2026-09-02 08:10:44.066188+00,backfill
814,23313,net_kg,4300.0,5500.0,"Weight adjustment from the OTC schedule Adjustment (T) column, 1.2 t. Actual Tonnage on that sheet is already pure waste (Gross - Tare); this is the weight adjustment as recorded in the console. Loaded 2 Sep 2026 on Michelle instruction.",claude-otc-adjustment,2026-09-02 08:10:44.066188+00,backfill
815,26840,net_kg,4770.0,5970.0,"Weight adjustment from the OTC schedule Adjustment (T) column, 1.2 t. Actual Tonnage on that sheet is already pure waste (Gross - Tare); this is the weight adjustment as recorded in the console. Loaded 2 Sep 2026 on Michelle instruction.",claude-otc-adjustment,2026-09-02 08:10:44.066188+00,backfill
816,23383,net_kg,2250.0,3250.0,"Weight adjustment from the OTC schedule Adjustment (T) column, 1.0 t. Actual Tonnage on that sheet is already pure waste (Gross - Tare); this is the weight adjustment as recorded in the console. Loaded 2 Sep 2026 on Michelle instruction.",claude-otc-adjustment,2026-09-02 08:10:44.066188+00,backfill
817,23463,net_kg,1590.0,2590.0,"Weight adjustment from the OTC schedule Adjustment (T) column, 1.0 t. Actual Tonnage on that sheet is already pure waste (Gross - Tare); this is the weight adjustment as recorded in the console. Loaded 2 Sep 2026 on Michelle instruction.",claude-otc-adjustment,2026-09-02 08:10:44.066188+00,backfill
818,26882,net_kg,3030.0,4330.0,"Weight adjustment from the OTC schedule Adjustment (T) column, 1.3 t. Actual Tonnage on that sheet is already pure waste (Gross - Tare); this is the weight adjustment as recorded in the console. Loaded 2 Sep 2026 on Michelle instruction.",claude-otc-adjustment,2026-09-02 08:10:44.066188+00,backfill
819,23443,net_kg,4220.0,7220.0,"Weight adjustment from the OTC schedule Adjustment (T) column, 3.0 t. Actual Tonnage on that sheet is already pure waste (Gross - Tare); this is the weight adjustment as recorded in the console. Loaded 2 Sep 2026 on Michelle instruction.",claude-otc-adjustment,2026-09-02 08:10:44.066188+00,backfill
820,23373,net_kg,5160.0,6360.0,"Weight adjustment from the OTC schedule Adjustment (T) column, 1.2 t. Actual Tonnage on that sheet is already pure waste (Gross - Tare); this is the weight adjustment as recorded in the console. Loaded 2 Sep 2026 on Michelle instruction.",claude-otc-adjustment,2026-09-02 08:10:44.066188+00,backfill
821,23446,net_kg,1540.0,1840.0,"Weight adjustment from the OTC schedule Adjustment (T) column, 0.3 t. Actual Tonnage on that sheet is already pure waste (Gross - Tare); this is the weight adjustment as recorded in the console. Loaded 2 Sep 2026 on Michelle instruction.",claude-otc-adjustment,2026-09-02 08:10:44.066188+00,backfill
822,23447,net_kg,2480.0,3480.0,"Weight adjustment from the OTC schedule Adjustment (T) column, 1.0 t. Actual Tonnage on that sheet is already pure waste (Gross - Tare); this is the weight adjustment as recorded in the console. Loaded 2 Sep 2026 on Michelle instruction.",claude-otc-adjustment,2026-09-02 08:10:44.066188+00,backfill
823,26833,net_kg,3390.0,4590.0,"Weight adjustment from the OTC schedule Adjustment (T) column, 1.2 t. Actual Tonnage on that sheet is already pure waste (Gross - Tare); this is the weight adjustment as recorded in the console. Loaded 2 Sep 2026 on Michelle instruction.",claude-otc-adjustment,2026-09-02 08:10:44.066188+00,backfill
824,23381,net_kg,1890.0,2890.0,"Weight adjustment from the OTC schedule Adjustment (T) column, 1.0 t. Actual Tonnage on that sheet is already pure waste (Gross - Tare); this is the weight adjustment as recorded in the console. Loaded 2 Sep 2026 on Michelle instruction.",claude-otc-adjustment,2026-09-02 08:10:44.066188+00,backfill
825,26868,net_kg,1830.0,2630.0,"Weight adjustment from the OTC schedule Adjustment (T) column, 0.8 t. Actual Tonnage on that sheet is already pure waste (Gross - Tare); this is the weight adjustment as recorded in the console. Loaded 2 Sep 2026 on Michelle instruction.",claude-otc-adjustment,2026-09-02 08:10:44.066188+00,backfill
826,23456,net_kg,1340.0,2140.0,"Weight adjustment from the OTC schedule Adjustment (T) column, 0.8 t. Actual Tonnage on that sheet is already pure waste (Gross - Tare); this is the weight adjustment as recorded in the console. Loaded 2 Sep 2026 on Michelle instruction.",claude-otc-adjustment,2026-09-02 08:10:44.066188+00,backfill
827,26847,net_kg,2430.0,3730.0,"Weight adjustment from the OTC schedule Adjustment (T) column, 1.3 t. Actual Tonnage on that sheet is already pure waste (Gross - Tare); this is the weight adjustment as recorded in the console. Loaded 2 Sep 2026 on Michelle instruction.",claude-otc-adjustment,2026-09-02 08:10:44.066188+00,backfill
828,26875,net_kg,1710.0,2910.0,"Weight adjustment from the OTC schedule Adjustment (T) column, 1.2 t. Actual Tonnage on that sheet is already pure waste (Gross - Tare); this is the weight adjustment as recorded in the console. Loaded 2 Sep 2026 on Michelle instruction.",claude-otc-adjustment,2026-09-02 08:10:44.066188+00,backfill
829,26842,net_kg,4630.0,5830.0,"Weight adjustment from the OTC schedule Adjustment (T) column, 1.2 t. Actual Tonnage on that sheet is already pure waste (Gross - Tare); this is the weight adjustment as recorded in the console. Loaded 2 Sep 2026 on Michelle instruction.",claude-otc-adjustment,2026-09-02 08:10:44.066188+00,backfill
830,26845,net_kg,5340.0,8340.0,"Weight adjustment from the OTC schedule Adjustment (T) column, 3.0 t. Actual Tonnage on that sheet is already pure waste (Gross - Tare); this is the weight adjustment as recorded in the console. Loaded 2 Sep 2026 on Michelle instruction.",claude-otc-adjustment,2026-09-02 08:10:44.066188+00,backfill
831,23388,net_kg,1550.0,2750.0,"Weight adjustment from the OTC schedule Adjustment (T) column, 1.2 t. Actual Tonnage on that sheet is already pure waste (Gross - Tare); this is the weight adjustment as recorded in the console. Loaded 2 Sep 2026 on Michelle instruction.",claude-otc-adjustment,2026-09-02 08:10:44.066188+00,backfill
950,LR26/04/0056,net_kg,10290,0,"Duplicate. DOs 23010 (2400 kg), 22882 (2370 kg) and 25922 (5520 kg) sum to 10290 kg and are already in the SSOT at STE_005 with weighing chits LR21625, LR21693 and LR21826. This row is the invoice roll-up LR26/04/0056 dated 10 Apr 2026, loaded a second time from the same OTC schedule. Zeroed to remove the double count; row retained for the audit trail. Michelle instruction 14 Sep 2026.",claude-ste-dedup,2026-09-14 04:37:09.87107+00,backfill
951,LR26/04/0056,waste_type,OTC Waste,General Waste,"OTC means Open Top Container, a bin format, not a material. The wording came from the invoice line Transport Charge for OTC Waste Disposal at CDPL Tuas. All three underlying SEF forms tick General Waste. Michelle instruction 14 Sep 2026.",claude-ste-dedup,2026-09-14 04:37:09.87107+00,backfill
952,LR26/04/0193,net_kg,160070,0,"Invoice roll-up superseded. Invoice LR26/04/0193 dated 30 Apr 2026 (PWO 3020394416, project IB8002601) carried a collection summary of 29 individual loads at Benoi Yard, 1-30 Apr 2026, totalling 160,070 kg. All 29 have now been loaded as their own collections with their LR DO numbers and weighing chits LR21754 to LR22271. Every chit weight was cross-checked against weighbridge_tickets with zero mismatches. This row is zeroed to remove the double count; it is retained for the audit trail. Michelle instruction 14 Sep 2026.",claude-ste-apr-split,2026-09-14 07:11:57.342377+00,backfill
