id,domain,key,route,value,unit,basis,source_ref,valid_from,uncertainty_pct
3,waste,general_waste,WtE,0.111461,tCO2e/t,"Incineration of other waste (SEFR), NEA-sourced, 2006 IPCC Guidelines, AR5, applied as the general mixed-waste disposal factor. NOTE this is SEFR OTHER waste, a residual catch-all, and it understates a mixed stream containing plastics or paper. DO NOT RENAME THIS KEY: the report Edge Function pins the disposal factor by exact match on domain=waste key=general_waste. When the key was renamed to other_waste on 5 Aug 2026 the lookup failed and the regex fallback selected the EMA grid factor 0.402, which pushed the PIL July figure from 2.2 to 7.9 tCO2e on the live client dashboard.","SEFR (netzerohub.sg) | National Environment Agency (NEA), Singapore | 2006 IPCC Guidelines for National Greenhouse Gas Inventories | AR5",2024-01-01,
9,equipment,production_of_distribution_synthetic_mineral_ester_transform,,10409.254030,kgCO2e/unit,Production of Distribution Synthetic/Mineral Ester Transformers |  | Boundary incl:  | excl: ,"SEFR (netzerohub.sg) | Singapore Green Building Council (SGBC) | ISO 14040, 14044 | ",2024-06-06,
10,equipment,production_of_1kg_of_insulations,,3.670000,kgCO2e/unit,"Production of 1kg of Insulations | Input is dependent on Mass of Insulation. For more info, refer to SGBC's Singapore Mechanical & Electrical Carbon Calculator (MECC) | Boundary incl:  | excl: ","SEFR (netzerohub.sg) | Singapore Green Building Council (SGBC) | ISO 14040, 14044 | ",2024-06-06,
11,equipment,production_of_uninterruptible_power_supplies_ups_without_ene,,9320.000000,kgCO2e/unit,Production of Uninterruptible Power Supplies (UPS) without Energy Storage System of Wattage > 10000W |  | Boundary incl:  | excl: ,"SEFR (netzerohub.sg) | Singapore Green Building Council (SGBC) | ISO 14040, 14044 | ",2024-06-06,
12,equipment,production_of_1_travellator_with_10m_horizontal_run,,26924.600000,kgCO2e/unit,"Production of 1 Travellator with 10m Horizontal Run | Input is dependent on Horizontal Run. For more info, refer to SGBC's Singapore Mechanical & Electrical Carbon Calculator (MECC). | Boundary incl:  | excl: ","SEFR (netzerohub.sg) | Singapore Green Building Council (SGBC) | ISO 14040, 14044 | ",2024-06-06,
13,equipment,production_of_distribution_mineral_oil_transformers,,8838.000000,kgCO2e/unit,Production of Distribution Mineral Oil Transformers |  | Boundary incl:  | excl: ,"SEFR (netzerohub.sg) | Singapore Green Building Council (SGBC) | ISO 14040, 14044 | ",2024-06-06,
14,equipment,production_of_water_cooled_chillers,,129.000000,kgCO2e/TR,Production of Water-Cooled Chillers |  | Boundary incl:  | excl: ,SEFR (netzerohub.sg) | Singapore Green Building Council (SGBC) | EN15804 | AR5,2024-06-06,
15,equipment,production_of_split_unit_air_conditioning_system,,11.994500,kgCO2e/kW,Production of Split Unit Air-Conditioning System |  | Boundary incl:  | excl: ,SEFR (netzerohub.sg) | Singapore Green Building Council (SGBC) | EN15804 | AR5,2024-06-06,
16,equipment,production_of_passenger_lifts,,10.100000,kgCO2e/t-km,Production of Passenger Lifts |  | Boundary incl:  | excl: ,SEFR (netzerohub.sg) | Singapore Green Building Council (SGBC) | EN15804 | AR4,2024-06-06,
17,equipment,production_of_power_distribution_mineral_oil_transformers,,189291.000000,kgCO2e/unit,Production of Power Distribution Mineral Oil Transformers |  | Boundary incl:  | excl: ,"SEFR (netzerohub.sg) | Singapore Green Building Council (SGBC) | ISO 14040, 14044 | ",2024-06-06,
18,equipment,production_of_a_50kw_variable_refrigerant_flow_vrf_condenser,,5179.200000,kgCO2e/unit,"Production of a 50kW Variable Refrigerant Flow (VRF) Condenser Unit with R410A Refrigerant | Input is dependent on Capacity of VRF. For more info, refer to SGBC's Singapore Mechanical & Electrical Carbon Calculator (MECC) | Boundary incl:  | excl: ","SEFR (netzerohub.sg) | Singapore Green Building Council (SGBC) | ISO 14040, 14044 | ",2024-06-06,
19,equipment,production_of_switchgears,,4360.000000,kgCO2e/unit,Production of Switchgears |  | Boundary incl:  | excl: ,"SEFR (netzerohub.sg) | Singapore Green Building Council (SGBC) | ISO 14040, 14044 | ",2024-06-06,
20,equipment,production_of_pumps,,37.965000,kgCO2e/kW,Production of Pumps |  | Boundary incl:  | excl: ,"SEFR (netzerohub.sg) | Singapore Green Building Council (SGBC) | ISO 14040, 14044 | ",2024-06-06,
21,equipment,production_of_1m_3_of_recycled_aluminium_cable_truncking,,5.690000,kgCO2e/kg,"Production of 1m^3 of Recycled Aluminium Cable Truncking | Input is dependent on Material and Volume of Cable Routing Support used. For more info, refer to SGBC's Singapore Mechanical & Electrical Carbon Calculator (MECC). | Boundary incl:  | excl: ","SEFR (netzerohub.sg) | Singapore Green Building Council (SGBC) | ISO 14040, 14044 | ",2024-06-06,
22,equipment,production_of_led_lighting_fixtures,,13.900000,kgCO2e/unit,Production of LED Lighting Fixtures |  | Boundary incl:  | excl: ,SEFR (netzerohub.sg) | Singapore Green Building Council (SGBC) | EN15804 | AR5,2024-06-06,
23,equipment,production_of_air_handling_units,,1.220000,kgCO2e/m3/hr,Production of Air Handling Units |  | Boundary incl:  | excl: ,SEFR (netzerohub.sg) | Singapore Green Building Council (SGBC) | EN15804 | AR4,2024-06-06,
24,equipment,production_of_uninterruptible_power_supplies_ups_without_ene,,195.000000,kgCO2e/unit,Production of Uninterruptible Power Supplies (UPS) without Energy Storage System of Wattage ≤ 1500W |  | Boundary incl:  | excl: ,"SEFR (netzerohub.sg) | Singapore Green Building Council (SGBC) | ISO 14040, 14044 | ",2024-06-06,
25,equipment,production_of_variable_air_volume_vav_boxes,,20.500000,kgCO2e/unit,Production of Variable Air Volume (VAV) Boxes |  | Boundary incl:  | excl: ,SEFR (netzerohub.sg) | Singapore Green Building Council (SGBC) | EN15804 | AR5,2024-06-06,
26,equipment,production_of_switchboards,,3647.000000,kgCO2e/unit,Production of Switchboards |  | Boundary incl:  | excl: ,"SEFR (netzerohub.sg) | Singapore Green Building Council (SGBC) | ISO 14040, 14044 | ",2024-06-06,
27,equipment,production_of_power_distribution_synthetic_mineral_ester_tra,,276291.000000,kgCO2e/unit,Production of Power Distribution Synthetic/Mineral Ester Transformers |  | Boundary incl:  | excl: ,"SEFR (netzerohub.sg) | Singapore Green Building Council (SGBC) | ISO 14040, 14044 | ",2024-06-06,
28,equipment,production_of_cassette_fan_coil_units,,151.200000,kgCO2e/unit,Production of Cassette Fan Coil Units |  | Boundary incl:  | excl: ,SEFR (netzerohub.sg) | Singapore Green Building Council (SGBC) | EN15804 | AR4,2024-06-06,
29,equipment,production_of_uninterruptible_power_supplies_ups_with_energy,,2870.000000,kgCO2e/unit,Production of Uninterruptible Power Supplies (UPS) with Energy Storage System of Wattage > 10000W |  | Boundary incl:  | excl: ,"SEFR (netzerohub.sg) | Singapore Green Building Council (SGBC) | ISO 14040, 14044 | ",2024-06-06,
30,equipment,production_of_uninterruptible_power_supplies_ups_with_energy,,701.000000,kgCO2e/unit,Production of Uninterruptible Power Supplies (UPS) with Energy Storage System of Wattage > 5000W and ≤ 10000W |  | Boundary incl:  | excl: ,"SEFR (netzerohub.sg) | Singapore Green Building Council (SGBC) | ISO 14040, 14044 | ",2024-06-06,
31,equipment,production_of_lightning_protection_systems,,4.810000,kgCO2e/kg,Production of Lightning Protection Systems |  | Boundary incl:  | excl: ,"SEFR (netzerohub.sg) | Singapore Green Building Council (SGBC) | ISO 14040, 14044 | ",2024-06-06,
32,equipment,production_of_uninterruptible_power_supplies_ups_without_ene,,543.000000,kgCO2e/unit,Production of Uninterruptible Power Supplies (UPS) without Energy Storage System of Wattage > 5000W and ≤ 10000W |  | Boundary incl:  | excl: ,"SEFR (netzerohub.sg) | Singapore Green Building Council (SGBC) | ISO 14040, 14044 | ",2024-06-06,
33,equipment,production_of_uninterruptible_power_supplies_ups_with_energy,,592.000000,kgCO2e/unit,Production of Uninterruptible Power Supplies (UPS) with Energy Storage System of Wattage > 1500W and ≤ 5000W |  | Boundary incl:  | excl: ,"SEFR (netzerohub.sg) | Singapore Green Building Council (SGBC) | ISO 14040, 14044 | ",2024-06-06,
34,equipment,production_of_uninterruptible_power_supplies_ups_with_energy,,50.000000,kgCO2e/unit,Production of Uninterruptible Power Supplies (UPS) with Energy Storage System of Wattage ≤ 1500W |  | Boundary incl:  | excl: ,"SEFR (netzerohub.sg) | Singapore Green Building Council (SGBC) | ISO 14040, 14044 | ",2024-06-06,
35,equipment,production_of_1_m_2_of_26_gauge_electrogalvanised_steel_air_,,3.140000,kgCO2e/kg,"Production of 1 m^2 of 26 Gauge Electrogalvanised Steel Air Ducts | Input is dependent on Area, Gauge and Material of Duct. For more info, refer to SGBC's Singapore Mechanical & Electrical Carbon Calculator (MECC). | Boundary incl:  | excl: ","SEFR (netzerohub.sg) | Singapore Green Building Council (SGBC) | ISO 14040, 14044 | ",2024-06-06,
36,equipment,production_of_uninterruptible_power_supplies_ups_without_ene,,291.000000,kgCO2e/unit,Production of Uninterruptible Power Supplies (UPS) without Energy Storage System of Wattage > 1500W and ≤ 5000W |  | Boundary incl:  | excl: ,"SEFR (netzerohub.sg) | Singapore Green Building Council (SGBC) | ISO 14040, 14044 | ",2024-06-06,
37,equipment,production_of_1_escalator_with_10m_vertical_rise_and_30_incl,,118539.200000,kgCO2e/unit,"Production of 1 Escalator with 10m Vertical Rise and 30° inclination angle | Input is dependent on Vertical Rise and Inclination Angle. For more info, refer to SGBC's Singapore Mechanical & Electrical Carbon Calculator (MECC). | Boundary incl:  | excl: ","SEFR (netzerohub.sg) | Singapore Green Building Council (SGBC) | ISO 14040, 14044 | ",2024-06-06,
38,equipment,production_of_solar_photovoltaics_pv,,0.387000,kgCO2e/Wp,Production of Solar PhotoVoltaics (PV) |  | Boundary incl:  | excl: ,SEFR (netzerohub.sg) | Singapore Green Building Council (SGBC) | EN15804 | AR5,2024-06-06,
39,equipment,production_of_450_750_v_cu_pvc_non_sheathed_cables,,0.220000,kgCO2e/m,"Production of 450/750 V CU/PVC, Non-sheathed Cables | Input is dependent on Material, Voltage and Cross Sectional Area of Conductor. For more info, refer to SGBC's Singapore Mechanical & Electrical Carbon Calculator (MECC). | Boundary incl:  | excl: ","SEFR (netzerohub.sg) | Singapore Green Building Council (SGBC) | ISO 14040, 14044 | ",2024-06-06,
40,equipment,production_of_10kw_thermal_capacity_air_water_monoblock_heat,,2110.000000,kgCO2e/unit,"Production of 10kW Thermal Capacity Air-Water (Monoblock) Heat Pumps with Single Fan | Input is dependent on Capacity. For more info, refer to SGBC's Singapore Mechanical & Electrical Carbon Calculator (MECC). | Boundary incl:  | excl: ","SEFR (netzerohub.sg) | Singapore Green Building Council (SGBC) | ISO 14040, 14044 | ",2024-06-06,
41,equipment,production_of_cooling_towers,,30100.000000,kgCO2e/unit,Production of Cooling Towers |  | Boundary incl:  | excl: ,"SEFR (netzerohub.sg) | Singapore Green Building Council (SGBC) | ISO 14040, 14044 | ",2024-06-06,
42,material,production_of_precast_eco_concrete_30_fly_ash_replacement_gr,,0.126850,kgCO2e/kg,Production of Precast Eco Concrete (30% Fly Ash Replacement) Grade 30 |  | Boundary incl:  | excl: ,"SEFR (netzerohub.sg) | Singapore Green Building Council (SGBC) | ISO 14040, 14044 | ",2022-05-01,
43,material,production_of_glue_laminated_timber,,-1.068440,kgCO2e/kg,Production of Glue Laminated Timber |  | Boundary incl:  | excl: ,"SEFR (netzerohub.sg) | Singapore Green Building Council (SGBC) | ISO 14040, 14044 | ",2022-05-01,
44,material,production_of_double_glazed_glass,,2.469388,kgCO2e/kg,Production of Double Glazed Glass |  | Boundary incl:  | excl: ,"SEFR (netzerohub.sg) | Singapore Green Building Council (SGBC) | ISO 14040, 14044 | ",2022-05-01,
45,material,production_of_precast_eco_concrete_30_fly_ash_replacement_gr,,0.160350,kgCO2e/kg,Production of Precast Eco Concrete (30% Fly Ash Replacement) Grade 40 |  | Boundary incl:  | excl: ,"SEFR (netzerohub.sg) | Singapore Green Building Council (SGBC) | ISO 14040, 14044 | ",2022-05-01,
46,material,production_of_precast_concrete_natural_grade_40,,0.163794,kgCO2e/kg,Production of Precast Concrete (Natural) Grade 40 |  | Boundary incl:  | excl: ,"SEFR (netzerohub.sg) | Singapore Green Building Council (SGBC) | ISO 14040, 14044 | ",2022-05-01,
47,material,production_of_recycled_concrete_aggregates_rca,,0.006670,kgCO2e/kg,Production of Recycled Concrete Aggregates (RCA) |  | Boundary incl:  | excl: ,SEFR (netzerohub.sg) | Singapore Green Building Council (SGBC) | EN15804 | AR5,2022-05-01,
48,material,production_of_precast_concrete_natural_grade_30,,0.137185,kgCO2e/kg,Production of Precast Concrete (Natural) Grade 30 |  | Boundary incl:  | excl: ,"SEFR (netzerohub.sg) | Singapore Green Building Council (SGBC) | ISO 14040, 14044 | ",2022-05-01,
49,material,production_of_recycled_steel,,1.060000,kgCO2e/kg,Production of Recycled Steel | Average Carbon Footprint of a steel sheet | Boundary incl:  | excl: ,"SEFR (netzerohub.sg) | Singapore Green Building Council (SGBC) | ISO 14040, 14044 | ",2022-05-01,
50,material,production_of_ceramic_tiles,,0.780000,kgCO2e/kg,Production of Ceramic Tiles |  | Boundary incl:  | excl: ,"SEFR (netzerohub.sg) | Singapore Green Building Council (SGBC) | ISO 14040, 14044 | ",2022-05-01,
51,material,production_of_eco_concrete_15_fly_ash_replacement_grade_40,,0.157500,kgCO2e/kg,Production of Eco Concrete (15% Fly Ash Replacement) Grade 40 |  | Boundary incl:  | excl: ,"SEFR (netzerohub.sg) | Singapore Green Building Council (SGBC) | ISO 14040, 14044 | ",2022-05-01,
52,material,production_of_copper_pipe,,4.810000,kgCO2e/kg,Production of Copper Pipe |  | Boundary incl:  | excl: ,"SEFR (netzerohub.sg) | Singapore Green Building Council (SGBC) | ISO 14040, 14044 | ",2024-06-06,
53,material,production_of_carpet_tiles,,9.800000,kgCO2e/kg,Production of Carpet Tiles |  | Boundary incl:  | excl: ,"SEFR (netzerohub.sg) | Singapore Green Building Council (SGBC) | ISO 14040, 14044 | ",2022-05-01,
54,material,production_of_precast_eco_concrete_50_ggbs_replacement_grade,,0.120000,kgCO2e/kg,Production of Precast Eco Concrete (50% GGBS Replacement) Grade 40 |  | Boundary incl:  | excl: ,"SEFR (netzerohub.sg) | Singapore Green Building Council (SGBC) | ISO 14040, 14044 | ",2022-05-01,
55,material,production_of_precast_eco_concrete_30_fly_ash_replacement_gr,,0.163850,kgCO2e/kg,Production of Precast Eco Concrete (30% Fly Ash Replacement) Grade 50 |  | Boundary incl:  | excl: ,"SEFR (netzerohub.sg) | Singapore Green Building Council (SGBC) | ISO 14040, 14044 | ",2022-05-01,
56,material,production_of_eco_concrete_50_ggbs_replacement_grade_30,,0.084549,kgCO2e/kg,Production of Eco Concrete (50% GGBS Replacement) Grade 30 |  | Boundary incl:  | excl: ,"SEFR (netzerohub.sg) | Singapore Green Building Council (SGBC) | ISO 14040, 14044 | ",2022-05-01,
57,material,production_of_precast_eco_concrete_15_fly_ash_replacement_gr,,0.164850,kgCO2e/kg,Production of Precast Eco Concrete (15% Fly Ash Replacement) Grade 50 |  | Boundary incl:  | excl: ,"SEFR (netzerohub.sg) | Singapore Green Building Council (SGBC) | ISO 14040, 14044 | ",2022-05-01,
58,material,production_of_cement_opc,,0.923000,kgCO2e/kg,Production of Cement (OPC) |  | Boundary incl:  | excl: ,SEFR (netzerohub.sg) | Singapore Green Building Council (SGBC) | EN15804 | AR5,2022-05-01,
59,material,production_of_washed_copper_slag_wcs,,0.281850,kgCO2e/kg,Production of Washed Copper Slag (WCS) |  | Boundary incl:  | excl: ,SEFR (netzerohub.sg) | Singapore Green Building Council (SGBC) | EN15804 | AR5,2022-05-01,
60,material,production_of_eco_concrete_50_ggbs_replacement_grade_40,,0.106867,kgCO2e/kg,Production of Eco Concrete (50% GGBS Replacement) Grade 40 |  | Boundary incl:  | excl: ,"SEFR (netzerohub.sg) | Singapore Green Building Council (SGBC) | ISO 14040, 14044 | ",2022-05-01,
61,material,production_of_hdpe_pipe,,2.410000,kgCO2e/kg,Production of HDPE Pipe |  | Boundary incl:  | excl: ,"SEFR (netzerohub.sg) | Singapore Green Building Council (SGBC) | ISO 14040, 14044 | ",2024-06-06,
62,material,production_of_general_clay_bricks,,0.213000,kgCO2e/kg,Production of General Clay Bricks |  | Boundary incl:  | excl: ,"SEFR (netzerohub.sg) | Singapore Green Building Council (SGBC) | ISO 14040, 14044 | ",2022-05-01,
63,material,production_of_precast_eco_concrete_50_ggbs_replacement_grade,,0.144000,kgCO2e/kg,Production of Precast Eco Concrete (50% GGBS Replacement) Grade 50 |  | Boundary incl:  | excl: ,"SEFR (netzerohub.sg) | Singapore Green Building Council (SGBC) | ISO 14040, 14044 | ",2022-05-01,
64,material,production_of_precast_eco_concrete_25_ggbs_replacement_grade,,0.104138,kgCO2e/kg,Production of Precast Eco Concrete (25% GGBS Replacement) Grade 30 |  | Boundary incl:  | excl: ,"SEFR (netzerohub.sg) | Singapore Green Building Council (SGBC) | ISO 14040, 14044 | ",2022-05-01,
65,material,production_of_precast_eco_concrete_15_fly_ash_replacement_gr,,0.126850,kgCO2e/kg,Production of Precast Eco Concrete (15% Fly Ash Replacement) Grade 30 |  | Boundary incl:  | excl: ,"SEFR (netzerohub.sg) | Singapore Green Building Council (SGBC) | ISO 14040, 14044 | ",2022-05-01,
66,material,production_of_eco_concrete_25_ggbs_replacement_grade_30,,0.101288,kgCO2e/kg,Production of Eco Concrete (25% GGBS Replacement) Grade 30 |  | Boundary incl:  | excl: ,"SEFR (netzerohub.sg) | Singapore Green Building Council (SGBC) | ISO 14040, 14044 | ",2022-05-01,
67,material,production_of_eco_concrete_25_ggbs_replacement_grade_40,,0.128326,kgCO2e/kg,Production of Eco Concrete (25% GGBS Replacement) Grade 40 |  | Boundary incl:  | excl: ,"SEFR (netzerohub.sg) | Singapore Green Building Council (SGBC) | ISO 14040, 14044 | ",2022-05-01,
68,material,production_of_polyvinyl_chloride_pvc_waterproofing,,1.250000,kgCO2e/kg,Production of Polyvinyl Chloride (PVC) Waterproofing |  | Boundary incl:  | excl: ,"SEFR (netzerohub.sg) | Singapore Green Building Council (SGBC) | ISO 14040, 14044 | ",2022-05-01,
69,material,production_of_primary_steel,,1.730000,kgCO2e/kg,Production of Primary Steel | Average Carbon Footprint of a virgin steel sheet | Boundary incl:  | excl: ,"SEFR (netzerohub.sg) | Singapore Green Building Council (SGBC) | ISO 14040, 14044 | ",2022-05-01,
70,material,production_of_precast_eco_concrete_15_fly_ash_replacement_gr,,0.160350,kgCO2e/kg,Production of Precast Eco Concrete (15% Fly Ash Replacement) Grade 40 |  | Boundary incl:  | excl: ,"SEFR (netzerohub.sg) | Singapore Green Building Council (SGBC) | ISO 14040, 14044 | ",2022-05-01,
71,material,production_of_coarse_aggregates,,0.004800,kgCO2e/kg,Production of Coarse Aggregates |  | Boundary incl:  | excl: ,SEFR (netzerohub.sg) | Singapore Green Building Council (SGBC) | EN15804 | AR5,2022-05-01,
72,material,production_of_tempered_glass,,2.977000,kgCO2e/kg,Production of Tempered Glass |  | Boundary incl:  | excl: ,"SEFR (netzerohub.sg) | Singapore Green Building Council (SGBC) | ISO 14040, 14044 | ",2022-05-01,
73,material,production_of_precast_eco_concrete_25_ggbs_replacement_grade,,0.131176,kgCO2e/kg,Production of Precast Eco Concrete (25% GGBS Replacement) Grade 40 |  | Boundary incl:  | excl: ,"SEFR (netzerohub.sg) | Singapore Green Building Council (SGBC) | ISO 14040, 14044 | ",2022-05-01,
74,material,production_of_precast_concrete_natural_grade_50,,0.183210,kgCO2e/kg,Production of Precast Concrete (Natural) Grade 50 |  | Boundary incl:  | excl: ,"SEFR (netzerohub.sg) | Singapore Green Building Council (SGBC) | ISO 14040, 14044 | ",2022-05-01,
75,material,production_of_precast_eco_concrete_25_ggbs_replacement_grade,,0.142950,kgCO2e/kg,Production of Precast Eco Concrete (25% GGBS Replacement) Grade 50 |  | Boundary incl:  | excl: ,"SEFR (netzerohub.sg) | Singapore Green Building Council (SGBC) | ISO 14040, 14044 | ",2022-05-01,
76,material,production_of_laminated_glass,,1.545455,kgCO2e/kg,Production of Laminated Glass |  | Boundary incl:  | excl: ,"SEFR (netzerohub.sg) | Singapore Green Building Council (SGBC) | ISO 14040, 14044 | ",2022-05-01,
77,material,production_of_precast_eco_concrete_50_ggbs_replacement_grade,,0.087399,kgCO2e/kg,Production of Precast Eco Concrete (50% GGBS Replacement) Grade 30 |  | Boundary incl:  | excl: ,"SEFR (netzerohub.sg) | Singapore Green Building Council (SGBC) | ISO 14040, 14044 | ",2022-05-01,
78,material,production_of_sand,,0.004380,kgCO2e/kg,Production of Sand |  | Boundary incl:  | excl: ,SEFR (netzerohub.sg) | Singapore Green Building Council (SGBC) | EN15804 | AR5,2022-05-01,
79,material,production_of_cross_lamininated_timber,,-1.310000,kgCO2e/kg,Production of Cross Lamininated Timber |  | Boundary incl:  | excl: ,"SEFR (netzerohub.sg) | Singapore Green Building Council (SGBC) | ISO 14040, 14044 | ",2022-05-01,
80,material,production_of_eco_concrete_30_fly_ash_replacement_grade_30,,0.124000,kgCO2e/kg,Production of Eco Concrete (30% Fly Ash Replacement) Grade 30 |  | Boundary incl:  | excl: ,"SEFR (netzerohub.sg) | Singapore Green Building Council (SGBC) | ISO 14040, 14044 | ",2022-05-01,
81,material,production_of_concrete_natural_grade_50,,0.180360,kgCO2e/kg,Production of Concrete (Natural) Grade 50 |  | Boundary incl:  | excl: ,"SEFR (netzerohub.sg) | Singapore Green Building Council (SGBC) | ISO 14040, 14044 | ",2022-05-01,
82,material,production_of_sheet_aluminium_virgin,,9.050000,kgCO2e/kg,Production of Sheet Aluminium Virgin |  | Boundary incl:  | excl: ,"SEFR (netzerohub.sg) | Singapore Green Building Council (SGBC) | ISO 14040, 14044 | ",2022-05-01,
83,material,production_of_eco_concrete_30_fly_ash_replacement_grade_50,,0.161000,kgCO2e/kg,Production of Eco Concrete (30% Fly Ash Replacement) Grade 50 |  | Boundary incl:  | excl: ,"SEFR (netzerohub.sg) | Singapore Green Building Council (SGBC) | ISO 14040, 14044 | ",2022-05-01,
84,material,production_of_concrete_natural_grade_40,,0.160944,kgCO2e/kg,Production of Concrete (Natural) Grade 40 |  | Boundary incl:  | excl: ,"SEFR (netzerohub.sg) | Singapore Green Building Council (SGBC) | ISO 14040, 14044 | ",2022-05-01,
85,material,production_of_mineral_fiber_board,,1.280000,kgCO2e/kg,Production of Mineral Fiber Board |  | Boundary incl:  | excl: ,"SEFR (netzerohub.sg) | Singapore Green Building Council (SGBC) | ISO 14040, 14044 | ",2022-05-01,
86,material,production_of_waterborne_paint,,2.540000,kgCO2e/kg,Production of Waterborne Paint |  | Boundary incl:  | excl: ,"SEFR (netzerohub.sg) | Singapore Green Building Council (SGBC) | ISO 14040, 14044 | ",2022-05-01,
87,material,production_of_eco_concrete_50_ggbs_replacement_grade_50,,0.119000,kgCO2e/kg,Production of Eco Concrete (50% GGBS Replacement) Grade 50 |  | Boundary incl:  | excl: ,"SEFR (netzerohub.sg) | Singapore Green Building Council (SGBC) | ISO 14040, 14044 | ",2022-05-01,
88,material,production_of_pvc_pipe,,3.080000,kgCO2e/kg,Production of PVC Pipe |  | Boundary incl:  | excl: ,"SEFR (netzerohub.sg) | Singapore Green Building Council (SGBC) | ISO 14040, 14044 | ",2024-06-06,
89,material,production_of_eco_concrete_25_ggbs_replacement_grade_50,,0.140100,kgCO2e/kg,Production of Eco Concrete (25% GGBS Replacement) Grade 50 |  | Boundary incl:  | excl: ,"SEFR (netzerohub.sg) | Singapore Green Building Council (SGBC) | ISO 14040, 14044 | ",2022-05-01,
90,material,production_of_eco_concrete_30_fly_ash_replacement_grade_40,,0.157500,kgCO2e/kg,Production of Eco Concrete (30% Fly Ash Replacement) Grade 40 |  | Boundary incl:  | excl: ,"SEFR (netzerohub.sg) | Singapore Green Building Council (SGBC) | ISO 14040, 14044 | ",2022-05-01,
91,material,production_of_sheet_aluminium_recycled,,3.350000,kgCO2e/kg,Production of Sheet Aluminium Recycled |  | Boundary incl:  | excl: ,"SEFR (netzerohub.sg) | Singapore Green Building Council (SGBC) | ISO 14040, 14044 | ",2022-05-01,
92,material,production_of_recycled_steel_section,,0.820000,kgCO2e/kg,"Production of Recycled Steel Section | Average Carbon Footprint of steel sections (i.e. I-Beams, H-Beams, C-Channels, etc.) | Boundary incl:  | excl: ","SEFR (netzerohub.sg) | Singapore Green Building Council (SGBC) | ISO 14040, 14044 | ",2022-05-01,
93,material,production_of_eco_concrete_15_fly_ash_replacement_grade_50,,0.162000,kgCO2e/kg,Production of Eco Concrete (15% Fly Ash Replacement) Grade 50 |  | Boundary incl:  | excl: ,"SEFR (netzerohub.sg) | Singapore Green Building Council (SGBC) | ISO 14040, 14044 | ",2022-05-01,
94,material,production_of_eco_concrete_15_fly_ash_replacement_grade_30,,0.124000,kgCO2e/kg,Production of Eco Concrete (15% Fly Ash Replacement) Grade 30 |  | Boundary incl:  | excl: ,"SEFR (netzerohub.sg) | Singapore Green Building Council (SGBC) | ISO 14040, 14044 | ",2022-05-01,
95,material,production_of_primary_steel_section,,2.840000,kgCO2e/kg,"Production of Primary Steel Section | Average Carbon Footprint of virgin steel sections (i.e. I-Beams, H-Beams, C-Channels, etc.) | Boundary incl:  | excl: ","SEFR (netzerohub.sg) | Singapore Green Building Council (SGBC) | ISO 14040, 14044 | ",2022-05-01,
96,material,production_of_concrete_natural_grade_30,,0.134335,kgCO2e/kg,Production of Concrete (Natural) Grade 30 |  | Boundary incl:  | excl: ,"SEFR (netzerohub.sg) | Singapore Green Building Council (SGBC) | ISO 14040, 14044 | ",2022-05-01,
97,fuel,coal_tar,combustion,2271.514000,kgCO2e/t,"Combustion of Coal Tar | This datapoint references default CO2, CH4 and N2O emission factors in net calorific values from the 2006 IPCC Guidelines (unless stated otherwise) and the IPCC Fifth Assessment Report (AR5). This datapoint is also referenced in NEA's Carbon Tax Calculator for companies under the Carbon Pricing Act (CPA). For CPA companies who wish to do the Carbon Tax calculation, please","SEFR (netzerohub.sg) | National Environment Agency (NEA), Singapore | 2006 IPCC Guidelines for National Greenhouse Gas Inventories | AR5",2024-01-01,
98,fuel,industrial_waste,combustion,1449.000000,kgCO2e/t,"Combustion of Industrial Waste | This datapoint references default CO2, CH4 and N2O emission factors in net calorific values from the 2006 IPCC Guidelines (unless stated otherwise) and the IPCC Fifth Assessment Report (AR5). This datapoint is also referenced in NEA's Carbon Tax Calculator for companies under the Carbon Pricing Act (CPA). For CPA companies who wish to do the Carbon Tax calculation","SEFR (netzerohub.sg) | National Environment Agency (NEA), Singapore | 2006 IPCC Guidelines for National Greenhouse Gas Inventories | AR5",2024-01-01,
99,fuel,natural_gas_liquids,combustion,2848.380600,kgCO2e/t,"Combustion of Natural Gas Liquids | This datapoint references default CO2, CH4 and N2O emission factors in net calorific values from the 2006 IPCC Guidelines (unless stated otherwise) and the IPCC Fifth Assessment Report (AR5). This datapoint is also referenced in NEA's Carbon Tax Calculator for companies under the Carbon Pricing Act (CPA). For CPA companies who wish to do the Carbon Tax calculat","SEFR (netzerohub.sg) | National Environment Agency (NEA), Singapore | 2006 IPCC Guidelines for National Greenhouse Gas Inventories | AR5",2024-01-01,
100,fuel,crude_oil,combustion,3110.868900,kgCO2e/t,"Combustion of Crude Oil | This datapoint references default CO2, CH4 and N2O emission factors in net calorific values from the 2006 IPCC Guidelines (unless stated otherwise) and the IPCC Fifth Assessment Report (AR5). This datapoint is also referenced in NEA's Carbon Tax Calculator for companies under the Carbon Pricing Act (CPA). For CPA companies who wish to do the Carbon Tax calculation, pleas","SEFR (netzerohub.sg) | National Environment Agency (NEA), Singapore | 2006 IPCC Guidelines for National Greenhouse Gas Inventories | AR5",2024-01-01,
101,fuel,shale_oil,combustion,2801.988300,kgCO2e/t,"Combustion of Shale Oil | This datapoint references default CO2, CH4 and N2O emission factors in net calorific values from the 2006 IPCC Guidelines (unless stated otherwise) and the IPCC Fifth Assessment Report (AR5). This datapoint is also referenced in NEA's Carbon Tax Calculator for companies under the Carbon Pricing Act (CPA). For CPA companies who wish to do the Carbon Tax calculation, pleas","SEFR (netzerohub.sg) | National Environment Agency (NEA), Singapore | 2006 IPCC Guidelines for National Greenhouse Gas Inventories | AR5",2024-01-01,
102,fuel,other_bituminous_coal,combustion,2451.657900,kgCO2e/t,"Combustion of Other Bituminous Coal | This datapoint references default CO2, CH4 and N2O emission factors in net calorific values from the 2006 IPCC Guidelines (unless stated otherwise) and the IPCC Fifth Assessment Report (AR5). This datapoint is also referenced in NEA's Carbon Tax Calculator for companies under the Carbon Pricing Act (CPA). For CPA companies who wish to do the Carbon Tax calcul","SEFR (netzerohub.sg) | National Environment Agency (NEA), Singapore | 2006 IPCC Guidelines for National Greenhouse Gas Inventories | AR5",2024-01-01,
103,fuel,oxygen_steel_furnace_gas,combustion,1285.304770,kgCO2e/t,"Combustion of Oxygen Steel Furnace Gas | This datapoint references default CO2, CH4 and N2O emission factors in net calorific values from the 2006 IPCC Guidelines (unless stated otherwise) and the IPCC Fifth Assessment Report (AR5). This datapoint is also referenced in NEA's Carbon Tax Calculator for companies under the Carbon Pricing Act (CPA). For CPA companies who wish to do the Carbon Tax cal","SEFR (netzerohub.sg) | National Environment Agency (NEA), Singapore | 2006 IPCC Guidelines for National Greenhouse Gas Inventories | AR5",2024-01-01,
104,fuel,wood_wood_waste,combustion,29.640000,kgCO2e/t,Combustion of Wood / Wood waste | This datapoint references the 2006 IPCC Guidelines for National Greenhouse Gas Inventories and IPCC Fifth Assessment Report (AR5). | Boundary incl: Only includes emissions from the combustion of the fuel. | excl: Excludes emissions upstream of the combustion of the fuel.,"SEFR (netzerohub.sg) | National Environment Agency (NEA), Singapore | 2006 IPCC Guidelines for National Greenhouse Gas Inventories | AR5",2024-01-01,
105,fuel,naphtha,combustion,3272.663500,kgCO2e/t,"Combustion of Naphtha | This datapoint references default CO2, CH4 and N2O emission factors in net calorific values from the 2006 IPCC Guidelines (unless stated otherwise) and the IPCC Fifth Assessment Report (AR5). This datapoint is also referenced in NEA's Carbon Tax Calculator for companies under the Carbon Pricing Act (CPA). For CPA companies who wish to do the Carbon Tax calculation, please ","SEFR (netzerohub.sg) | National Environment Agency (NEA), Singapore | 2006 IPCC Guidelines for National Greenhouse Gas Inventories | AR5",2024-01-01,
106,fuel,biodiesel,combustion,6.561000,kgCO2e/t,"Combustion of Biodiesel | This datapoint references default CO2, CH4 and N2O emission factors in net calorific values from the 2006 IPCC Guidelines (unless stated otherwise) and the IPCC Fifth Assessment Report (AR5). This datapoint is also referenced in NEA's Carbon Tax Calculator for companies under the Carbon Pricing Act (CPA). For CPA companies who wish to do the Carbon Tax calculation, pleas","SEFR (netzerohub.sg) | National Environment Agency (NEA), Singapore | 2006 IPCC Guidelines for National Greenhouse Gas Inventories | AR5",2024-01-01,
107,fuel,biogasoline,combustion,6.561000,kgCO2e/t,"Combustion of Biogasoline | This datapoint references default CO2, CH4 and N2O emission factors in net calorific values from the 2006 IPCC Guidelines (unless stated otherwise) and the IPCC Fifth Assessment Report (AR5). This datapoint is also referenced in NEA's Carbon Tax Calculator for companies under the Carbon Pricing Act (CPA). For CPA companies who wish to do the Carbon Tax calculation, ple","SEFR (netzerohub.sg) | National Environment Agency (NEA), Singapore | 2006 IPCC Guidelines for National Greenhouse Gas Inventories | AR5",2024-01-01,
108,fuel,waste_oils,combustion,3023.040000,kgCO2e/t,Combustion of Waste Oils | This datapoint references the 2006 IPCC Guidelines for National Greenhouse Gas Inventories and IPCC Fifth Assessment Report (AR5). | Boundary incl: Only includes emissions from the combustion of the fuel. | excl: Excludes emissions upstream of the combustion of the fuel.,"SEFR (netzerohub.sg) | National Environment Agency (NEA), Singapore | 2006 IPCC Guidelines for National Greenhouse Gas Inventories | AR5",2024-01-01,
109,fuel,sulphite_lyes_black_liquor,combustion,7.245200,kgCO2e/t,"Combustion of Sulphite Lyes (Black Liquor) | This datapoint references default CO2, CH4 and N2O emission factors in net calorific values from the 2006 IPCC Guidelines (unless stated otherwise) and the IPCC Fifth Assessment Report (AR5). This datapoint is also referenced in NEA's Carbon Tax Calculator for companies under the Carbon Pricing Act (CPA). For CPA companies who wish to do the Carbon Tax","SEFR (netzerohub.sg) | National Environment Agency (NEA), Singapore | 2006 IPCC Guidelines for National Greenhouse Gas Inventories | AR5",2024-01-01,
110,fuel,coking_coal,combustion,2679.719100,kgCO2e/t,"Combustion of Coking Coal | This datapoint references default CO2, CH4 and N2O emission factors in net calorific values from the 2006 IPCC Guidelines (unless stated otherwise) and the IPCC Fifth Assessment Report (AR5). This datapoint is also referenced in NEA's Carbon Tax Calculator for companies under the Carbon Pricing Act (CPA). For CPA companies who wish to do the Carbon Tax calculation, ple","SEFR (netzerohub.sg) | National Environment Agency (NEA), Singapore | 2006 IPCC Guidelines for National Greenhouse Gas Inventories | AR5",2024-01-01,
111,fuel,other_biogas,combustion,2.746800,kgCO2e/t,"Combustion of Other Biogas | This datapoint references default CO2, CH4 and N2O emission factors in net calorific values from the 2006 IPCC Guidelines (unless stated otherwise) and the IPCC Fifth Assessment Report (AR5). This datapoint is also referenced in NEA's Carbon Tax Calculator for companies under the Carbon Pricing Act (CPA). For CPA companies who wish to do the Carbon Tax calculation, pl","SEFR (netzerohub.sg) | National Environment Agency (NEA), Singapore | 2006 IPCC Guidelines for National Greenhouse Gas Inventories | AR5",2024-01-01,
112,fuel,paraffin_waxes,combustion,2956.428600,kgCO2e/t,"Combustion of Paraffin Waxes | This datapoint references default CO2, CH4 and N2O emission factors in net calorific values from the 2006 IPCC Guidelines (unless stated otherwise) and the IPCC Fifth Assessment Report (AR5). This datapoint is also referenced in NEA's Carbon Tax Calculator for companies under the Carbon Pricing Act (CPA). For CPA companies who wish to do the Carbon Tax calculation, ","SEFR (netzerohub.sg) | National Environment Agency (NEA), Singapore | 2006 IPCC Guidelines for National Greenhouse Gas Inventories | AR5",2024-01-01,
113,fuel,ethane,combustion,2860.768800,kgCO2e/t,"Combustion of Ethane | This datapoint references default CO2, CH4 and N2O emission factors in net calorific values from the 2006 IPCC Guidelines (unless stated otherwise) and the IPCC Fifth Assessment Report (AR5). This datapoint is also referenced in NEA's Carbon Tax Calculator for companies under the Carbon Pricing Act (CPA). For CPA companies who wish to do the Carbon Tax calculation, please r","SEFR (netzerohub.sg) | National Environment Agency (NEA), Singapore | 2006 IPCC Guidelines for National Greenhouse Gas Inventories | AR5",2024-01-01,
114,fuel,blast_furnace_gas,combustion,642.334615,kgCO2e/t,"Combustion of Blast Furnace Gas | This datapoint references default CO2, CH4 and N2O emission factors in net calorific values from the 2006 IPCC Guidelines (unless stated otherwise) and the IPCC Fifth Assessment Report (AR5). This datapoint is also referenced in NEA's Carbon Tax Calculator for companies under the Carbon Pricing Act (CPA). For CPA companies who wish to do the Carbon Tax calculatio","SEFR (netzerohub.sg) | National Environment Agency (NEA), Singapore | 2006 IPCC Guidelines for National Greenhouse Gas Inventories | AR5",2024-01-01,
115,fuel,gas_diesel_oil_high_sulphur,combustion,3196.749000,kgCO2e/t,"Combustion of Gas / Diesel Oil (high sulphur) | This datapoint references default CO2, CH4 and N2O emission factors in net calorific values from the 2006 IPCC Guidelines (unless stated otherwise) and the IPCC Fifth Assessment Report (AR5). This datapoint is also referenced in NEA's Carbon Tax Calculator for companies under the Carbon Pricing Act (CPA). For CPA companies who wish to do the Carbon ","SEFR (netzerohub.sg) | National Environment Agency (NEA), Singapore | 2006 IPCC Guidelines for National Greenhouse Gas Inventories | AR5",2024-01-01,
116,fuel,town_gas_gas_work_gas,combustion,2158.860150,kgCO2e/t,Combustion of Town Gas (Gas Work Gas) | This datapoint references a country-specific CO2 emission factor and default CH4/N2O emission factors in net calorific value from the 2006 IPCC Guidelines for National Greenhouse Gas Inventories and IPCC Fifth Assessment Report (AR5). | Boundary incl: Only includes emissions from the combustion of the fuel. | excl: Excludes emissions upstream of the combusti,"SEFR (netzerohub.sg) | National Environment Agency (NEA), Singapore | 2006 IPCC Guidelines for National Greenhouse Gas Inventories | AR5",2024-01-01,
117,fuel,refinery_gas,combustion,2853.897750,kgCO2e/t,"Combustion of Refinery Gas | This datapoint references default CO2, CH4 and N2O emission factors in net calorific values from the 2006 IPCC Guidelines (unless stated otherwise) and the IPCC Fifth Assessment Report (AR5). This datapoint is also referenced in NEA's Carbon Tax Calculator for companies under the Carbon Pricing Act (CPA). For CPA companies who wish to do the Carbon Tax calculation, pl","SEFR (netzerohub.sg) | National Environment Agency (NEA), Singapore | 2006 IPCC Guidelines for National Greenhouse Gas Inventories | AR5",2024-01-01,
118,fuel,refinery_feedstocks,combustion,3162.349000,kgCO2e/t,"Combustion of Refinery Feedstocks | This datapoint references default CO2, CH4 and N2O emission factors in net calorific values from the 2006 IPCC Guidelines (unless stated otherwise) and the IPCC Fifth Assessment Report (AR5). This datapoint is also referenced in NEA's Carbon Tax Calculator for companies under the Carbon Pricing Act (CPA). For CPA companies who wish to do the Carbon Tax calculat","SEFR (netzerohub.sg) | National Environment Agency (NEA), Singapore | 2006 IPCC Guidelines for National Greenhouse Gas Inventories | AR5",2024-01-01,
119,fuel,aviation_gasoline,combustion,3111.764900,kgCO2e/t,"Combustion of Aviation Gasoline | This datapoint references default CO2, CH4 and N2O emission factors in net calorific values from the 2006 IPCC Guidelines (unless stated otherwise) and the IPCC Fifth Assessment Report (AR5). This datapoint is also referenced in NEA's Carbon Tax Calculator for companies under the Carbon Pricing Act (CPA). For CPA companies who wish to do the Carbon Tax calculatio","SEFR (netzerohub.sg) | National Environment Agency (NEA), Singapore | 2006 IPCC Guidelines for National Greenhouse Gas Inventories | AR5",2024-01-01,
120,fuel,coke_oven_coke_lignite_coke,combustion,3029.399100,kgCO2e/t,"Combustion of Coke Oven Coke / Lignite Coke | This datapoint references default CO2, CH4 and N2O emission factors in net calorific values from the 2006 IPCC Guidelines (unless stated otherwise) and the IPCC Fifth Assessment Report (AR5). This datapoint is also referenced in NEA's Carbon Tax Calculator for companies under the Carbon Pricing Act (CPA). For CPA companies who wish to do the Carbon Ta","SEFR (netzerohub.sg) | National Environment Agency (NEA), Singapore | 2006 IPCC Guidelines for National Greenhouse Gas Inventories | AR5",2024-01-01,
121,fuel,natural_gas_in_gross_calorific_value,combustion,53.321520,kgCO2e/mmBTU,"Combustion of Natural Gas (in Gross Calorific Value) | This datapoint references default CO2, CH4 and N2O emission factors in net calorific values from the 2006 IPCC Guidelines (unless stated otherwise) and the IPCC Fifth Assessment Report (AR5). This datapoint is also referenced in NEA's Carbon Tax Calculator for companies under the Carbon Pricing Act (CPA). For CPA companies who wish to do the ","SEFR (netzerohub.sg) | National Environment Agency (NEA), Singapore | 2006 IPCC Guidelines for National Greenhouse Gas Inventories | AR5",2024-01-01,
122,fuel,oil_shale_and_tar_sands,combustion,956.086950,kgCO2e/t,"Combustion of Oil Shale and Tar Sands | This datapoint references default CO2, CH4 and N2O emission factors in net calorific values from the 2006 IPCC Guidelines (unless stated otherwise) and the IPCC Fifth Assessment Report (AR5). This datapoint is also referenced in NEA's Carbon Tax Calculator for companies under the Carbon Pricing Act (CPA). For CPA companies who wish to do the Carbon Tax calc","SEFR (netzerohub.sg) | National Environment Agency (NEA), Singapore | 2006 IPCC Guidelines for National Greenhouse Gas Inventories | AR5",2024-01-01,
123,fuel,petroleum_coke,combustion,3176.647500,kgCO2e/t,"Combustion of Petroleum Coke | This datapoint references default CO2, CH4 and N2O emission factors in net calorific values from the 2006 IPCC Guidelines (unless stated otherwise) and the IPCC Fifth Assessment Report (AR5). This datapoint is also referenced in NEA's Carbon Tax Calculator for companies under the Carbon Pricing Act (CPA). For CPA companies who wish to do the Carbon Tax calculation, ","SEFR (netzerohub.sg) | National Environment Agency (NEA), Singapore | 2006 IPCC Guidelines for National Greenhouse Gas Inventories | AR5",2024-01-01,
124,fuel,bitumen,combustion,3253.908600,kgCO2e/t,"Combustion of Bitumen | This datapoint references default CO2, CH4 and N2O emission factors in net calorific values from the 2006 IPCC Guidelines (unless stated otherwise) and the IPCC Fifth Assessment Report (AR5). This datapoint is also referenced in NEA's Carbon Tax Calculator for companies under the Carbon Pricing Act (CPA). For CPA companies who wish to do the Carbon Tax calculation, please ","SEFR (netzerohub.sg) | National Environment Agency (NEA), Singapore | 2006 IPCC Guidelines for National Greenhouse Gas Inventories | AR5",2024-01-01,
125,fuel,other_petroleum_products,combustion,2956.428600,kgCO2e/t,"Combustion of Other Petroleum Products | This datapoint references default CO2, CH4 and N2O emission factors in net calorific values from the 2006 IPCC Guidelines (unless stated otherwise) and the IPCC Fifth Assessment Report (AR5). This datapoint is also referenced in NEA's Carbon Tax Calculator for companies under the Carbon Pricing Act (CPA). For CPA companies who wish to do the Carbon Tax cal","SEFR (netzerohub.sg) | National Environment Agency (NEA), Singapore | 2006 IPCC Guidelines for National Greenhouse Gas Inventories | AR5",2024-01-01,
167,gwp,pfc_91_18_c10f18,,7190.000000,kgCO2e/kg,"PFC-91-18 (C10F18) | This is the Global Warming Potential (GWP) of the associated Greenhouse Gas (GHG), following IPCC Fifth Assessment Report (AR5) ""Climate Change 2013: The Physical Science Basis"". | Boundary incl:  | excl: ","SEFR (netzerohub.sg) | National Environment Agency (NEA), Singapore | IPCC Fifth Assessment Report | AR5",2013-01-01,
126,fuel,sludge_gas,combustion,2.746800,kgCO2e/t,"Combustion of Sludge Gas | This datapoint references default CO2, CH4 and N2O emission factors in net calorific values from the 2006 IPCC Guidelines (unless stated otherwise) and the IPCC Fifth Assessment Report (AR5). This datapoint is also referenced in NEA's Carbon Tax Calculator for companies under the Carbon Pricing Act (CPA). For CPA companies who wish to do the Carbon Tax calculation, plea","SEFR (netzerohub.sg) | National Environment Agency (NEA), Singapore | 2006 IPCC Guidelines for National Greenhouse Gas Inventories | AR5",2024-01-01,
127,fuel,other_primary_solid_biomass,combustion,22.040000,kgCO2e/t,"Combustion of Other Primary Solid Biomass | This datapoint references default CO2, CH4 and N2O emission factors in net calorific values from the 2006 IPCC Guidelines (unless stated otherwise) and the IPCC Fifth Assessment Report (AR5). This datapoint is also referenced in NEA's Carbon Tax Calculator for companies under the Carbon Pricing Act (CPA). For CPA companies who wish to do the Carbon Tax ","SEFR (netzerohub.sg) | National Environment Agency (NEA), Singapore | 2006 IPCC Guidelines for National Greenhouse Gas Inventories | AR5",2024-01-01,
128,fuel,peat,combustion,1038.712880,kgCO2e/t,"Combustion of Peat | This datapoint references default CO2, CH4 and N2O emission factors in net calorific values from the 2006 IPCC Guidelines (unless stated otherwise) and the IPCC Fifth Assessment Report (AR5). This datapoint is also referenced in NEA's Carbon Tax Calculator for companies under the Carbon Pricing Act (CPA). For CPA companies who wish to do the Carbon Tax calculation, please ref","SEFR (netzerohub.sg) | National Environment Agency (NEA), Singapore | 2006 IPCC Guidelines for National Greenhouse Gas Inventories | AR5",2024-01-01,
129,fuel,lignite,combustion,1206.963450,kgCO2e/t,"Combustion of Lignite | This datapoint references default CO2, CH4 and N2O emission factors in net calorific values from the 2006 IPCC Guidelines (unless stated otherwise) and the IPCC Fifth Assessment Report (AR5). This datapoint is also referenced in NEA's Carbon Tax Calculator for companies under the Carbon Pricing Act (CPA). For CPA companies who wish to do the Carbon Tax calculation, please ","SEFR (netzerohub.sg) | National Environment Agency (NEA), Singapore | 2006 IPCC Guidelines for National Greenhouse Gas Inventories | AR5",2024-01-01,
130,fuel,gas_coke,combustion,3018.936900,kgCO2e/t,"Combustion of Gas Coke | This datapoint references default CO2, CH4 and N2O emission factors in net calorific values from the 2006 IPCC Guidelines (unless stated otherwise) and the IPCC Fifth Assessment Report (AR5). This datapoint is also referenced in NEA's Carbon Tax Calculator for companies under the Carbon Pricing Act (CPA). For CPA companies who wish to do the Carbon Tax calculation, please","SEFR (netzerohub.sg) | National Environment Agency (NEA), Singapore | 2006 IPCC Guidelines for National Greenhouse Gas Inventories | AR5",2024-01-01,
131,fuel,landfill_gas,combustion,2.746800,kgCO2e/t,"Combustion of Landfill Gas | This datapoint references default CO2, CH4 and N2O emission factors in net calorific values from the 2006 IPCC Guidelines (unless stated otherwise) and the IPCC Fifth Assessment Report (AR5). This datapoint is also referenced in NEA's Carbon Tax Calculator for companies under the Carbon Pricing Act (CPA). For CPA companies who wish to do the Carbon Tax calculation, pl","SEFR (netzerohub.sg) | National Environment Agency (NEA), Singapore | 2006 IPCC Guidelines for National Greenhouse Gas Inventories | AR5",2024-01-01,
132,gwp,hfc_152a_ch3chf2,,138.000000,kgCO2e/kg,"HFC-152a (CH3CHF2) | This is the Global Warming Potential (GWP) of the associated Greenhouse Gas (GHG), following IPCC Fifth Assessment Report (AR5) ""Climate Change 2013: The Physical Science Basis"". | Boundary incl:  | excl: ","SEFR (netzerohub.sg) | National Environment Agency (NEA), Singapore | IPCC Fifth Assessment Report | AR5",2013-01-01,
133,fuel,natural_gas,combustion,2695.416000,kgCO2e/t,"Combustion of Natural Gas | This datapoint references default CO2, CH4 and N2O emission factors in net calorific values from the 2006 IPCC Guidelines (unless stated otherwise) and the IPCC Fifth Assessment Report (AR5). This datapoint is also referenced in NEA's Carbon Tax Calculator for companies under the Carbon Pricing Act (CPA). For CPA companies who wish to do the Carbon Tax calculation, ple","SEFR (netzerohub.sg) | National Environment Agency (NEA), Singapore | 2006 IPCC Guidelines for National Greenhouse Gas Inventories | AR5",2024-01-01,
134,fuel,jet_gasoline,combustion,3111.764900,kgCO2e/t,"Combustion of Jet Gasoline | This datapoint references default CO2, CH4 and N2O emission factors in net calorific values from the 2006 IPCC Guidelines (unless stated otherwise) and the IPCC Fifth Assessment Report (AR5). This datapoint is also referenced in NEA's Carbon Tax Calculator for companies under the Carbon Pricing Act (CPA). For CPA companies who wish to do the Carbon Tax calculation, pl","SEFR (netzerohub.sg) | National Environment Agency (NEA), Singapore | 2006 IPCC Guidelines for National Greenhouse Gas Inventories | AR5",2024-01-01,
135,fuel,jet_kerosene,combustion,3163.866300,kgCO2e/t,"Combustion of Jet Kerosene | This datapoint references default CO2, CH4 and N2O emission factors in net calorific values from the 2006 IPCC Guidelines (unless stated otherwise) and the IPCC Fifth Assessment Report (AR5). This datapoint is also referenced in NEA's Carbon Tax Calculator for companies under the Carbon Pricing Act (CPA). For CPA companies who wish to do the Carbon Tax calculation, pl","SEFR (netzerohub.sg) | National Environment Agency (NEA), Singapore | 2006 IPCC Guidelines for National Greenhouse Gas Inventories | AR5",2024-01-01,
136,fuel,coke_oven_gas,combustion,1720.389150,kgCO2e/t,"Combustion of Coke Oven Gas | This datapoint references default CO2, CH4 and N2O emission factors in net calorific values from the 2006 IPCC Guidelines (unless stated otherwise) and the IPCC Fifth Assessment Report (AR5). This datapoint is also referenced in NEA's Carbon Tax Calculator for companies under the Carbon Pricing Act (CPA). For CPA companies who wish to do the Carbon Tax calculation, p","SEFR (netzerohub.sg) | National Environment Agency (NEA), Singapore | 2006 IPCC Guidelines for National Greenhouse Gas Inventories | AR5",2024-01-01,
137,fuel,motor_gasoline,combustion,3080.754900,kgCO2e/t,"Combustion of Motor Gasoline | This datapoint references default CO2, CH4 and N2O emission factors in net calorific values from the 2006 IPCC Guidelines (unless stated otherwise) and the IPCC Fifth Assessment Report (AR5). This datapoint is also referenced in NEA's Carbon Tax Calculator for companies under the Carbon Pricing Act (CPA). For CPA companies who wish to do the Carbon Tax calculation, ","SEFR (netzerohub.sg) | National Environment Agency (NEA), Singapore | 2006 IPCC Guidelines for National Greenhouse Gas Inventories | AR5",2024-01-01,
138,fuel,lubricants,combustion,2956.428600,kgCO2e/t,"Combustion of Lubricants | This datapoint references default CO2, CH4 and N2O emission factors in net calorific values from the 2006 IPCC Guidelines (unless stated otherwise) and the IPCC Fifth Assessment Report (AR5). This datapoint is also referenced in NEA's Carbon Tax Calculator for companies under the Carbon Pricing Act (CPA). For CPA companies who wish to do the Carbon Tax calculation, plea","SEFR (netzerohub.sg) | National Environment Agency (NEA), Singapore | 2006 IPCC Guidelines for National Greenhouse Gas Inventories | AR5",2024-01-01,
139,fuel,liquefied_petroleum_gas,combustion,2987.207850,kgCO2e/t,"Combustion of Liquefied Petroleum Gas | This datapoint references default CO2, CH4 and N2O emission factors in net calorific values from the 2006 IPCC Guidelines (unless stated otherwise) and the IPCC Fifth Assessment Report (AR5). This datapoint is also referenced in NEA's Carbon Tax Calculator for companies under the Carbon Pricing Act (CPA). For CPA companies who wish to do the Carbon Tax calc","SEFR (netzerohub.sg) | National Environment Agency (NEA), Singapore | 2006 IPCC Guidelines for National Greenhouse Gas Inventories | AR5",2024-01-01,
140,fuel,brown_coal_briquettes,combustion,2027.057850,kgCO2e/t,"Combustion of Brown Coal Briquettes | This datapoint references default CO2, CH4 and N2O emission factors in net calorific values from the 2006 IPCC Guidelines (unless stated otherwise) and the IPCC Fifth Assessment Report (AR5). This datapoint is also referenced in NEA's Carbon Tax Calculator for companies under the Carbon Pricing Act (CPA). For CPA companies who wish to do the Carbon Tax calcul","SEFR (netzerohub.sg) | National Environment Agency (NEA), Singapore | 2006 IPCC Guidelines for National Greenhouse Gas Inventories | AR5",2024-01-01,
141,fuel,residual_fuel_oil,combustion,3136.777200,kgCO2e/t,"Combustion of Residual Fuel Oil | This datapoint references default CO2, CH4 and N2O emission factors in net calorific values from the 2006 IPCC Guidelines (unless stated otherwise) and the IPCC Fifth Assessment Report (AR5). This datapoint is also referenced in NEA's Carbon Tax Calculator for companies under the Carbon Pricing Act (CPA). For CPA companies who wish to do the Carbon Tax calculatio","SEFR (netzerohub.sg) | National Environment Agency (NEA), Singapore | 2006 IPCC Guidelines for National Greenhouse Gas Inventories | AR5",2024-01-01,
142,fuel,patent_fuel,combustion,2027.057850,kgCO2e/t,"Combustion of Patent Fuel | This datapoint references default CO2, CH4 and N2O emission factors in net calorific values from the 2006 IPCC Guidelines (unless stated otherwise) and the IPCC Fifth Assessment Report (AR5). This datapoint is also referenced in NEA's Carbon Tax Calculator for companies under the Carbon Pricing Act (CPA). For CPA companies who wish to do the Carbon Tax calculation, ple","SEFR (netzerohub.sg) | National Environment Agency (NEA), Singapore | 2006 IPCC Guidelines for National Greenhouse Gas Inventories | AR5",2024-01-01,
143,fuel,anthracite,combustion,2635.970850,kgCO2e/t,"Combustion of Anthracite | This datapoint references default CO2, CH4 and N2O emission factors in net calorific values from the 2006 IPCC Guidelines (unless stated otherwise) and the IPCC Fifth Assessment Report (AR5). This datapoint is also referenced in NEA's Carbon Tax Calculator for companies under the Carbon Pricing Act (CPA). For CPA companies who wish to do the Carbon Tax calculation, plea","SEFR (netzerohub.sg) | National Environment Agency (NEA), Singapore | 2006 IPCC Guidelines for National Greenhouse Gas Inventories | AR5",2024-01-01,
144,fuel,sub_bituminous_coal,combustion,1824.331950,kgCO2e/t,"Combustion of Sub-bituminous coal | This datapoint references default CO2, CH4 and N2O emission factors in net calorific values from the 2006 IPCC Guidelines (unless stated otherwise) and the IPCC Fifth Assessment Report (AR5). This datapoint is also referenced in NEA's Carbon Tax Calculator for companies under the Carbon Pricing Act (CPA). For CPA companies who wish to do the Carbon Tax calculat","SEFR (netzerohub.sg) | National Environment Agency (NEA), Singapore | 2006 IPCC Guidelines for National Greenhouse Gas Inventories | AR5",2024-01-01,
145,gwp,r_509a_56_pfc_218,,4984.000000,kgCO2e/kg,"R-509A (56% PFC-218) | This is the Global Warming Potential (GWP) of the associated Greenhouse Gas (GHG) contained in the refrigerant blend that is reportable under the United Nations Framework Convention on Climate Change (UNFCCC), following IPCC Fifth Assessment Report (AR5) ""Climate Change 2013: The Physical Science Basis"". | Boundary incl:  | excl: Hydrochlorofluorocarbon (HCFC) component in t","SEFR (netzerohub.sg) | National Environment Agency (NEA), Singapore | IPCC Fifth Assessment Report | AR5",2013-01-01,
146,fuel,gas_diesel_oil,combustion,3196.749000,kgCO2e/t,"Combustion of Gas / Diesel Oil | This datapoint references default CO2, CH4 and N2O emission factors in net calorific values from the 2006 IPCC Guidelines (unless stated otherwise) and the IPCC Fifth Assessment Report (AR5). This datapoint is also referenced in NEA's Carbon Tax Calculator for companies under the Carbon Pricing Act (CPA). For CPA companies who wish to do the Carbon Tax calculation","SEFR (netzerohub.sg) | National Environment Agency (NEA), Singapore | 2006 IPCC Guidelines for National Greenhouse Gas Inventories | AR5",2024-01-01,
147,fuel,white_spirit_and_special_boiling_point_spirit,combustion,2956.428600,kgCO2e/t,Combustion of White Spirit and Special Boiling Point Spirit | This datapoint references the 2006 IPCC Guidelines for National Greenhouse Gas Inventories and IPCC Fifth Assessment Report (AR5). | Boundary incl: Only includes emissions from the combustion of the fuel. | excl: Excludes emissions upstream of the combustion of the fuel.,"SEFR (netzerohub.sg) | National Environment Agency (NEA), Singapore | 2006 IPCC Guidelines for National Greenhouse Gas Inventories | AR5",2024-01-01,
148,fuel,charcoal,combustion,196.470000,kgCO2e/t,"Combustion of Charcoal | This datapoint references default CO2, CH4 and N2O emission factors in net calorific values from the 2006 IPCC Guidelines (unless stated otherwise) and the IPCC Fifth Assessment Report (AR5). This datapoint is also referenced in NEA's Carbon Tax Calculator for companies under the Carbon Pricing Act (CPA). For CPA companies who wish to do the Carbon Tax calculation, please","SEFR (netzerohub.sg) | National Environment Agency (NEA), Singapore | 2006 IPCC Guidelines for National Greenhouse Gas Inventories | AR5",2024-01-01,
149,fuel,other_liquid_biofuel,combustion,6.658200,kgCO2e/t,"Combustion of Other Liquid Biofuel | This datapoint references default CO2, CH4 and N2O emission factors in net calorific values from the 2006 IPCC Guidelines (unless stated otherwise) and the IPCC Fifth Assessment Report (AR5). This datapoint is also referenced in NEA's Carbon Tax Calculator for companies under the Carbon Pricing Act (CPA). For CPA companies who wish to do the Carbon Tax calcula","SEFR (netzerohub.sg) | National Environment Agency (NEA), Singapore | 2006 IPCC Guidelines for National Greenhouse Gas Inventories | AR5",2024-01-01,
150,fuel,other_kerosene,combustion,3159.863400,kgCO2e/t,"Combustion of Other Kerosene | This datapoint references default CO2, CH4 and N2O emission factors in net calorific values from the 2006 IPCC Guidelines (unless stated otherwise) and the IPCC Fifth Assessment Report (AR5). This datapoint is also referenced in NEA's Carbon Tax Calculator for companies under the Carbon Pricing Act (CPA). For CPA companies who wish to do the Carbon Tax calculation, ","SEFR (netzerohub.sg) | National Environment Agency (NEA), Singapore | 2006 IPCC Guidelines for National Greenhouse Gas Inventories | AR5",2024-01-01,
183,gwp,z_hfc_1225ye_cf3cf_chf_z,,1.000000,kgCO2e/kg,"(Z)-HFC-1225ye (CF3CF=CHF(Z)) | This is the Global Warming Potential (GWP) of the associated Greenhouse Gas (GHG), following IPCC Fifth Assessment Report (AR5) ""Climate Change 2013: The Physical Science Basis"". | Boundary incl:  | excl: ","SEFR (netzerohub.sg) | National Environment Agency (NEA), Singapore | IPCC Fifth Assessment Report | AR5",2013-01-01,
151,fuel,orimulsion,combustion,2124.182500,kgCO2e/t,"Combustion of Orimulsion | This datapoint references default CO2, CH4 and N2O emission factors in net calorific values from the 2006 IPCC Guidelines (unless stated otherwise) and the IPCC Fifth Assessment Report (AR5). This datapoint is also referenced in NEA's Carbon Tax Calculator for companies under the Carbon Pricing Act (CPA). For CPA companies who wish to do the Carbon Tax calculation, plea","SEFR (netzerohub.sg) | National Environment Agency (NEA), Singapore | 2006 IPCC Guidelines for National Greenhouse Gas Inventories | AR5",2024-01-01,
152,gwp,r_508b_46_hfc_23_54_pfc_116,,11698.000000,kgCO2e/kg,"R-508B (46% HFC-23; 54% PFC-116) | This is the Global Warming Potential (GWP) of the associated Greenhouse Gas (GHG) contained in the refrigerant blend that is reportable under the United Nations Framework Convention on Climate Change (UNFCCC), following IPCC Fifth Assessment Report (AR5) ""Climate Change 2013: The Physical Science Basis"". | Boundary incl:  | excl: Hydrochlorofluorocarbon (HCFC) co","SEFR (netzerohub.sg) | National Environment Agency (NEA), Singapore | IPCC Fifth Assessment Report | AR5",2013-01-01,
153,gwp,hfc_1234yf_cf3cf_ch2,,1.000000,kgCO2e/kg,"HFC-1234yf (CF3CF=CH2) | This is the Global Warming Potential (GWP) of the associated Greenhouse Gas (GHG), following IPCC Fifth Assessment Report (AR5) ""Climate Change 2013: The Physical Science Basis"". | Boundary incl:  | excl: ","SEFR (netzerohub.sg) | National Environment Agency (NEA), Singapore | IPCC Fifth Assessment Report | AR5",2013-01-01,
154,gwp,r_508a_39_hfc_23_61_pfc_116,,11607.000000,kgCO2e/kg,"R-508A (39% HFC-23; 61% PFC-116) | This is the Global Warming Potential (GWP) of the associated Greenhouse Gas (GHG) contained in the refrigerant blend that is reportable under the United Nations Framework Convention on Climate Change (UNFCCC), following IPCC Fifth Assessment Report (AR5) ""Climate Change 2013: The Physical Science Basis"". | Boundary incl:  | excl: Hydrochlorofluorocarbon (HCFC) co","SEFR (netzerohub.sg) | National Environment Agency (NEA), Singapore | IPCC Fifth Assessment Report | AR5",2013-01-01,
155,gwp,r_402a_60_hfc125,,1902.000000,kgCO2e/kg,"R-402A (60% HFC125) | This is the Global Warming Potential (GWP) of the associated Greenhouse Gas (GHG) contained in the refrigerant blend that is reportable under the United Nations Framework Convention on Climate Change (UNFCCC), following IPCC Fifth Assessment Report (AR5) ""Climate Change 2013: The Physical Science Basis"". | Boundary incl:  | excl: Hydrochlorofluorocarbon (HCFC) component in th","SEFR (netzerohub.sg) | National Environment Agency (NEA), Singapore | IPCC Fifth Assessment Report | AR5",2013-01-01,
156,gwp,nitrogen_trifluoride_nf3,,16100.000000,kgCO2e/kg,"Nitrogen trifluoride (NF3) | This is the Global Warming Potential (GWP) of the associated Greenhouse Gas (GHG), following IPCC Fifth Assessment Report (AR5) ""Climate Change 2013: The Physical Science Basis"". | Boundary incl:  | excl: ","SEFR (netzerohub.sg) | National Environment Agency (NEA), Singapore | IPCC Fifth Assessment Report | AR5",2013-01-01,
157,gwp,hfc_43_10mee_cf3chfchfcf2cf3,,1650.000000,kgCO2e/kg,"HFC-43-10mee (CF3CHFCHFCF2CF3) | This is the Global Warming Potential (GWP) of the associated Greenhouse Gas (GHG), following IPCC Fifth Assessment Report (AR5) ""Climate Change 2013: The Physical Science Basis"". | Boundary incl:  | excl: ","SEFR (netzerohub.sg) | National Environment Agency (NEA), Singapore | IPCC Fifth Assessment Report | AR5",2013-01-01,
158,gwp,pfc_41_12_n_c5f12,,8550.000000,kgCO2e/kg,"PFC-41-12 (n-C5F12) | This is the Global Warming Potential (GWP) of the associated Greenhouse Gas (GHG), following IPCC Fifth Assessment Report (AR5) ""Climate Change 2013: The Physical Science Basis"". | Boundary incl:  | excl: ","SEFR (netzerohub.sg) | National Environment Agency (NEA), Singapore | IPCC Fifth Assessment Report | AR5",2013-01-01,
159,gwp,hfc_245cb_cf3cf2ch3,,4620.000000,kgCO2e/kg,"HFC-245cb (CF3CF2CH3) | This is the Global Warming Potential (GWP) of the associated Greenhouse Gas (GHG), following IPCC Fifth Assessment Report (AR5) ""Climate Change 2013: The Physical Science Basis"". | Boundary incl:  | excl: ","SEFR (netzerohub.sg) | National Environment Agency (NEA), Singapore | IPCC Fifth Assessment Report | AR5",2013-01-01,
160,gwp,hfc_263fb_ch3ch2cf3,,76.000000,kgCO2e/kg,"HFC-263fb (CH3CH2CF3) | This is the Global Warming Potential (GWP) of the associated Greenhouse Gas (GHG), following IPCC Fifth Assessment Report (AR5) ""Climate Change 2013: The Physical Science Basis"". | Boundary incl:  | excl: ","SEFR (netzerohub.sg) | National Environment Agency (NEA), Singapore | IPCC Fifth Assessment Report | AR5",2013-01-01,
161,gwp,r_442a_31_hfc_32_31_hfc_125_30_hfc_134a_3_hfc_152a_5_hfc_227,,1754.210000,kgCO2e/kg,"R-442A (31% HFC-32; 31% HFC-125; 30% HFC-134a; 3% HFC-152a; 5% HFC-227ea) | This is the Global Warming Potential (GWP) of the associated Greenhouse Gas (GHG) contained in the refrigerant blend that is reportable under the United Nations Framework Convention on Climate Change (UNFCCC), following IPCC Fifth Assessment Report (AR5) ""Climate Change 2013: The Physical Science Basis"". | Boundary incl:  ","SEFR (netzerohub.sg) | National Environment Agency (NEA), Singapore | IPCC Fifth Assessment Report | AR5",2013-01-01,
162,gwp,e_hfc_1225ye_cf3cf_chf_e,,1.000000,kgCO2e/kg,"(E)-HFC-1225ye (CF3CF=CHF(E)) | This is the Global Warming Potential (GWP) of the associated Greenhouse Gas (GHG), following IPCC Fifth Assessment Report (AR5) ""Climate Change 2013: The Physical Science Basis"". | Boundary incl:  | excl: ","SEFR (netzerohub.sg) | National Environment Agency (NEA), Singapore | IPCC Fifth Assessment Report | AR5",2013-01-01,
163,gwp,r_448a_26_hfc_32_26_hfc_125_21_hfc_134a_20_hfc_1234yf_7_e_hf,,1273.490000,kgCO2e/kg,"R-448A (26% HFC-32; 26% HFC-125; 21% HFC-134a; 20% HFC-1234yf; 7% (E)-HFC-1234ze) | This is the Global Warming Potential (GWP) of the associated Greenhouse Gas (GHG) contained in the refrigerant blend that is reportable under the United Nations Framework Convention on Climate Change (UNFCCC), following IPCC Fifth Assessment Report (AR5) ""Climate Change 2013: The Physical Science Basis"". | Boundary","SEFR (netzerohub.sg) | National Environment Agency (NEA), Singapore | IPCC Fifth Assessment Report | AR5",2013-01-01,
164,gwp,pfc_61_16_n_c7f16,,7820.000000,kgCO2e/kg,"PFC-61-16 (n-C7F16) | This is the Global Warming Potential (GWP) of the associated Greenhouse Gas (GHG), following IPCC Fifth Assessment Report (AR5) ""Climate Change 2013: The Physical Science Basis"". | Boundary incl:  | excl: ","SEFR (netzerohub.sg) | National Environment Agency (NEA), Singapore | IPCC Fifth Assessment Report | AR5",2013-01-01,
165,gwp,z_hfc_1234ze_cf3ch_chf_z,,1.000000,kgCO2e/kg,"(Z)-HFC-1234ze (CF3CH=CHF(Z)) | This is the Global Warming Potential (GWP) of the associated Greenhouse Gas (GHG), following IPCC Fifth Assessment Report (AR5) ""Climate Change 2013: The Physical Science Basis"". | Boundary incl:  | excl: ","SEFR (netzerohub.sg) | National Environment Agency (NEA), Singapore | IPCC Fifth Assessment Report | AR5",2013-01-01,
166,gwp,hfc_245fa_chf2ch2cf3,,858.000000,kgCO2e/kg,"HFC-245fa (CHF2CH2CF3) | This is the Global Warming Potential (GWP) of the associated Greenhouse Gas (GHG), following IPCC Fifth Assessment Report (AR5) ""Climate Change 2013: The Physical Science Basis"". | Boundary incl:  | excl: ","SEFR (netzerohub.sg) | National Environment Agency (NEA), Singapore | IPCC Fifth Assessment Report | AR5",2013-01-01,
168,gwp,r_422b_55_hfc_125_42_hfc_134a,,2289.500000,kgCO2e/kg,"R-422B (55% HFC-125; 42% HFC-134a) | This is the Global Warming Potential (GWP) of the associated Greenhouse Gas (GHG) contained in the refrigerant blend that is reportable under the United Nations Framework Convention on Climate Change (UNFCCC), following IPCC Fifth Assessment Report (AR5) ""Climate Change 2013: The Physical Science Basis"". | Boundary incl:  | excl: Hydrochlorofluorocarbon (HCFC) ","SEFR (netzerohub.sg) | National Environment Agency (NEA), Singapore | IPCC Fifth Assessment Report | AR5",2013-01-01,
169,gwp,hfc_134_chf2chf2,,1120.000000,kgCO2e/kg,"HFC-134 (CHF2CHF2) | This is the Global Warming Potential (GWP) of the associated Greenhouse Gas (GHG), following IPCC Fifth Assessment Report (AR5) ""Climate Change 2013: The Physical Science Basis"". | Boundary incl:  | excl: ","SEFR (netzerohub.sg) | National Environment Agency (NEA), Singapore | IPCC Fifth Assessment Report | AR5",2013-01-01,
170,gwp,hfc_227ea_cf3chfcf3,,3350.000000,kgCO2e/kg,"HFC-227ea (CF3CHFCF3) | This is the Global Warming Potential (GWP) of the associated Greenhouse Gas (GHG), following IPCC Fifth Assessment Report (AR5) ""Climate Change 2013: The Physical Science Basis"". | Boundary incl:  | excl: ","SEFR (netzerohub.sg) | National Environment Agency (NEA), Singapore | IPCC Fifth Assessment Report | AR5",2013-01-01,
171,gwp,hexafluoro_1_3_butadiene_c4f6,,1.000000,kgCO2e/kg,"Hexafluoro-1,3-butadiene (C4F6) | This is the Global Warming Potential (GWP) of the associated Greenhouse Gas (GHG), following IPCC Fifth Assessment Report (AR5) ""Climate Change 2013: The Physical Science Basis"". | Boundary incl:  | excl: ","SEFR (netzerohub.sg) | National Environment Agency (NEA), Singapore | IPCC Fifth Assessment Report | AR5",2013-01-01,
172,gwp,pfc_c216_c_c3f6,,9200.000000,kgCO2e/kg,"PFC-c216 (c-C3F6) | This is the Global Warming Potential (GWP) of the associated Greenhouse Gas (GHG), following IPCC Fifth Assessment Report (AR5) ""Climate Change 2013: The Physical Science Basis"". | Boundary incl:  | excl: ","SEFR (netzerohub.sg) | National Environment Agency (NEA), Singapore | IPCC Fifth Assessment Report | AR5",2013-01-01,
173,gwp,hfc_152_ch2fch2f,,16.000000,kgCO2e/kg,"HFC-152 (CH2FCH2F) | This is the Global Warming Potential (GWP) of the associated Greenhouse Gas (GHG), following IPCC Fifth Assessment Report (AR5) ""Climate Change 2013: The Physical Science Basis"". | Boundary incl:  | excl: ","SEFR (netzerohub.sg) | National Environment Agency (NEA), Singapore | IPCC Fifth Assessment Report | AR5",2013-01-01,
174,gwp,r_413a_9_pfc_218_88_hfc_134a,,1945.000000,kgCO2e/kg,"R-413A (9% PFC-218; 88% HFC-134a) | This is the Global Warming Potential (GWP) of the associated Greenhouse Gas (GHG) contained in the refrigerant blend that is reportable under the United Nations Framework Convention on Climate Change (UNFCCC), following IPCC Fifth Assessment Report (AR5) ""Climate Change 2013: The Physical Science Basis"". | Boundary incl:  | excl: Hydrochlorofluorocarbon (HCFC) c","SEFR (netzerohub.sg) | National Environment Agency (NEA), Singapore | IPCC Fifth Assessment Report | AR5",2013-01-01,
175,gwp,hfc_32_ch2f2,,677.000000,kgCO2e/kg,"HFC-32 (CH2F2) | This is the Global Warming Potential (GWP) of the associated Greenhouse Gas (GHG), following IPCC Fifth Assessment Report (AR5) ""Climate Change 2013: The Physical Science Basis"". | Boundary incl:  | excl: ","SEFR (netzerohub.sg) | National Environment Agency (NEA), Singapore | IPCC Fifth Assessment Report | AR5",2013-01-01,
176,gwp,perfluorodecalin_cis_z_c10f18,,7240.000000,kgCO2e/kg,"Perfluorodecalin (cis) (Z-C10F18) | This is the Global Warming Potential (GWP) of the associated Greenhouse Gas (GHG), following IPCC Fifth Assessment Report (AR5) ""Climate Change 2013: The Physical Science Basis"". | Boundary incl:  | excl: ","SEFR (netzerohub.sg) | National Environment Agency (NEA), Singapore | IPCC Fifth Assessment Report | AR5",2013-01-01,
177,gwp,r_419a_77_hfc_125_19_hfc_134a,,2687.900000,kgCO2e/kg,"R-419A (77% HFC-125; 19% HFC-134a) | This is the Global Warming Potential (GWP) of the associated Greenhouse Gas (GHG) contained in the refrigerant blend that is reportable under the United Nations Framework Convention on Climate Change (UNFCCC), following IPCC Fifth Assessment Report (AR5) ""Climate Change 2013: The Physical Science Basis"". | Boundary incl:  | excl: Hydrochlorofluorocarbon (HCFC) ","SEFR (netzerohub.sg) | National Environment Agency (NEA), Singapore | IPCC Fifth Assessment Report | AR5",2013-01-01,
178,gwp,r_407b_10_hfc_32_70_hfc_125_20_hfc_134a,,2546.700000,kgCO2e/kg,"R-407B (10% HFC-32; 70% HFC-125; 20% HFC-134a) | This is the Global Warming Potential (GWP) of the associated Greenhouse Gas (GHG) contained in the refrigerant blend that is reportable under the United Nations Framework Convention on Climate Change (UNFCCC), following IPCC Fifth Assessment Report (AR5) ""Climate Change 2013: The Physical Science Basis"". | Boundary incl:  | excl: Hydrochlorofluoroca","SEFR (netzerohub.sg) | National Environment Agency (NEA), Singapore | IPCC Fifth Assessment Report | AR5",2013-01-01,
179,gwp,r_422d_65_1_hfc_125_31_5_hfc_134a,,2473.170000,kgCO2e/kg,"R-422D (65.1% HFC-125; 31.5% HFC-134a) | This is the Global Warming Potential (GWP) of the associated Greenhouse Gas (GHG) contained in the refrigerant blend that is reportable under the United Nations Framework Convention on Climate Change (UNFCCC), following IPCC Fifth Assessment Report (AR5) ""Climate Change 2013: The Physical Science Basis"". | Boundary incl:  | excl: Hydrochlorofluorocarbon (HC","SEFR (netzerohub.sg) | National Environment Agency (NEA), Singapore | IPCC Fifth Assessment Report | AR5",2013-01-01,
180,gwp,r_407e_25_hfc_32_15_hfc_125_60_hfc_134a,,1424.750000,kgCO2e/kg,"R-407E (25% HFC-32; 15% HFC-125; 60% HFC-134a) | This is the Global Warming Potential (GWP) of the associated Greenhouse Gas (GHG) contained in the refrigerant blend that is reportable under the United Nations Framework Convention on Climate Change (UNFCCC), following IPCC Fifth Assessment Report (AR5) ""Climate Change 2013: The Physical Science Basis"". | Boundary incl:  | excl: Hydrochlorofluoroca","SEFR (netzerohub.sg) | National Environment Agency (NEA), Singapore | IPCC Fifth Assessment Report | AR5",2013-01-01,
181,gwp,r_415b_75_hfc_152a,,103.500000,kgCO2e/kg,"R-415B (75% HFC-152a) | This is the Global Warming Potential (GWP) of the associated Greenhouse Gas (GHG) contained in the refrigerant blend that is reportable under the United Nations Framework Convention on Climate Change (UNFCCC), following IPCC Fifth Assessment Report (AR5) ""Climate Change 2013: The Physical Science Basis"". | Boundary incl:  | excl: Hydrochlorofluorocarbon (HCFC) component in ","SEFR (netzerohub.sg) | National Environment Agency (NEA), Singapore | IPCC Fifth Assessment Report | AR5",2013-01-01,
182,gwp,hfc_143_ch2fchf2,,328.000000,kgCO2e/kg,"HFC-143 (CH2FCHF2) | This is the Global Warming Potential (GWP) of the associated Greenhouse Gas (GHG), following IPCC Fifth Assessment Report (AR5) ""Climate Change 2013: The Physical Science Basis"". | Boundary incl:  | excl: ","SEFR (netzerohub.sg) | National Environment Agency (NEA), Singapore | IPCC Fifth Assessment Report | AR5",2013-01-01,
214,gwp,pfc_218_c3f8,,8900.000000,kgCO2e/kg,"PFC-218 (C3F8) | This is the Global Warming Potential (GWP) of the associated Greenhouse Gas (GHG), following IPCC Fifth Assessment Report (AR5) ""Climate Change 2013: The Physical Science Basis"". | Boundary incl:  | excl: ","SEFR (netzerohub.sg) | National Environment Agency (NEA), Singapore | IPCC Fifth Assessment Report | AR5",2013-01-01,
184,gwp,r_438a_8_5_hfc_32_45_hfc_125_44_2_hfc_134a,,2058.645000,kgCO2e/kg,"R-438A (8.5% HFC-32; 45% HFC-125; 44.2% HFC-134a) | This is the Global Warming Potential (GWP) of the associated Greenhouse Gas (GHG) contained in the refrigerant blend that is reportable under the United Nations Framework Convention on Climate Change (UNFCCC), following IPCC Fifth Assessment Report (AR5) ""Climate Change 2013: The Physical Science Basis"". | Boundary incl:  | excl: Hydrochlorofluor","SEFR (netzerohub.sg) | National Environment Agency (NEA), Singapore | IPCC Fifth Assessment Report | AR5",2013-01-01,
185,gwp,r_410b_45_hfc_32_55_hfc_125,,2048.150000,kgCO2e/kg,"R-410B (45% HFC-32; 55% HFC-125) | This is the Global Warming Potential (GWP) of the associated Greenhouse Gas (GHG) contained in the refrigerant blend that is reportable under the United Nations Framework Convention on Climate Change (UNFCCC), following IPCC Fifth Assessment Report (AR5) ""Climate Change 2013: The Physical Science Basis"". | Boundary incl:  | excl: Hydrochlorofluorocarbon (HCFC) co","SEFR (netzerohub.sg) | National Environment Agency (NEA), Singapore | IPCC Fifth Assessment Report | AR5",2013-01-01,
186,gwp,hfc_245ca_ch2fcf2chf2,,716.000000,kgCO2e/kg,"HFC-245ca (CH2FCF2CHF2) | This is the Global Warming Potential (GWP) of the associated Greenhouse Gas (GHG), following IPCC Fifth Assessment Report (AR5) ""Climate Change 2013: The Physical Science Basis"". | Boundary incl:  | excl: ","SEFR (netzerohub.sg) | National Environment Agency (NEA), Singapore | IPCC Fifth Assessment Report | AR5",2013-01-01,
187,gwp,r_503_40_1_hfc_23,,4972.400000,kgCO2e/kg,"R-503 (40.1% HFC-23) | This is the Global Warming Potential (GWP) of the associated Greenhouse Gas (GHG) contained in the refrigerant blend that is reportable under the United Nations Framework Convention on Climate Change (UNFCCC), following IPCC Fifth Assessment Report (AR5) ""Climate Change 2013: The Physical Science Basis"". | Boundary incl:  | excl: Hydrochlorofluorocarbon (HCFC) component in t","SEFR (netzerohub.sg) | National Environment Agency (NEA), Singapore | IPCC Fifth Assessment Report | AR5",2013-01-01,
188,gwp,r_422c_82_hfc_125_15_hfc_134a,,2794.400000,kgCO2e/kg,"R-422C (82% HFC-125; 15% HFC-134a) | This is the Global Warming Potential (GWP) of the associated Greenhouse Gas (GHG) contained in the refrigerant blend that is reportable under the United Nations Framework Convention on Climate Change (UNFCCC), following IPCC Fifth Assessment Report (AR5) ""Climate Change 2013: The Physical Science Basis"". | Boundary incl:  | excl: Hydrochlorofluorocarbon (HCFC) ","SEFR (netzerohub.sg) | National Environment Agency (NEA), Singapore | IPCC Fifth Assessment Report | AR5",2013-01-01,
189,gwp,hfc_134a_ch2fcf3,,1300.000000,kgCO2e/kg,"HFC-134a (CH2FCF3) | This is the Global Warming Potential (GWP) of the associated Greenhouse Gas (GHG), following IPCC Fifth Assessment Report (AR5) ""Climate Change 2013: The Physical Science Basis"". | Boundary incl:  | excl: ","SEFR (netzerohub.sg) | National Environment Agency (NEA), Singapore | IPCC Fifth Assessment Report | AR5",2013-01-01,
190,gwp,z_hfc_1336_cf3ch_chcf3_z,,2.000000,kgCO2e/kg,"(Z)-HFC-1336 (CF3CH=CHCF3(Z)) | This is the Global Warming Potential (GWP) of the associated Greenhouse Gas (GHG), following IPCC Fifth Assessment Report (AR5) ""Climate Change 2013: The Physical Science Basis"". | Boundary incl:  | excl: ","SEFR (netzerohub.sg) | National Environment Agency (NEA), Singapore | IPCC Fifth Assessment Report | AR5",2013-01-01,
191,gwp,hfc_236ea_chf2chfcf3,,1330.000000,kgCO2e/kg,"HFC-236ea (CHF2CHFCF3) | This is the Global Warming Potential (GWP) of the associated Greenhouse Gas (GHG), following IPCC Fifth Assessment Report (AR5) ""Climate Change 2013: The Physical Science Basis"". | Boundary incl:  | excl: ","SEFR (netzerohub.sg) | National Environment Agency (NEA), Singapore | IPCC Fifth Assessment Report | AR5",2013-01-01,
192,gwp,3_3_4_4_5_5_6_6_7_7_8_8_8_tridecafluorooct_1_ene_c6f13ch_ch2,,1.000000,kgCO2e/kg,"3,3,4,4,5,5,6,6,7,7,8,8,8-Tridecafluorooct-1-ene (C6F13CH=CH2) | This is the Global Warming Potential (GWP) of the associated Greenhouse Gas (GHG), following IPCC Fifth Assessment Report (AR5) ""Climate Change 2013: The Physical Science Basis"". | Boundary incl:  | excl: ","SEFR (netzerohub.sg) | National Environment Agency (NEA), Singapore | IPCC Fifth Assessment Report | AR5",2013-01-01,
193,gwp,r_407a_20_hfc_32_40_hfc_125_40_hfc_134a,,1923.400000,kgCO2e/kg,"R-407A (20% HFC-32; 40% HFC-125; 40% HFC-134a) | This is the Global Warming Potential (GWP) of the associated Greenhouse Gas (GHG) contained in the refrigerant blend that is reportable under the United Nations Framework Convention on Climate Change (UNFCCC), following IPCC Fifth Assessment Report (AR5) ""Climate Change 2013: The Physical Science Basis"". | Boundary incl:  | excl: Hydrochlorofluoroca","SEFR (netzerohub.sg) | National Environment Agency (NEA), Singapore | IPCC Fifth Assessment Report | AR5",2013-01-01,
194,gwp,r_418a_2_5_hfc_152a,,3.450000,kgCO2e/kg,"R-418A (2.5% HFC-152a) | This is the Global Warming Potential (GWP) of the associated Greenhouse Gas (GHG) contained in the refrigerant blend that is reportable under the United Nations Framework Convention on Climate Change (UNFCCC), following IPCC Fifth Assessment Report (AR5) ""Climate Change 2013: The Physical Science Basis"". | Boundary incl:  | excl: Hydrochlorofluorocarbon (HCFC) component in","SEFR (netzerohub.sg) | National Environment Agency (NEA), Singapore | IPCC Fifth Assessment Report | AR5",2013-01-01,
195,gwp,r_408a_7_hfc_125_46_hfc_143a,,2429.900000,kgCO2e/kg,"R-408A (7%  HFC-125; 46% HFC-143a) | This is the Global Warming Potential (GWP) of the associated Greenhouse Gas (GHG) contained in the refrigerant blend that is reportable under the United Nations Framework Convention on Climate Change (UNFCCC), following IPCC Fifth Assessment Report (AR5) ""Climate Change 2013: The Physical Science Basis"". | Boundary incl:  | excl: Hydrochlorofluorocarbon (HCFC) ","SEFR (netzerohub.sg) | National Environment Agency (NEA), Singapore | IPCC Fifth Assessment Report | AR5",2013-01-01,
196,gwp,hfc_41_ch3f,,116.000000,kgCO2e/kg,"HFC-41 (CH3F) | This is the Global Warming Potential (GWP) of the associated Greenhouse Gas (GHG), following IPCC Fifth Assessment Report (AR5) ""Climate Change 2013: The Physical Science Basis"". | Boundary incl:  | excl: ","SEFR (netzerohub.sg) | National Environment Agency (NEA), Singapore | IPCC Fifth Assessment Report | AR5",2013-01-01,
197,gwp,r_452a_11_hfc_32_59_hfc_125_30_hfc_1234yf,,1945.070000,kgCO2e/kg,"R-452A (11% HFC-32; 59% HFC-125; 30% HFC-1234yf) | This is the Global Warming Potential (GWP) of the associated Greenhouse Gas (GHG) contained in the refrigerant blend that is reportable under the United Nations Framework Convention on Climate Change (UNFCCC), following IPCC Fifth Assessment Report (AR5) ""Climate Change 2013: The Physical Science Basis"". | Boundary incl:  | excl: Hydrochlorofluoro","SEFR (netzerohub.sg) | National Environment Agency (NEA), Singapore | IPCC Fifth Assessment Report | AR5",2013-01-01,
198,gwp,perfluorodecalin_trans_e_c10f18,,6290.000000,kgCO2e/kg,"Perfluorodecalin (trans) (E-C10F18) | This is the Global Warming Potential (GWP) of the associated Greenhouse Gas (GHG), following IPCC Fifth Assessment Report (AR5) ""Climate Change 2013: The Physical Science Basis"". | Boundary incl:  | excl: ","SEFR (netzerohub.sg) | National Environment Agency (NEA), Singapore | IPCC Fifth Assessment Report | AR5",2013-01-01,
199,gwp,hfc_365mfc_ch3cf2ch2cf3,,804.000000,kgCO2e/kg,"HFC-365mfc (CH3CF2CH2CF3) | This is the Global Warming Potential (GWP) of the associated Greenhouse Gas (GHG), following IPCC Fifth Assessment Report (AR5) ""Climate Change 2013: The Physical Science Basis"". | Boundary incl:  | excl: ","SEFR (netzerohub.sg) | National Environment Agency (NEA), Singapore | IPCC Fifth Assessment Report | AR5",2013-01-01,
200,gwp,r_403b_39_pfc_218,,3471.000000,kgCO2e/kg,"R-403B (39% PFC-218) | This is the Global Warming Potential (GWP) of the associated Greenhouse Gas (GHG) contained in the refrigerant blend that is reportable under the United Nations Framework Convention on Climate Change (UNFCCC), following IPCC Fifth Assessment Report (AR5) ""Climate Change 2013: The Physical Science Basis"". | Boundary incl:  | excl: Hydrochlorofluorocarbon (HCFC) component in t","SEFR (netzerohub.sg) | National Environment Agency (NEA), Singapore | IPCC Fifth Assessment Report | AR5",2013-01-01,
201,gwp,r_401b_11_hfc_152a,,15.180000,kgCO2e/kg,"R-401B (11% HFC-152a) | This is the Global Warming Potential (GWP) of the associated Greenhouse Gas (GHG) contained in the refrigerant blend that is reportable under the United Nations Framework Convention on Climate Change (UNFCCC), following IPCC Fifth Assessment Report (AR5) ""Climate Change 2013: The Physical Science Basis"". | Boundary incl:  | excl: Hydrochlorofluorocarbon (HCFC) component in ","SEFR (netzerohub.sg) | National Environment Agency (NEA), Singapore | IPCC Fifth Assessment Report | AR5",2013-01-01,
202,gwp,hfc_227ca_cf3cf2chf2,,2640.000000,kgCO2e/kg,"HFC-227ca (CF3CF2CHF2) | This is the Global Warming Potential (GWP) of the associated Greenhouse Gas (GHG), following IPCC Fifth Assessment Report (AR5) ""Climate Change 2013: The Physical Science Basis"". | Boundary incl:  | excl: ","SEFR (netzerohub.sg) | National Environment Agency (NEA), Singapore | IPCC Fifth Assessment Report | AR5",2013-01-01,
203,gwp,r_500_26_2_hfc_152a,,36.156000,kgCO2e/kg,"R-500 (26.2% HFC-152a) | This is the Global Warming Potential (GWP) of the associated Greenhouse Gas (GHG) contained in the refrigerant blend that is reportable under the United Nations Framework Convention on Climate Change (UNFCCC), following IPCC Fifth Assessment Report (AR5) ""Climate Change 2013: The Physical Science Basis"". | Boundary incl:  | excl: Hydrochlorofluorocarbon (HCFC) component in","SEFR (netzerohub.sg) | National Environment Agency (NEA), Singapore | IPCC Fifth Assessment Report | AR5",2013-01-01,
204,gwp,hfc_245eb_ch2fchfcf3,,290.000000,kgCO2e/kg,"HFC-245eb (CH2FCHFCF3) | This is the Global Warming Potential (GWP) of the associated Greenhouse Gas (GHG), following IPCC Fifth Assessment Report (AR5) ""Climate Change 2013: The Physical Science Basis"". | Boundary incl:  | excl: ","SEFR (netzerohub.sg) | National Environment Agency (NEA), Singapore | IPCC Fifth Assessment Report | AR5",2013-01-01,
205,gwp,r_420a_88_hfc_134a,,1144.000000,kgCO2e/kg,"R-420A (88% HFC-134a) | This is the Global Warming Potential (GWP) of the associated Greenhouse Gas (GHG) contained in the refrigerant blend that is reportable under the United Nations Framework Convention on Climate Change (UNFCCC), following IPCC Fifth Assessment Report (AR5) ""Climate Change 2013: The Physical Science Basis"". | Boundary incl:  | excl: Hydrochlorofluorocarbon (HCFC) component in ","SEFR (netzerohub.sg) | National Environment Agency (NEA), Singapore | IPCC Fifth Assessment Report | AR5",2013-01-01,
206,gwp,hfc_1243zf_cf3ch_ch2,,1.000000,kgCO2e/kg,"HFC-1243zf (CF3CH=CH2) | This is the Global Warming Potential (GWP) of the associated Greenhouse Gas (GHG), following IPCC Fifth Assessment Report (AR5) ""Climate Change 2013: The Physical Science Basis"". | Boundary incl:  | excl: ","SEFR (netzerohub.sg) | National Environment Agency (NEA), Singapore | IPCC Fifth Assessment Report | AR5",2013-01-01,
207,gwp,r_412a_5_pfc_218,,445.000000,kgCO2e/kg,"R-412A (5% PFC-218) | This is the Global Warming Potential (GWP) of the associated Greenhouse Gas (GHG) contained in the refrigerant blend that is reportable under the United Nations Framework Convention on Climate Change (UNFCCC), following IPCC Fifth Assessment Report (AR5) ""Climate Change 2013: The Physical Science Basis"". | Boundary incl:  | excl: Hydrochlorofluorocarbon (HCFC) component in th","SEFR (netzerohub.sg) | National Environment Agency (NEA), Singapore | IPCC Fifth Assessment Report | AR5",2013-01-01,
208,gwp,hfc_272ca_ch3cf2ch3,,144.000000,kgCO2e/kg,"HFC-272ca (CH3CF2CH3) | This is the Global Warming Potential (GWP) of the associated Greenhouse Gas (GHG), following IPCC Fifth Assessment Report (AR5) ""Climate Change 2013: The Physical Science Basis"". | Boundary incl:  | excl: ","SEFR (netzerohub.sg) | National Environment Agency (NEA), Singapore | IPCC Fifth Assessment Report | AR5",2013-01-01,
209,gwp,hfc_1141_ch2_chf,,1.000000,kgCO2e/kg,"HFC-1141 (CH2=CHF) | This is the Global Warming Potential (GWP) of the associated Greenhouse Gas (GHG), following IPCC Fifth Assessment Report (AR5) ""Climate Change 2013: The Physical Science Basis"". | Boundary incl:  | excl: ","SEFR (netzerohub.sg) | National Environment Agency (NEA), Singapore | IPCC Fifth Assessment Report | AR5",2013-01-01,
210,gwp,r_411c_1_5_hfc_152a,,2.070000,kgCO2e/kg,"R-411C (1.5% HFC-152a) | This is the Global Warming Potential (GWP) of the associated Greenhouse Gas (GHG) contained in the refrigerant blend that is reportable under the United Nations Framework Convention on Climate Change (UNFCCC), following IPCC Fifth Assessment Report (AR5) ""Climate Change 2013: The Physical Science Basis"". | Boundary incl:  | excl: Hydrochlorofluorocarbon (HCFC) component in","SEFR (netzerohub.sg) | National Environment Agency (NEA), Singapore | IPCC Fifth Assessment Report | AR5",2013-01-01,
211,gwp,r_407d_15_hfc_32_15_hfc_125_70_hfc_134a,,1487.050000,kgCO2e/kg,"R-407D (15% HFC-32; 15% HFC-125; 70% HFC-134a) | This is the Global Warming Potential (GWP) of the associated Greenhouse Gas (GHG) contained in the refrigerant blend that is reportable under the United Nations Framework Convention on Climate Change (UNFCCC), following IPCC Fifth Assessment Report (AR5) ""Climate Change 2013: The Physical Science Basis"". | Boundary incl:  | excl: Hydrochlorofluoroca","SEFR (netzerohub.sg) | National Environment Agency (NEA), Singapore | IPCC Fifth Assessment Report | AR5",2013-01-01,
212,gwp,sulphur_hexafluoride_sf6,,23500.000000,kgCO2e/kg,"Sulphur hexafluoride (SF6) | This is the Global Warming Potential (GWP) of the associated Greenhouse Gas (GHG), following IPCC Fifth Assessment Report (AR5) ""Climate Change 2013: The Physical Science Basis"". | Boundary incl:  | excl: ","SEFR (netzerohub.sg) | National Environment Agency (NEA), Singapore | IPCC Fifth Assessment Report | AR5",2013-01-01,
213,gwp,3_3_4_4_5_5_6_6_7_7_8_8_9_9_10_10_10_heptadecafluorodec_1_en,,1.000000,kgCO2e/kg,"3,3,4,4,5,5,6,6,7,7,8,8,9,9,10,10,10-Heptadecafluorodec-1-ene  (C8F17CH=CH2) | This is the Global Warming Potential (GWP) of the associated Greenhouse Gas (GHG), following IPCC Fifth Assessment Report (AR5) ""Climate Change 2013: The Physical Science Basis"". | Boundary incl:  | excl: ","SEFR (netzerohub.sg) | National Environment Agency (NEA), Singapore | IPCC Fifth Assessment Report | AR5",2013-01-01,
215,gwp,r_421a_58_hfc_125_42_hfc_134a,,2384.600000,kgCO2e/kg,"R-421A (58% HFC-125; 42% HFC-134a) | This is the Global Warming Potential (GWP) of the associated Greenhouse Gas (GHG) contained in the refrigerant blend that is reportable under the United Nations Framework Convention on Climate Change (UNFCCC), following IPCC Fifth Assessment Report (AR5) ""Climate Change 2013: The Physical Science Basis"". | Boundary incl:  | excl: Hydrochlorofluorocarbon (HCFC) ","SEFR (netzerohub.sg) | National Environment Agency (NEA), Singapore | IPCC Fifth Assessment Report | AR5",2013-01-01,
216,gwp,hfc_329p_chf2cf2cf2cf3,,2360.000000,kgCO2e/kg,"HFC-329p (CHF2CF2CF2CF3) | This is the Global Warming Potential (GWP) of the associated Greenhouse Gas (GHG), following IPCC Fifth Assessment Report (AR5) ""Climate Change 2013: The Physical Science Basis"". | Boundary incl:  | excl: ","SEFR (netzerohub.sg) | National Environment Agency (NEA), Singapore | IPCC Fifth Assessment Report | AR5",2013-01-01,
217,gwp,perfluorobut_1_ene_cf3cf2cf_cf2,,1.000000,kgCO2e/kg,"Perfluorobut-1-ene (CF3CF2CF=CF2) | This is the Global Warming Potential (GWP) of the associated Greenhouse Gas (GHG), following IPCC Fifth Assessment Report (AR5) ""Climate Change 2013: The Physical Science Basis"". | Boundary incl:  | excl: ","SEFR (netzerohub.sg) | National Environment Agency (NEA), Singapore | IPCC Fifth Assessment Report | AR5",2013-01-01,
218,gwp,r_427a_15_hfc_32_25_hfc_125_10_hfc_143a_50_hfc_134a,,2024.050000,kgCO2e/kg,"R-427A (15% HFC-32; 25% HFC-125; 10% HFC-143a; 50% HFC-134a) | This is the Global Warming Potential (GWP) of the associated Greenhouse Gas (GHG) contained in the refrigerant blend that is reportable under the United Nations Framework Convention on Climate Change (UNFCCC), following IPCC Fifth Assessment Report (AR5) ""Climate Change 2013: The Physical Science Basis"". | Boundary incl:  | excl: Hydro","SEFR (netzerohub.sg) | National Environment Agency (NEA), Singapore | IPCC Fifth Assessment Report | AR5",2013-01-01,
219,gwp,nitrous_oxide_n2o,,265.000000,kgCO2e/kg,"Nitrous oxide (N2O) | This is the Global Warming Potential (GWP) of the associated Greenhouse Gas (GHG), following IPCC Fifth Assessment Report (AR5) ""Climate Change 2013: The Physical Science Basis"". | Boundary incl:  | excl: ","SEFR (netzerohub.sg) | National Environment Agency (NEA), Singapore | IPCC Fifth Assessment Report | AR5",2013-01-01,
220,gwp,r_416a_59_hfc_134a,,767.000000,kgCO2e/kg,"R-416A (59% HFC-134a) | This is the Global Warming Potential (GWP) of the associated Greenhouse Gas (GHG) contained in the refrigerant blend that is reportable under the United Nations Framework Convention on Climate Change (UNFCCC), following IPCC Fifth Assessment Report (AR5) ""Climate Change 2013: The Physical Science Basis"". | Boundary incl:  | excl: Hydrochlorofluorocarbon (HCFC) component in ","SEFR (netzerohub.sg) | National Environment Agency (NEA), Singapore | IPCC Fifth Assessment Report | AR5",2013-01-01,
221,gwp,pfc_318_c_c4f8,,9540.000000,kgCO2e/kg,"PFC-318 (c-C4F8) | This is the Global Warming Potential (GWP) of the associated Greenhouse Gas (GHG), following IPCC Fifth Assessment Report (AR5) ""Climate Change 2013: The Physical Science Basis"". | Boundary incl:  | excl: ","SEFR (netzerohub.sg) | National Environment Agency (NEA), Singapore | IPCC Fifth Assessment Report | AR5",2013-01-01,
222,gwp,perfluorobut_2_ene_cf3cf_cfcf3,,2.000000,kgCO2e/kg,"Perfluorobut-2-ene (CF3CF=CFCF3) | This is the Global Warming Potential (GWP) of the associated Greenhouse Gas (GHG), following IPCC Fifth Assessment Report (AR5) ""Climate Change 2013: The Physical Science Basis"". | Boundary incl:  | excl: ","SEFR (netzerohub.sg) | National Environment Agency (NEA), Singapore | IPCC Fifth Assessment Report | AR5",2013-01-01,
223,gwp,pfc_116_c2f6,,11100.000000,kgCO2e/kg,"PFC-116 (C2F6) | This is the Global Warming Potential (GWP) of the associated Greenhouse Gas (GHG), following IPCC Fifth Assessment Report (AR5) ""Climate Change 2013: The Physical Science Basis"". | Boundary incl:  | excl: ","SEFR (netzerohub.sg) | National Environment Agency (NEA), Singapore | IPCC Fifth Assessment Report | AR5",2013-01-01,
224,gwp,pfc_71_18_c8f18,,7620.000000,kgCO2e/kg,"PFC-71-18 (C8F18) | This is the Global Warming Potential (GWP) of the associated Greenhouse Gas (GHG), following IPCC Fifth Assessment Report (AR5) ""Climate Change 2013: The Physical Science Basis"". | Boundary incl:  | excl: ","SEFR (netzerohub.sg) | National Environment Agency (NEA), Singapore | IPCC Fifth Assessment Report | AR5",2013-01-01,
225,gwp,r_410a_50_hfc_32_50_hfc_125,,1923.500000,kgCO2e/kg,"R-410A (50% HFC-32; 50% HFC-125) | This is the Global Warming Potential (GWP) of the associated Greenhouse Gas (GHG) contained in the refrigerant blend that is reportable under the United Nations Framework Convention on Climate Change (UNFCCC), following IPCC Fifth Assessment Report (AR5) ""Climate Change 2013: The Physical Science Basis"". | Boundary incl:  | excl: Hydrochlorofluorocarbon (HCFC) co","SEFR (netzerohub.sg) | National Environment Agency (NEA), Singapore | IPCC Fifth Assessment Report | AR5",2013-01-01,
226,gwp,pfc_14_cf4,,6630.000000,kgCO2e/kg,"PFC-14 (CF4) | This is the Global Warming Potential (GWP) of the associated Greenhouse Gas (GHG), following IPCC Fifth Assessment Report (AR5) ""Climate Change 2013: The Physical Science Basis"". | Boundary incl:  | excl: ","SEFR (netzerohub.sg) | National Environment Agency (NEA), Singapore | IPCC Fifth Assessment Report | AR5",2013-01-01,
227,gwp,hfc_125_chf2cf3,,3170.000000,kgCO2e/kg,"HFC-125 (CHF2CF3) | This is the Global Warming Potential (GWP) of the associated Greenhouse Gas (GHG), following IPCC Fifth Assessment Report (AR5) ""Climate Change 2013: The Physical Science Basis"". | Boundary incl:  | excl: ","SEFR (netzerohub.sg) | National Environment Agency (NEA), Singapore | IPCC Fifth Assessment Report | AR5",2013-01-01,
228,gwp,r_415a_18_hfc_152a,,24.840000,kgCO2e/kg,"R-415A (18% HFC-152a) | This is the Global Warming Potential (GWP) of the associated Greenhouse Gas (GHG) contained in the refrigerant blend that is reportable under the United Nations Framework Convention on Climate Change (UNFCCC), following IPCC Fifth Assessment Report (AR5) ""Climate Change 2013: The Physical Science Basis"". | Boundary incl:  | excl: Hydrochlorofluorocarbon (HCFC) component in ","SEFR (netzerohub.sg) | National Environment Agency (NEA), Singapore | IPCC Fifth Assessment Report | AR5",2013-01-01,
229,gwp,pfc_1216_cf3cf_cf2,,1.000000,kgCO2e/kg,"PFC-1216 (CF3CF=CF2) | This is the Global Warming Potential (GWP) of the associated Greenhouse Gas (GHG), following IPCC Fifth Assessment Report (AR5) ""Climate Change 2013: The Physical Science Basis"". | Boundary incl:  | excl: ","SEFR (netzerohub.sg) | National Environment Agency (NEA), Singapore | IPCC Fifth Assessment Report | AR5",2013-01-01,
230,gwp,r_404a_44_hfc_125_52_hfc_143a_4_hfc_134a,,3942.800000,kgCO2e/kg,"R-404A (44% HFC-125; 52% HFC -143a; 4% HFC-134a) | This is the Global Warming Potential (GWP) of the associated Greenhouse Gas (GHG) contained in the refrigerant blend that is reportable under the United Nations Framework Convention on Climate Change (UNFCCC), following IPCC Fifth Assessment Report (AR5) ""Climate Change 2013: The Physical Science Basis"". | Boundary incl:  | excl: Hydrochlorofluoro","SEFR (netzerohub.sg) | National Environment Agency (NEA), Singapore | IPCC Fifth Assessment Report | AR5",2013-01-01,
231,gwp,methane_ch4,,28.000000,kgCO2e/kg,"Methane (CH4) | This is the Global Warming Potential (GWP) of the associated Greenhouse Gas (GHG), following IPCC Fifth Assessment Report (AR5) ""Climate Change 2013: The Physical Science Basis"". | Boundary incl:  | excl: ","SEFR (netzerohub.sg) | National Environment Agency (NEA), Singapore | IPCC Fifth Assessment Report | AR5",2013-01-01,
232,gwp,perfluorocyclopentene_c_c5f8,,2.000000,kgCO2e/kg,"Perfluorocyclopentene (c-C5F8) | This is the Global Warming Potential (GWP) of the associated Greenhouse Gas (GHG), following IPCC Fifth Assessment Report (AR5) ""Climate Change 2013: The Physical Science Basis"". | Boundary incl:  | excl: ","SEFR (netzerohub.sg) | National Environment Agency (NEA), Singapore | IPCC Fifth Assessment Report | AR5",2013-01-01,
233,gwp,r_421b_85_hfc_125_15_hfc_134a,,2889.500000,kgCO2e/kg,"R-421B (85% HFC-125; 15% HFC-134a) | This is the Global Warming Potential (GWP) of the associated Greenhouse Gas (GHG) contained in the refrigerant blend that is reportable under the United Nations Framework Convention on Climate Change (UNFCCC), following IPCC Fifth Assessment Report (AR5) ""Climate Change 2013: The Physical Science Basis"". | Boundary incl:  | excl: Hydrochlorofluorocarbon (HCFC) ","SEFR (netzerohub.sg) | National Environment Agency (NEA), Singapore | IPCC Fifth Assessment Report | AR5",2013-01-01,
234,gwp,r_449a_24_3_hfc_32_24_7_hfc_125_25_7_hfc_134a_25_3_hfc_1234y,,1281.854000,kgCO2e/kg,"R-449A (24.3% HFC-32; 24.7% HFC-125; 25.7% HFC-134a; 25.3% HFC-1234yf) | This is the Global Warming Potential (GWP) of the associated Greenhouse Gas (GHG) contained in the refrigerant blend that is reportable under the United Nations Framework Convention on Climate Change (UNFCCC), following IPCC Fifth Assessment Report (AR5) ""Climate Change 2013: The Physical Science Basis"". | Boundary incl:  | e","SEFR (netzerohub.sg) | National Environment Agency (NEA), Singapore | IPCC Fifth Assessment Report | AR5",2013-01-01,
235,gwp,hfc_143a_ch3cf3,,4800.000000,kgCO2e/kg,"HFC-143a (CH3CF3) | This is the Global Warming Potential (GWP) of the associated Greenhouse Gas (GHG), following IPCC Fifth Assessment Report (AR5) ""Climate Change 2013: The Physical Science Basis"". | Boundary incl:  | excl: ","SEFR (netzerohub.sg) | National Environment Agency (NEA), Singapore | IPCC Fifth Assessment Report | AR5",2013-01-01,
236,gwp,r_417a_46_6_hfc_125_50_hfc_134a,,2127.220000,kgCO2e/kg,"R-417A (46.6% HFC-125; 50% HFC-134a) | This is the Global Warming Potential (GWP) of the associated Greenhouse Gas (GHG) contained in the refrigerant blend that is reportable under the United Nations Framework Convention on Climate Change (UNFCCC), following IPCC Fifth Assessment Report (AR5) ""Climate Change 2013: The Physical Science Basis"". | Boundary incl:  | excl: Hydrochlorofluorocarbon (HCFC","SEFR (netzerohub.sg) | National Environment Agency (NEA), Singapore | IPCC Fifth Assessment Report | AR5",2013-01-01,
237,gwp,r_407c_23_hfc_32_25_hfc_125_52_hfc_134a,,1624.210000,kgCO2e/kg,"R-407C (23% HFC-32; 25% HFC-125; 52% HFC-134a) | This is the Global Warming Potential (GWP) of the associated Greenhouse Gas (GHG) contained in the refrigerant blend that is reportable under the United Nations Framework Convention on Climate Change (UNFCCC), following IPCC Fifth Assessment Report (AR5) ""Climate Change 2013: The Physical Science Basis"". | Boundary incl:  | excl: Hydrochlorofluoroca","SEFR (netzerohub.sg) | National Environment Agency (NEA), Singapore | IPCC Fifth Assessment Report | AR5",2013-01-01,
238,gwp,hfc_1345zfc_c2f5ch_ch2,,1.000000,kgCO2e/kg,"HFC-1345zfc (C2F5CH=CH2) | This is the Global Warming Potential (GWP) of the associated Greenhouse Gas (GHG), following IPCC Fifth Assessment Report (AR5) ""Climate Change 2013: The Physical Science Basis"". | Boundary incl:  | excl: ","SEFR (netzerohub.sg) | National Environment Agency (NEA), Singapore | IPCC Fifth Assessment Report | AR5",2013-01-01,
239,gwp,hfc_1132a_ch2_cf2,,1.000000,kgCO2e/kg,"HFC-1132a (CH2=CF2) | This is the Global Warming Potential (GWP) of the associated Greenhouse Gas (GHG), following IPCC Fifth Assessment Report (AR5) ""Climate Change 2013: The Physical Science Basis"". | Boundary incl:  | excl: ","SEFR (netzerohub.sg) | National Environment Agency (NEA), Singapore | IPCC Fifth Assessment Report | AR5",2013-01-01,
240,gwp,hfc_245ea_chf2chfchf2,,235.000000,kgCO2e/kg,"HFC-245ea (CHF2CHFCHF2) | This is the Global Warming Potential (GWP) of the associated Greenhouse Gas (GHG), following IPCC Fifth Assessment Report (AR5) ""Climate Change 2013: The Physical Science Basis"". | Boundary incl:  | excl: ","SEFR (netzerohub.sg) | National Environment Agency (NEA), Singapore | IPCC Fifth Assessment Report | AR5",2013-01-01,
241,gwp,r_411b_3_hfc_152a,,4.140000,kgCO2e/kg,"R-411B (3% HFC-152a) | This is the Global Warming Potential (GWP) of the associated Greenhouse Gas (GHG) contained in the refrigerant blend that is reportable under the United Nations Framework Convention on Climate Change (UNFCCC), following IPCC Fifth Assessment Report (AR5) ""Climate Change 2013: The Physical Science Basis"". | Boundary incl:  | excl: Hydrochlorofluorocarbon (HCFC) component in t","SEFR (netzerohub.sg) | National Environment Agency (NEA), Singapore | IPCC Fifth Assessment Report | AR5",2013-01-01,
242,gwp,hfc_23_chf3,,12400.000000,kgCO2e/kg,"HFC-23 (CHF3) | This is the Global Warming Potential (GWP) of the associated Greenhouse Gas (GHG), following IPCC Fifth Assessment Report (AR5) ""Climate Change 2013: The Physical Science Basis"". | Boundary incl:  | excl: ","SEFR (netzerohub.sg) | National Environment Agency (NEA), Singapore | IPCC Fifth Assessment Report | AR5",2013-01-01,
243,gwp,r_411a_11_hfc_152a,,15.180000,kgCO2e/kg,"R-411A (11% HFC-152a) | This is the Global Warming Potential (GWP) of the associated Greenhouse Gas (GHG) contained in the refrigerant blend that is reportable under the United Nations Framework Convention on Climate Change (UNFCCC), following IPCC Fifth Assessment Report (AR5) ""Climate Change 2013: The Physical Science Basis"". | Boundary incl:  | excl: Hydrochlorofluorocarbon (HCFC) component in ","SEFR (netzerohub.sg) | National Environment Agency (NEA), Singapore | IPCC Fifth Assessment Report | AR5",2013-01-01,
244,gwp,r_401a_13_hfc_152a,,17.940000,kgCO2e/kg,"R-401A (13% HFC-152a) | This is the Global Warming Potential (GWP) of the associated Greenhouse Gas (GHG) contained in the refrigerant blend that is reportable under the United Nations Framework Convention on Climate Change (UNFCCC), following IPCC Fifth Assessment Report (AR5) ""Climate Change 2013: The Physical Science Basis"". | Boundary incl:  | excl: Hydrochlorofluorocarbon (HCFC) component in ","SEFR (netzerohub.sg) | National Environment Agency (NEA), Singapore | IPCC Fifth Assessment Report | AR5",2013-01-01,
245,gwp,e_hfc_1234ze_trans_cf3ch_chf,,1.000000,kgCO2e/kg,"(E)-HFC-1234ze (trans-CF3CH=CHF) | This is the Global Warming Potential (GWP) of the associated Greenhouse Gas (GHG), following IPCC Fifth Assessment Report (AR5) ""Climate Change 2013: The Physical Science Basis"". | Boundary incl:  | excl: ","SEFR (netzerohub.sg) | National Environment Agency (NEA), Singapore | IPCC Fifth Assessment Report | AR5",2013-01-01,
246,gwp,r_401c_15_hfc_152a,,20.700000,kgCO2e/kg,"R-401C (15% HFC-152a) | This is the Global Warming Potential (GWP) of the associated Greenhouse Gas (GHG) contained in the refrigerant blend that is reportable under the United Nations Framework Convention on Climate Change (UNFCCC), following IPCC Fifth Assessment Report (AR5) ""Climate Change 2013: The Physical Science Basis"". | Boundary incl:  | excl: Hydrochlorofluorocarbon (HCFC) component in ","SEFR (netzerohub.sg) | National Environment Agency (NEA), Singapore | IPCC Fifth Assessment Report | AR5",2013-01-01,
247,gwp,r_422a_85_1_hfc_125_11_5_hfc_134a,,2847.170000,kgCO2e/kg,"R-422A (85.1% HFC-125; 11.5% HFC-134a) | This is the Global Warming Potential (GWP) of the associated Greenhouse Gas (GHG) contained in the refrigerant blend that is reportable under the United Nations Framework Convention on Climate Change (UNFCCC), following IPCC Fifth Assessment Report (AR5) ""Climate Change 2013: The Physical Science Basis"". | Boundary incl:  | excl: Hydrochlorofluorocarbon (HC","SEFR (netzerohub.sg) | National Environment Agency (NEA), Singapore | IPCC Fifth Assessment Report | AR5",2013-01-01,
248,gwp,r_405a_7_hfc_152a_42_5_pfc_318,,4064.160000,kgCO2e/kg,"R-405A (7% HFC-152a; 42.5% PFC-318) | This is the Global Warming Potential (GWP) of the associated Greenhouse Gas (GHG) contained in the refrigerant blend that is reportable under the United Nations Framework Convention on Climate Change (UNFCCC), following IPCC Fifth Assessment Report (AR5) ""Climate Change 2013: The Physical Science Basis"". | Boundary incl:  | excl: Hydrochlorofluorocarbon (HCFC)","SEFR (netzerohub.sg) | National Environment Agency (NEA), Singapore | IPCC Fifth Assessment Report | AR5",2013-01-01,
249,gwp,3_3_4_4_5_5_6_6_6_nonafluorohex_1_ene_c4f9ch_ch2,,1.000000,kgCO2e/kg,"3,3,4,4,5,5,6,6,6-Nonafluorohex-1-ene (C4F9CH=CH2) | This is the Global Warming Potential (GWP) of the associated Greenhouse Gas (GHG), following IPCC Fifth Assessment Report (AR5) ""Climate Change 2013: The Physical Science Basis"". | Boundary incl:  | excl: ","SEFR (netzerohub.sg) | National Environment Agency (NEA), Singapore | IPCC Fifth Assessment Report | AR5",2013-01-01,
250,gwp,hfc_236cb_ch2fcf2cf3,,1210.000000,kgCO2e/kg,"HFC-236cb (CH2FCF2CF3) | This is the Global Warming Potential (GWP) of the associated Greenhouse Gas (GHG), following IPCC Fifth Assessment Report (AR5) ""Climate Change 2013: The Physical Science Basis"". | Boundary incl:  | excl: ","SEFR (netzerohub.sg) | National Environment Agency (NEA), Singapore | IPCC Fifth Assessment Report | AR5",2013-01-01,
251,gwp,r_402b_38_hfc125,,1204.600000,kgCO2e/kg,"R-402B (38% HFC125) | This is the Global Warming Potential (GWP) of the associated Greenhouse Gas (GHG) contained in the refrigerant blend that is reportable under the United Nations Framework Convention on Climate Change (UNFCCC), following IPCC Fifth Assessment Report (AR5) ""Climate Change 2013: The Physical Science Basis"". | Boundary incl:  | excl: Hydrochlorofluorocarbon (HCFC) component in th","SEFR (netzerohub.sg) | National Environment Agency (NEA), Singapore | IPCC Fifth Assessment Report | AR5",2013-01-01,
252,gwp,hfc_236fa_cf3ch2cf3,,8060.000000,kgCO2e/kg,"HFC-236fa (CF3CH2CF3) | This is the Global Warming Potential (GWP) of the associated Greenhouse Gas (GHG), following IPCC Fifth Assessment Report (AR5) ""Climate Change 2013: The Physical Science Basis"". | Boundary incl:  | excl: ","SEFR (netzerohub.sg) | National Environment Agency (NEA), Singapore | IPCC Fifth Assessment Report | AR5",2013-01-01,
253,gwp,r_403a_20_pfc_218,,1780.000000,kgCO2e/kg,"R-403A (20% PFC-218) | This is the Global Warming Potential (GWP) of the associated Greenhouse Gas (GHG) contained in the refrigerant blend that is reportable under the United Nations Framework Convention on Climate Change (UNFCCC), following IPCC Fifth Assessment Report (AR5) ""Climate Change 2013: The Physical Science Basis"". | Boundary incl:  | excl: Hydrochlorofluorocarbon (HCFC) component in t","SEFR (netzerohub.sg) | National Environment Agency (NEA), Singapore | IPCC Fifth Assessment Report | AR5",2013-01-01,
254,gwp,pfc_51_14_n_c6f14,,7910.000000,kgCO2e/kg,"PFC-51-14 (n-C6F14) | This is the Global Warming Potential (GWP) of the associated Greenhouse Gas (GHG), following IPCC Fifth Assessment Report (AR5) ""Climate Change 2013: The Physical Science Basis"". | Boundary incl:  | excl: ","SEFR (netzerohub.sg) | National Environment Agency (NEA), Singapore | IPCC Fifth Assessment Report | AR5",2013-01-01,
255,gwp,r_507a_50_hfc_125_50_hfc_143a,,3985.000000,kgCO2e/kg,"R-507A  (50% HFC-125; 50% HFC-143a) | This is the Global Warming Potential (GWP) of the associated Greenhouse Gas (GHG) contained in the refrigerant blend that is reportable under the United Nations Framework Convention on Climate Change (UNFCCC), following IPCC Fifth Assessment Report (AR5) ""Climate Change 2013: The Physical Science Basis"". | Boundary incl:  | excl: Hydrochlorofluorocarbon (HCFC)","SEFR (netzerohub.sg) | National Environment Agency (NEA), Singapore | IPCC Fifth Assessment Report | AR5",2013-01-01,
256,gwp,octafluorocyclopentene_c5f8,,2.000000,kgCO2e/kg,"Octafluorocyclopentene (C5F8) | This is the Global Warming Potential (GWP) of the associated Greenhouse Gas (GHG), following IPCC Fifth Assessment Report (AR5) ""Climate Change 2013: The Physical Science Basis"". | Boundary incl:  | excl: ","SEFR (netzerohub.sg) | National Environment Agency (NEA), Singapore | IPCC Fifth Assessment Report | AR5",2013-01-01,
257,gwp,r_407f_30_hfc_32_30_hfc_125_40_hfc_134a,,1674.100000,kgCO2e/kg,"R-407F  (30% HFC-32; 30% HFC-125 40% HFC-134a) | This is the Global Warming Potential (GWP) of the associated Greenhouse Gas (GHG) contained in the refrigerant blend that is reportable under the United Nations Framework Convention on Climate Change (UNFCCC), following IPCC Fifth Assessment Report (AR5) ""Climate Change 2013: The Physical Science Basis"". | Boundary incl:  | excl: Hydrochlorofluoroca","SEFR (netzerohub.sg) | National Environment Agency (NEA), Singapore | IPCC Fifth Assessment Report | AR5",2013-01-01,
258,gwp,hfc_161_ch3ch2f,,4.000000,kgCO2e/kg,"HFC-161 (CH3CH2F) | This is the Global Warming Potential (GWP) of the associated Greenhouse Gas (GHG), following IPCC Fifth Assessment Report (AR5) ""Climate Change 2013: The Physical Science Basis"". | Boundary incl:  | excl: ","SEFR (netzerohub.sg) | National Environment Agency (NEA), Singapore | IPCC Fifth Assessment Report | AR5",2013-01-01,
259,gwp,r_504_48_2_hfc_32,,326.314000,kgCO2e/kg,"R-504 (48.2% HFC-32) | This is the Global Warming Potential (GWP) of the associated Greenhouse Gas (GHG) contained in the refrigerant blend that is reportable under the United Nations Framework Convention on Climate Change (UNFCCC), following IPCC Fifth Assessment Report (AR5) ""Climate Change 2013: The Physical Science Basis"". | Boundary incl:  | excl: Hydrochlorofluorocarbon (HCFC) component in t","SEFR (netzerohub.sg) | National Environment Agency (NEA), Singapore | IPCC Fifth Assessment Report | AR5",2013-01-01,
260,gwp,pfc_31_10_c4f10,,9200.000000,kgCO2e/kg,"PFC-31-10 (C4F10) | This is the Global Warming Potential (GWP) of the associated Greenhouse Gas (GHG), following IPCC Fifth Assessment Report (AR5) ""Climate Change 2013: The Physical Science Basis"". | Boundary incl:  | excl: ","SEFR (netzerohub.sg) | National Environment Agency (NEA), Singapore | IPCC Fifth Assessment Report | AR5",2013-01-01,
261,gwp,pfc_1114_cf2_cf2,,1.000000,kgCO2e/kg,"PFC-1114 (CF2=CF2) | This is the Global Warming Potential (GWP) of the associated Greenhouse Gas (GHG), following IPCC Fifth Assessment Report (AR5) ""Climate Change 2013: The Physical Science Basis"". | Boundary incl:  | excl: ","SEFR (netzerohub.sg) | National Environment Agency (NEA), Singapore | IPCC Fifth Assessment Report | AR5",2013-01-01,
262,gwp,perfluorobuta_1_3_diene_cf2_cfcf_cf2,,1.000000,kgCO2e/kg,"Perfluorobuta-1,3-diene (CF2=CFCF=CF2) | This is the Global Warming Potential (GWP) of the associated Greenhouse Gas (GHG), following IPCC Fifth Assessment Report (AR5) ""Climate Change 2013: The Physical Science Basis"". | Boundary incl:  | excl: ","SEFR (netzerohub.sg) | National Environment Agency (NEA), Singapore | IPCC Fifth Assessment Report | AR5",2013-01-01,
263,gwp,carbon_dioxide_co2,,1.000000,kgCO2e/kg,"Carbon dioxide (CO2) | This is the Global Warming Potential (GWP) of the associated Greenhouse Gas (GHG), following IPCC Fifth Assessment Report (AR5) ""Climate Change 2013: The Physical Science Basis"". | Boundary incl:  | excl: ","SEFR (netzerohub.sg) | National Environment Agency (NEA), Singapore | IPCC Fifth Assessment Report | AR5",2013-01-01,
264,ippu,flaring_in_conventional_oil_production,,57185.200000,kgCO2e/m3,Flaring in Conventional Oil Production | This datapoint references the 2006 IPCC Guidelines for National Greenhouse Gas Inventories and IPCC Fifth Assessment  Report (AR5). | Boundary incl: Only includes emissions from the flaring of oil during the oil production. | excl: Excludes emissions from the production of oil.,"SEFR (netzerohub.sg) | National Environment Agency (NEA), Singapore | 2006 IPCC Guidelines for National Greenhouse Gas Inventories | AR5",2024-01-01,
265,ippu,operation_of_coke_oven,,560.000000,kgCO2e/t,Operation of Coke Oven | This datapoint references the 2006 IPCC Guidelines for National Greenhouse Gas Inventories and IPCC Fifth Assessment  Report (AR5). | Boundary incl:  | excl: ,"SEFR (netzerohub.sg) | National Environment Agency (NEA), Singapore | 2006 IPCC Guidelines for National Greenhouse Gas Inventories | AR5",2024-01-01,
266,ippu,ethylene_oxide_production_air_process_without_thermal_abatem,,50983.000000,kgCO2e/t,"Ethylene Oxide Production, Air Process without thermal Abatement, Catalyst Selectivity (70 %, Default) | This datapoint references the 2006 IPCC Guidelines for National Greenhouse Gas Inventories and IPCC Fifth Assessment  Report (AR5). | Boundary incl: Only includes emissions from the combustion of the fuel. | excl: Excludes emissions upstream of the combustion of the fuel.","SEFR (netzerohub.sg) | National Environment Agency (NEA), Singapore | 2006 IPCC Guidelines for National Greenhouse Gas Inventories | AR5",2024-01-01,
267,ippu,ethylene_oxide_production_oxygen_process_without_thermal_aba,,50470.000000,kgCO2e/t,"Ethylene Oxide Production, Oxygen Process without thermal Abatement, Catalyst Selectivity (85 %) | This datapoint references the 2006 IPCC Guidelines for National Greenhouse Gas Inventories and IPCC Fifth Assessment  Report (AR5). | Boundary incl: Only includes emissions from the combustion of the fuel. | excl: Excludes emissions upstream of the combustion of the fuel.","SEFR (netzerohub.sg) | National Environment Agency (NEA), Singapore | 2006 IPCC Guidelines for National Greenhouse Gas Inventories | AR5",2024-01-01,
268,ippu,ethylene_production_propane_feedstock,,1434.000000,kgCO2e/t,"Ethylene Production, Propane feedstock | This datapoint references the 2006 IPCC Guidelines for National Greenhouse Gas Inventories and IPCC Fifth Assessment  Report (AR5). | Boundary incl: Only includes emissions from the production of the fuel. | excl: ","SEFR (netzerohub.sg) | National Environment Agency (NEA), Singapore | 2006 IPCC Guidelines for National Greenhouse Gas Inventories | AR5",2024-01-01,
269,ippu,operation_af_electric_arc_furnance_eaf,,80.000000,kgCO2e/t,"Operation af Electric Arc Furnance (EAF) | This datapoint references the 2006 IPCC Guidelines for National Greenhouse Gas Inventories and IPCC Fifth Assessment  Report (AR5). | Boundary incl:  | excl: As per pg 4.24 of IPCC 2006- Vol3 Chap 4 (Metal Industry), ""CH4 may be emitted from steel–making processes as well, however those emissions are assumed to be negligible. Therefore CH4 emissions from ","SEFR (netzerohub.sg) | National Environment Agency (NEA), Singapore | 2006 IPCC Guidelines for National Greenhouse Gas Inventories | AR5",2024-01-01,
270,ippu,operation_of_basic_oxygen_furnace_bof,,1460.000000,kgCO2e/t,"Operation of Basic Oxygen Furnace (BOF) | This datapoint references the 2006 IPCC Guidelines for National Greenhouse Gas Inventories and IPCC Fifth Assessment  Report (AR5). | Boundary incl:  | excl: As per pg 4.24 of IPCC 2006- Vol3 Chap 4 (Metal Industry), ""CH4 may be emitted from steel–making processes as well, however those emissions are assumed to be negligible. Therefore CH4 emissions from s","SEFR (netzerohub.sg) | National Environment Agency (NEA), Singapore | 2006 IPCC Guidelines for National Greenhouse Gas Inventories | AR5",2024-01-01,
271,ippu,ethylene_oxide_production_air_process_with_thermal_abatement,,22783.000000,kgCO2e/t,"Ethylene Oxide Production, Air Process with thermal Abatement, Catalyst Selectivity (75 %) | This datapoint references the 2006 IPCC Guidelines for National Greenhouse Gas Inventories and IPCC Fifth Assessment  Report (AR5). | Boundary incl: Only includes emissions from the combustion of the fuel. | excl: Excludes emissions upstream of the combustion of the fuel.","SEFR (netzerohub.sg) | National Environment Agency (NEA), Singapore | 2006 IPCC Guidelines for National Greenhouse Gas Inventories | AR5",2024-01-01,
272,ippu,production_of_direct_reduced_iron,,2.044000,kgCO2e/t,"Production of Direct Reduced Iron | This datapoint references the 2006 IPCC Guidelines for National Greenhouse Gas Inventories and IPCC Fifth Assessment  Report (AR5). For the purposes of Tier 1 emission calculations, it is assumed that the default fuel for production of Direct Reduced Iron is natural gas. | Boundary incl:  | excl: ","SEFR (netzerohub.sg) | National Environment Agency (NEA), Singapore | 2006 IPCC Guidelines for National Greenhouse Gas Inventories | AR5",2024-01-01,
273,ippu,ethylene_oxide_production_air_process_with_thermal_abatement,,22983.000000,kgCO2e/t,"Ethylene Oxide Production, Air Process with thermal Abatement, Catalyst Selectivity (70 %, Default) | This datapoint references the 2006 IPCC Guidelines for National Greenhouse Gas Inventories and IPCC Fifth Assessment  Report (AR5). | Boundary incl: Only includes emissions from the combustion of the fuel. | excl: Excludes emissions upstream of the combustion of the fuel.","SEFR (netzerohub.sg) | National Environment Agency (NEA), Singapore | 2006 IPCC Guidelines for National Greenhouse Gas Inventories | AR5",2024-01-01,
274,ippu,flaring_in_heavy_oil_cold_bitumen_production,,35486.950000,kgCO2e/m3,Flaring in Heavy Oil /Cold Bitumen Production | This datapoint references the 2006 IPCC Guidelines for National Greenhouse Gas Inventories and IPCC Fifth Assessment  Report (AR5). | Boundary incl: Only includes emissions from the flaring of oil/bitumen during the oil/bitumen production. | excl: Excludes emissions from the production of oil/bitumen.,"SEFR (netzerohub.sg) | National Environment Agency (NEA), Singapore | 2006 IPCC Guidelines for National Greenhouse Gas Inventories | AR5",2024-01-01,
275,ippu,flaring_in_sweet_gas_production,,2553.810000,kgCO2e/m3,Flaring in Sweet Gas Production | This datapoint references the 2006 IPCC Guidelines for National Greenhouse Gas Inventories and IPCC Fifth Assessment  Report (AR5). | Boundary incl: Only includes emissions from the flaring of gas during the gas production. | excl: Excludes emissions from the production of gas.,"SEFR (netzerohub.sg) | National Environment Agency (NEA), Singapore | 2006 IPCC Guidelines for National Greenhouse Gas Inventories | AR5",2024-01-01,
276,ippu,ethylene_production_butane_feedstock,,1434.000000,kgCO2e/t,"Ethylene Production, Butane feedstock | This datapoint references the 2006 IPCC Guidelines for National Greenhouse Gas Inventories and IPCC Fifth Assessment  Report (AR5). | Boundary incl: Only includes emissions from the production of the fuel. | excl: ","SEFR (netzerohub.sg) | National Environment Agency (NEA), Singapore | 2006 IPCC Guidelines for National Greenhouse Gas Inventories | AR5",2024-01-01,
277,ippu,ethylene_production_naphtha_feedstock,,2334.000000,kgCO2e/t,"Ethylene Production, Naphtha feedstock | This datapoint references the 2006 IPCC Guidelines for National Greenhouse Gas Inventories and IPCC Fifth Assessment  Report (AR5). | Boundary incl: Only includes emissions from the production of the fuel. | excl: ","SEFR (netzerohub.sg) | National Environment Agency (NEA), Singapore | 2006 IPCC Guidelines for National Greenhouse Gas Inventories | AR5",2024-01-01,
278,ippu,production_of_pellet,,30.000000,kgCO2e/t,Production of Pellet | This datapoint references the 2006 IPCC Guidelines for National Greenhouse Gas Inventories and IPCC Fifth Assessment  Report (AR5). | Boundary incl:  | excl: ,"SEFR (netzerohub.sg) | National Environment Agency (NEA), Singapore | 2006 IPCC Guidelines for National Greenhouse Gas Inventories | AR5",2024-01-01,
279,ippu,ethylene_oxide_production_oxygen_process_with_thermal_abatem,,22783.000000,kgCO2e/t,"Ethylene Oxide Production, Oxygen Process with thermal Abatement, Catalyst Selectivity (75 %, Default) | This datapoint references the 2006 IPCC Guidelines for National Greenhouse Gas Inventories and IPCC Fifth Assessment  Report (AR5). | Boundary incl: Only includes emissions from the combustion of the fuel. | excl: Excludes emissions upstream of the combustion of the fuel.","SEFR (netzerohub.sg) | National Environment Agency (NEA), Singapore | 2006 IPCC Guidelines for National Greenhouse Gas Inventories | AR5",2024-01-01,
280,ippu,production_of_iron,,1350.002800,kgCO2e/t,Production of Iron | This datapoint references the 2006 IPCC Guidelines for National Greenhouse Gas Inventories and IPCC Fifth Assessment  Report (AR5). | Boundary incl:  | excl: ,"SEFR (netzerohub.sg) | National Environment Agency (NEA), Singapore | 2006 IPCC Guidelines for National Greenhouse Gas Inventories | AR5",2024-01-01,
281,ippu,flaring_in_gas_production,,1635.685000,kgCO2e/m3,Flaring in Gas Production | This datapoint references the 2006 IPCC Guidelines for National Greenhouse Gas Inventories and IPCC Fifth Assessment  Report (AR5). | Boundary incl: Only includes emissions from the flaring of gas during the gas production. | excl: Excludes emissions from the production of gas.,"SEFR (netzerohub.sg) | National Environment Agency (NEA), Singapore | 2006 IPCC Guidelines for National Greenhouse Gas Inventories | AR5",2024-01-01,
282,ippu,operation_hf_open_hearth_furnace_ohf,,1720.000000,kgCO2e/t,"Operation hf Open Hearth Furnace (OHF) | This datapoint references the 2006 IPCC Guidelines for National Greenhouse Gas Inventories and IPCC Fifth Assessment  Report (AR5). | Boundary incl:  | excl: As per pg 4.24 of IPCC 2006- Vol3 Chap 4 (Metal Industry), ""CH4 may be emitted from steel–making processes as well, however those emissions are assumed to be negligible. Therefore CH4 emissions from st","SEFR (netzerohub.sg) | National Environment Agency (NEA), Singapore | 2006 IPCC Guidelines for National Greenhouse Gas Inventories | AR5",2024-01-01,
283,ippu,flaring_in_thermal_oil_production,,37703.450000,kgCO2e/m3,Flaring in Thermal Oil Production | This datapoint references the 2006 IPCC Guidelines for National Greenhouse Gas Inventories and IPCC Fifth Assessment  Report (AR5). | Boundary incl: Only includes emissions from the flaring of oil during the oil production. | excl: Excludes emissions from the production of oil.,"SEFR (netzerohub.sg) | National Environment Agency (NEA), Singapore | 2006 IPCC Guidelines for National Greenhouse Gas Inventories | AR5",2024-01-01,
284,ippu,ethylene_production_gas_oil_feedstock,,3064.000000,kgCO2e/t,"Ethylene Production, Gas Oil feedstock | This datapoint references the 2006 IPCC Guidelines for National Greenhouse Gas Inventories and IPCC Fifth Assessment  Report (AR5). | Boundary incl: Only includes emissions from the production of the fuel. | excl: ","SEFR (netzerohub.sg) | National Environment Agency (NEA), Singapore | 2006 IPCC Guidelines for National Greenhouse Gas Inventories | AR5",2024-01-01,
285,ippu,ethylene_oxide_production_oxygen_process_without_thermal_aba,,50783.000000,kgCO2e/t,"Ethylene Oxide Production, Oxygen Process without thermal Abatement, Catalyst Selectivity (75 %, Default) | This datapoint references the 2006 IPCC Guidelines for National Greenhouse Gas Inventories and IPCC Fifth Assessment  Report (AR5). | Boundary incl: Only includes emissions from the combustion of the fuel. | excl: Excludes emissions upstream of the combustion of the fuel.","SEFR (netzerohub.sg) | National Environment Agency (NEA), Singapore | 2006 IPCC Guidelines for National Greenhouse Gas Inventories | AR5",2024-01-01,
286,ippu,flaring_in_sour_gas_production,,5012.010000,kgCO2e/m3,Flaring in Sour Gas Production | This datapoint references the 2006 IPCC Guidelines for National Greenhouse Gas Inventories and IPCC Fifth Assessment  Report (AR5). | Boundary incl: Only includes emissions from the flaring of gas during the gas production. | excl: Excludes emissions from the production of gas.,"SEFR (netzerohub.sg) | National Environment Agency (NEA), Singapore | 2006 IPCC Guidelines for National Greenhouse Gas Inventories | AR5",2024-01-01,
287,ippu,production_of_sinter,,201.960000,kgCO2e/t,Production of Sinter | This datapoint references the 2006 IPCC Guidelines for National Greenhouse Gas Inventories and IPCC Fifth Assessment  Report (AR5). | Boundary incl:  | excl: ,"SEFR (netzerohub.sg) | National Environment Agency (NEA), Singapore | 2006 IPCC Guidelines for National Greenhouse Gas Inventories | AR5",2024-01-01,
288,ippu,ethylene_oxide_production_air_process_without_thermal_abatem,,50783.000000,kgCO2e/t,"Ethylene Oxide Production, Air Process without thermal Abatement, Catalyst Selectivity (75 %) | This datapoint references the 2006 IPCC Guidelines for National Greenhouse Gas Inventories and IPCC Fifth Assessment  Report (AR5). | Boundary incl: Only includes emissions from the combustion of the fuel. | excl: Excludes emissions upstream of the combustion of the fuel.","SEFR (netzerohub.sg) | National Environment Agency (NEA), Singapore | 2006 IPCC Guidelines for National Greenhouse Gas Inventories | AR5",2024-01-01,
317,waste,food,WtE,0.569794,kgCO2e/kg,"Incineration of food waste | Calculated based on 2006 IPCC Guidelines for National Greenhouse Gas Inventories | Boundary incl: Only considers emissions released from waste incineration. | excl: Excludes use stage and transport of waste, and ash to landfill","SEFR (netzerohub.sg) | National Environment Agency (NEA), Singapore | 2006 IPCC Guidelines for National Greenhouse Gas Inventories | AR5",2024-01-01,
289,ippu,ethylene_oxide_production_oxygen_process_without_thermal_aba,,50620.000000,kgCO2e/t,"Ethylene Oxide Production, Oxygen Process without thermal Abatement, Catalyst Selectivity (80 %) | This datapoint references the 2006 IPCC Guidelines for National Greenhouse Gas Inventories and IPCC Fifth Assessment  Report (AR5). | Boundary incl: Only includes emissions from the combustion of the fuel. | excl: Excludes emissions upstream of the combustion of the fuel.","SEFR (netzerohub.sg) | National Environment Agency (NEA), Singapore | 2006 IPCC Guidelines for National Greenhouse Gas Inventories | AR5",2024-01-01,
290,ippu,ethylene_oxide_production_air_process_without_thermal_abatem,,50620.000000,kgCO2e/t,"Ethylene Oxide Production, Air Process without thermal Abatement, Catalyst Selectivity (80 %) | This datapoint references the 2006 IPCC Guidelines for National Greenhouse Gas Inventories and IPCC Fifth Assessment  Report (AR5). | Boundary incl: Only includes emissions from the combustion of the fuel. | excl: Excludes emissions upstream of the combustion of the fuel.","SEFR (netzerohub.sg) | National Environment Agency (NEA), Singapore | 2006 IPCC Guidelines for National Greenhouse Gas Inventories | AR5",2024-01-01,
291,ippu,ethylene_oxide_production_oxygen_process_with_thermal_abatem,,22470.000000,kgCO2e/t,"Ethylene Oxide Production, Oxygen Process with thermal Abatement, Catalyst Selectivity (85 %) | This datapoint references the 2006 IPCC Guidelines for National Greenhouse Gas Inventories and IPCC Fifth Assessment  Report (AR5). | Boundary incl: Only includes emissions from the combustion of the fuel. | excl: Excludes emissions upstream of the combustion of the fuel.","SEFR (netzerohub.sg) | National Environment Agency (NEA), Singapore | 2006 IPCC Guidelines for National Greenhouse Gas Inventories | AR5",2024-01-01,
292,ippu,ethylene_production_ethane_feedstock,,1408.000000,kgCO2e/t,"Ethylene Production, Ethane feedstock | This datapoint references the 2006 IPCC Guidelines for National Greenhouse Gas Inventories and IPCC Fifth Assessment  Report (AR5). | Boundary incl: Only includes emissions from the production of the fuel. | excl: ","SEFR (netzerohub.sg) | National Environment Agency (NEA), Singapore | 2006 IPCC Guidelines for National Greenhouse Gas Inventories | AR5",2024-01-01,
293,ippu,ethylene_oxide_production_air_process_with_thermal_abatement,,22620.000000,kgCO2e/t,"Ethylene Oxide Production, Air Process with thermal Abatement, Catalyst Selectivity (80 %) | This datapoint references the 2006 IPCC Guidelines for National Greenhouse Gas Inventories and IPCC Fifth Assessment  Report (AR5). | Boundary incl: Only includes emissions from the combustion of the fuel. | excl: Excludes emissions upstream of the combustion of the fuel.","SEFR (netzerohub.sg) | National Environment Agency (NEA), Singapore | 2006 IPCC Guidelines for National Greenhouse Gas Inventories | AR5",2024-01-01,
294,ippu,ethylene_oxide_production_oxygen_process_with_thermal_abatem,,22620.000000,kgCO2e/t,"Ethylene Oxide Production, Oxygen Process with thermal Abatement, Catalyst Selectivity (80 %) | This datapoint references the 2006 IPCC Guidelines for National Greenhouse Gas Inventories and IPCC Fifth Assessment  Report (AR5). | Boundary incl: Only includes emissions from the combustion of the fuel. | excl: Excludes emissions upstream of the combustion of the fuel.","SEFR (netzerohub.sg) | National Environment Agency (NEA), Singapore | 2006 IPCC Guidelines for National Greenhouse Gas Inventories | AR5",2024-01-01,
295,ict,virtual_machine_memory_optimized,,0.019852,kgCO2e/Instance-hour,"Virtual Machine - Memory Optimized | Represents the emission factor associated with the use of virtual machines designed to provide high performance for workloads that require large datasets to be processed directly in memory. These instances are well suited for in-memory databases, large-scale data analytics, and enterprise applications that depend on low-latency access to data. The value is repr",SEFR (netzerohub.sg) | Infocomm Media Developent Authority of Singapore (IMDA) | GHGP-Corporate | AR6,2026-01-01,
296,ict,virtual_machine_general_purpose,,0.000533,kgCO2e/Instance-hour,"Virtual Machine - General Purpose | Represents the emission factor associated with the use of virtual machines with balanced compute, memory, and networking resources commonly used for general workloads such as web hosting and application development. The value is represented as per instance-hour.  The value is calculated based on the typical infrastructure used to support such services, localized",SEFR (netzerohub.sg) | Infocomm Media Developent Authority of Singapore (IMDA) | GHGP-Corporate | AR6,2026-01-01,
297,ict,cloud_storage_hot_tier,,0.000034,kgCO2e/copy-GB-month,"Cloud Storage - Hot Tier | Represents the emission factor associated with the use of cloud storage designed for data that is frequently accessed and requires low-latency retrieval. The value is calculated based on the typical infrastructure used to support such services, local GEF, as well as PUE based on market allocation. The value also includes the average scope 1 emission associated with the l",SEFR (netzerohub.sg) | Infocomm Media Developent Authority of Singapore (IMDA) | GHGP-Corporate | AR6,2026-01-01,
298,ict,virtual_machine_compute_optimized,,0.004230,kgCO2e/Instance-hour,"Virtual Machine - Compute Optimized | Represents the emission factor associated with virtual machines used for compute-intensive workloads that rely on high-performance processors. Typical workload examples include batch processing, media transcoding, and dedicated game servers. The value is represented as per instance-hour. The value is calculated based on the typical infrastructure used to suppo",SEFR (netzerohub.sg) | Infocomm Media Developent Authority of Singapore (IMDA) | GHGP-Corporate | AR6,2026-01-01,
299,ict,cloud_storage_cold_tier,,0.000009,kgCO2e/copy-GB-month,"Cloud Storage - Cold Tier | Represents the emission factor associated with the use of cloud storage designed for data that is infrequently accessed and optimised for long-term, low-cost storage.The value is represented as per GB per copy/replica per month. The value is calculated based on the typical infrastructure used to support such services, local GEF, as well as PUE based on market allocation",SEFR (netzerohub.sg) | Infocomm Media Developent Authority of Singapore (IMDA) | GHGP-Corporate | AR6,2026-01-01,
300,transport,internal_combustion_engine_ice_car,,0.173200,kgCO2e/person-km,Internal Combustion Engine (ICE) Car | Tank-to-wheel emission factor for ICE cars in Singapore assuming an average car occupancy rate of 1.4. | Boundary incl: Use phase of the ICE car (i.e. combustion emissions) | excl: The emission factors represent combustion emissions only (tank-to-wheel) and do not include upstream emissions.,"SEFR (netzerohub.sg) | Ministry of Transport (MOT), Singapore | ISO 14040 & 14044 | AR5",2024-01-01,
301,transport,train,,0.014800,kgCO2e/person-km,Train | The train emission factor is calculated based on train traction energy consumption from Singapore's rail network and the national GEF. | Boundary incl: Use phase of the train (i.e. grid emissions) | excl: The emission factors were derived based on electricity consumption in the use phase and do not include upstream emissions.,"SEFR (netzerohub.sg) | Ministry of Transport (MOT), Singapore |  A Corporate Accounting and Reporting Standard | AR5",2024-01-01,
302,transport,public_bus,,0.073700,kgCO2e/person-km,"Public Bus | The public bus emissions factor is calculated based on the existing composition of LTA’s public bus fleet in 2022, which comprises primarily diesel buses, and a number of e-buses and diesel hybrid buses (DHBs). As LTA transits to a 100% cleaner energy bus fleet by 2040, the public bus emissions factor will decrease. The emission factors of e-buses, DHBs and diesel buses are 0.04, 0.06","SEFR (netzerohub.sg) | Ministry of Transport (MOT), Singapore |  A Corporate Accounting and Reporting Standard | AR5",2024-01-01,
303,transport,hybrid_car,,0.134300,kgCO2e/person-km,Hybrid Car | Tank-to-wheel emission factor for hybrid cars in Singapore assuming an average car occupancy rate of 1.4. | Boundary incl: Use phase of the hybrid car (i.e. combustion emissions) | excl: The emission factors represent combustion emissions only (tank-to-wheel) and do not include upstream emissions.,"SEFR (netzerohub.sg) | Ministry of Transport (MOT), Singapore | ISO 14040 & 14044 | AR5",2024-01-01,
304,transport,battery_electric_car,,0.061800,kgCO2e/person-km,"Battery Electric Car | Tank-to-wheel emission factor for battery electric cars in Singapore assuming an average car occupancy rate of 1.4.

MOT had previously announced in 2022 that emissions from a battery electric car were approximately half that of an ICE car. This was derived from equipment manufacturer specifications, which may have been based on other countries’ GEFs. Upon taking into accoun","SEFR (netzerohub.sg) | Ministry of Transport (MOT), Singapore | ISO 14040 & 14044 | AR5",2024-01-01,
305,grid,upstream_fugitive_methane_emissions_factor,,0.002020,kgCO2e/kWh,"Upstream Fugitive Methane Emissions Factor | undefined | Boundary incl: The MEF measures the fugitive methane emission associated with fuel extraction, processing, liquefaction, transportation and re-gasification of natural gas. | excl: ","SEFR (netzerohub.sg) | Energy Market Authority (EMA), Singapore | 2006 IPCC Guidelines for National Greenhouse Gas Inventories | AR5",2022-01-01,
306,grid,upstream_fugitive_methane_emissions_factor,,0.002120,kgCO2e/kWh,"Upstream Fugitive Methane Emissions Factor | undefined | Boundary incl: The MEF measures the fugitive methane emission associated with fuel extraction, processing, liquefaction, transportation and re-gasification of natural gas. | excl: ","SEFR (netzerohub.sg) | Energy Market Authority (EMA), Singapore | 2006 IPCC Guidelines for National Greenhouse Gas Inventories | AR5",2020-01-01,
307,grid,operating_margin_grid_emissions_factor,,0.409000,kgCO2e/kWh,Operating Margin Grid Emissions Factor | This datapoint includes carbon dioxide (CO2) only. | Boundary incl: The OM GEF measures the amount of emissions associated with the combustion of fuel within the power plant facility. | excl: ,"SEFR (netzerohub.sg) | Energy Market Authority (EMA), Singapore | 2006 IPCC Guidelines for National Greenhouse Gas Inventories | AR5",2021-01-01,
308,grid,upstream_fugitive_methane_emissions_factor,,0.002070,kgCO2e/kWh,"Upstream Fugitive Methane Emissions Factor | undefined | Boundary incl: The MEF measures the fugitive methane emission associated with fuel extraction, processing, liquefaction, transportation and re-gasification of natural gas. | excl: ","SEFR (netzerohub.sg) | Energy Market Authority (EMA), Singapore | 2006 IPCC Guidelines for National Greenhouse Gas Inventories | AR5",2023-01-01,
309,grid,operating_margin_grid_emissions_factor,,0.417000,kgCO2e/kWh,Operating Margin Grid Emissions Factor | This datapoint includes carbon dioxide (CO2) only. | Boundary incl: The OM GEF measures the amount of emissions associated with the combustion of fuel within the power plant facility. | excl: ,"SEFR (netzerohub.sg) | Energy Market Authority (EMA), Singapore | 2006 IPCC Guidelines for National Greenhouse Gas Inventories | AR5",2022-01-01,
310,grid,operating_margin_grid_emissions_factor,,0.407000,kgCO2e/kWh,Operating Margin Grid Emissions Factor | This datapoint includes carbon dioxide (CO2) only. | Boundary incl: The OM GEF measures the amount of emissions associated with the combustion of fuel within the power plant facility. | excl: ,"SEFR (netzerohub.sg) | Energy Market Authority (EMA), Singapore | 2006 IPCC Guidelines for National Greenhouse Gas Inventories | AR5",2020-01-01,
311,grid,upstream_fugitive_methane_emissions_factor,,0.002100,kgCO2e/kWh,"Upstream Fugitive Methane Emissions Factor | undefined | Boundary incl: The MEF measures the fugitive methane emission associated with fuel extraction, processing, liquefaction, transportation and re-gasification of natural gas. | excl: ","SEFR (netzerohub.sg) | Energy Market Authority (EMA), Singapore | 2006 IPCC Guidelines for National Greenhouse Gas Inventories | AR5",2021-01-01,
312,grid,operating_margin_grid_emissions_factor,,0.412000,kgCO2e/kWh,Operating Margin Grid Emissions Factor | This datapoint includes carbon dioxide (CO2) only. | Boundary incl: The OM GEF measures the amount of emissions associated with the combustion of fuel within the power plant facility. | excl: ,"SEFR (netzerohub.sg) | Energy Market Authority (EMA), Singapore | 2006 IPCC Guidelines for National Greenhouse Gas Inventories | AR5",2023-01-01,
313,water,potable_water_and_newater,,0.566200,kgCO2e/m3,"Potable Water and NEWater | Singapore Water Emission Intensity is based on the Scope 1 and 2 emissions of Singapore’s Water Sector. This includes Scope 1 and 2 emissions from PUB facilities, aligned to PUB’s GreenGov.SG reporting submissions. It also includes Scope 1 and 2 emissions from NEWater and Desalination Design, Build, Own and Operate (DBOO) facilities, and Scope 1 emissions from sludge in","SEFR (netzerohub.sg) | Public Utilities Board (PUB), Singapore |  A Corporate Accounting and Reporting Standard | AR5",2023-04-01,
314,waste,textile,WtE,1.479127,kgCO2e/kg,"Incineration of textile waste | Calculated based on 2006 IPCC Guidelines for National Greenhouse Gas Inventories | Boundary incl: Only considers emissions released from waste incineration. | excl: Excludes use stage and transport of waste, and ash to landfill","SEFR (netzerohub.sg) | National Environment Agency (NEA), Singapore | 2006 IPCC Guidelines for National Greenhouse Gas Inventories | AR5",2024-01-01,
315,waste,plastics,WtE,2.762461,kgCO2e/kg,"Incineration of  plastics waste | Calculated based on 2006 IPCC Guidelines for National Greenhouse Gas Inventories | Boundary incl: Only considers emissions released from waste incineration. | excl: Excludes use stage and transport of waste, and ash to landfill","SEFR (netzerohub.sg) | National Environment Agency (NEA), Singapore | 2006 IPCC Guidelines for National Greenhouse Gas Inventories | AR5",2024-01-01,
316,waste,rubber_and_leather,WtE,2.076061,kgCO2e/kg,"Incineration of rubber and leather waste | Calculated based on 2006 IPCC Guidelines for National Greenhouse Gas Inventories | Boundary incl: Only considers emissions released from waste incineration. | excl: Excludes use stage and transport of waste, and ash to landfill","SEFR (netzerohub.sg) | National Environment Agency (NEA), Singapore | 2006 IPCC Guidelines for National Greenhouse Gas Inventories | AR5",2024-01-01,
318,waste,wood_products,WtE,1.570794,kgCO2e/kg,"Incineration of wood products waste | Calculated based on 2006 IPCC Guidelines for National Greenhouse Gas Inventories | Boundary incl: Only considers emissions released from waste incineration. | excl: Excludes use stage and transport of waste, and ash to landfill","SEFR (netzerohub.sg) | National Environment Agency (NEA), Singapore | 2006 IPCC Guidelines for National Greenhouse Gas Inventories | AR5",2024-01-01,
319,waste,other,WtE,0.111461,kgCO2e/kg,"Incineration of other waste | Calculated based on 2006 IPCC Guidelines for National Greenhouse Gas Inventories | Boundary incl: Only considers emissions released from waste incineration. | excl: Excludes use stage and transport of waste, and ash to landfill","SEFR (netzerohub.sg) | National Environment Agency (NEA), Singapore | 2006 IPCC Guidelines for National Greenhouse Gas Inventories | AR5",2024-01-01,
320,waste,glass,WtE,0.012461,kgCO2e/kg,"Incineration of glass waste | Calculated based on 2006 IPCC Guidelines for National Greenhouse Gas Inventories | Boundary incl: Only considers emissions released from waste incineration. | excl: Excludes use stage and transport of waste, and ash to landfill","SEFR (netzerohub.sg) | National Environment Agency (NEA), Singapore | 2006 IPCC Guidelines for National Greenhouse Gas Inventories | AR5",2024-01-01,
321,waste,metal,WtE,0.012461,kgCO2e/kg,"Incineration of metal waste | Calculated based on 2006 IPCC Guidelines for National Greenhouse Gas Inventories | Boundary incl: Only considers emissions released from waste incineration. | excl: Excludes use stage and transport of waste, and ash to landfill","SEFR (netzerohub.sg) | National Environment Agency (NEA), Singapore | 2006 IPCC Guidelines for National Greenhouse Gas Inventories | AR5",2024-01-01,
322,waste,paper_cardboard,WtE,1.530461,kgCO2e/kg,"Incineration of paper/cardboard waste | Calculated based on 2006 IPCC Guidelines for National Greenhouse Gas Inventories | Boundary incl: Only considers emissions released from waste incineration. | excl: Excludes use stage and transport of waste, and ash to landfill","SEFR (netzerohub.sg) | National Environment Agency (NEA), Singapore | 2006 IPCC Guidelines for National Greenhouse Gas Inventories | AR5",2024-01-01,
323,waste,garden_and_park,WtE,0.731127,kgCO2e/kg,"Incineration of garden and park waste | Calculated based on 2006 IPCC Guidelines for National Greenhouse Gas Inventories | Boundary incl: Only considers emissions released from waste incineration. | excl: Excludes use stage and transport of waste, and ash to landfill","SEFR (netzerohub.sg) | National Environment Agency (NEA), Singapore | 2006 IPCC Guidelines for National Greenhouse Gas Inventories | AR5",2024-01-01,
324,waste,nappies,WtE,1.039127,kgCO2e/kg,"Incineration of nappies waste | Calculated based on 2006 IPCC Guidelines for National Greenhouse Gas Inventories | Boundary incl: Only considers emissions released from waste incineration. | excl: Excludes use stage and transport of waste, and ash to landfill","SEFR (netzerohub.sg) | National Environment Agency (NEA), Singapore | 2006 IPCC Guidelines for National Greenhouse Gas Inventories | AR5",2024-01-01,
8,waste,plastics,WtE,2.762461,tCO2e/t,"Incineration of plastics waste | Calculated based on 2006 IPCC Guidelines | Boundary incl: Only considers emissions released from waste incineration | excl: Excludes use stage and transport of waste, and ash to landfill | Fossil-origin carbon - counts in full under NEA carbon-tax reporting.","SEFR (netzerohub.sg) | National Environment Agency (NEA), Singapore | 2006 IPCC Guidelines for National Greenhouse Gas Inventories | AR5",2024-01-01,
1,fuel,diesel,,2.678000,kgCO2e/L,"Diesel 2.678 kgCO2e/L. SEFR publishes the equivalent as Combustion of Gas / Diesel Oil = 3196.749 kgCO2e/tonne (2024). Converting to a per-litre basis needs a stated diesel density (approx 0.845 kg/L gives 2.701 kgCO2e/L). UNRESOLVED: adopt the SEFR-derived 2.701 with the density stated, or keep 2.678. Difference is 0.9 percent.","SEFR (netzerohub.sg) - Combustion of Gas / Diesel Oil, 3196.749 kgCO2e/t | NEA | 2006 IPCC Guidelines | AR5",2026-07-24,
2,grid,sg_grid,,0.402000,kgCO2e/kWh,"Singapore average Grid Emission Factor 0.402 kgCO2/kWh for year 2024. EMA verbatim: ""Singapore average GEF decreased from 0.412 kg CO2/kWh in 2023 to 0.402 kg CO2/kWh in 2024."" GEF covers all grid-connected generation including waste-to-energy and solar. NOTE: SEFR publishes Operating Margin, a different metric - do not substitute it.","EMA Singapore Energy Statistics 2025, Chapter 2: Energy Transformation, Grid Emission Factor. Verified 5 Aug 2026.",2024-01-01,
4,avoided,general_waste,recovery,0.111461,tCO2e/t,Avoided emissions basis: material diverted from incineration avoids exactly what incinerating it would have emitted. Equal to the SEFR incineration factor for the same material (other waste). Conservative - excludes any credit for displacing virgin material production.,"Derived from SEFR (netzerohub.sg) incineration factor, other waste | NEA | 2006 IPCC Guidelines | AR5",2026-07-31,
5,avoided,paper_cardboard,recovery,1.530461,tCO2e/t,"Avoided emissions for recycled paper/cardboard = the SEFR incineration factor for paper/cardboard, i.e. the incineration avoided. Conservative - excludes credit for displacing virgin pulp.","Derived from SEFR incineration factor, paper/cardboard | NEA | 2006 IPCC Guidelines | AR5",2026-07-24,
6,avoided,plastics,recovery,2.762461,tCO2e/t,"Avoided emissions for recycled plastics = the SEFR incineration factor for plastics, i.e. the incineration avoided. Applies to PIL Cat A, recycled by Asia Recycling. Conservative - excludes credit for displacing virgin polymer.","Derived from SEFR incineration factor, plastics | NEA | 2006 IPCC Guidelines | AR5",2026-07-24,
7,avoided,metal,recovery,0.012461,tCO2e/t,"Avoided emissions for recycled metal = the SEFR incineration factor for metal, i.e. the incineration avoided. WARNING: on this basis metal recycling appears almost worthless (metal barely burns). The real climate benefit of metal recycling is avoided virgin smelting, which this basis deliberately EXCLUDES. If that benefit is ever to be claimed, it needs a life-cycle source such as US EPA WARM and must be disclosed as a different basis.","Derived from SEFR incineration factor, metal | NEA | 2006 IPCC Guidelines | AR5",2026-07-24,
